Building...
[23:16:53 INF] Now listening on: http://localhost:5170
[23:16:53 INF] Application started. Press Ctrl+C to shut down.
[23:16:53 INF] Hosting environment: Development
[23:16:53 INF] Content root path: C:\VISHAL\Codes\CoilManager\src\CoilManager.API
[23:17:25 WRN] Failed to determine the https port for redirect.
[23:17:25 INF] HTTP OPTIONS /api/sales-orders responded 204 in 3.9706 ms
[23:17:26 WRN] Entity 'SlitCoil' has a global query filter defined and is the required end of a relationship with the entity 'SlitCoilLabelPrintHistory'. This may lead to unexpected results when the required entity is filtered out. Either configure the navigation as optional, or define matching query filters for both entities in the navigation. See https://go.microsoft.com/fwlink/?linkid=2131316 for more information.
[23:17:26 WRN] Entity 'RawCoil' has a global query filter defined and is the required end of a relationship with the entity 'SlittingJob'. This may lead to unexpected results when the required entity is filtered out. Either configure the navigation as optional, or define matching query filters for both entities in the navigation. See https://go.microsoft.com/fwlink/?linkid=2131316 for more information.
[23:17:26 WRN] Entity 'User' has a global query filter defined and is the required end of a relationship with the entity 'UserRole'. This may lead to unexpected results when the required entity is filtered out. Either configure the navigation as optional, or define matching query filters for both entities in the navigation. See https://go.microsoft.com/fwlink/?linkid=2131316 for more information.
[23:17:27 INF] Executed DbCommand (25ms) [Parameters=[], CommandType='Text', CommandTimeout='30']
SELECT COUNT(*)
FROM [sales].[SalesOrders] AS [s]
[23:17:27 INF] Executed DbCommand (15ms) [Parameters=[@__p_0='?' (DbType = Int32), @__p_1='?' (DbType = Int32)], CommandType='Text', CommandTimeout='30']
SELECT [t].[Id], [t].[BillingAddress], [t].[CancellationReason], [t].[CancelledBy], [t].[CancelledOn], [t].[ConfirmedBy], [t].[ConfirmedOn], [t].[ContactEmail], [t].[ContactPerson], [t].[ContactPhone], [t].[CreatedAtUtc], [t].[CreatedBy], [t].[Currency], [t].[CustomerCode], [t].[CustomerId], [t].[CustomerName], [t].[CustomerPODate], [t].[CustomerPONumber], [t].[CustomerRemarks], [t].[InternalRemarks], [t].[OrderDate], [t].[PaymentTerms], [t].[Priority], [t].[RequiredDeliveryDate], [t].[RowVersion], [t].[SalesOrderNumber], [t].[ShippingAddress], [t].[Status], [t].[TaxAmount], [t].[UpdatedAtUtc], [t].[UpdatedBy], [s0].[Id], [s0].[Category], [s0].[CoreLossPerKg], [s0].[CreatedOn], [s0].[CustomerItemReference], [s0].[Description], [s0].[DispatchedQuantity], [s0].[DrawingNumber], [s0].[DrawingRevision], [s0].[FulfilledQuantity], [s0].[GradeCode], [s0].[GradeId], [s0].[Length], [s0].[LineAmount], [s0].[LineNumber], [s0].[ModifiedOn], [s0].[OEMJobNumber], [s0].[OrderedQuantity], [s0].[ProductType], [s0].[QuantityUnit], [s0].[ReadyQuantity], [s0].[Remarks], [s0].[RequiredDeliveryDate], [s0].[SalesOrderId], [s0].[Thickness], [s0].[TransformerRating], [s0].[UnitPrice], [s0].[Width], [s0].[WorkOrderStatus]
FROM (
    SELECT [s].[Id], [s].[BillingAddress], [s].[CancellationReason], [s].[CancelledBy], [s].[CancelledOn], [s].[ConfirmedBy], [s].[ConfirmedOn], [s].[ContactEmail], [s].[ContactPerson], [s].[ContactPhone], [s].[CreatedAtUtc], [s].[CreatedBy], [s].[Currency], [s].[CustomerCode], [s].[CustomerId], [s].[CustomerName], [s].[CustomerPODate], [s].[CustomerPONumber], [s].[CustomerRemarks], [s].[InternalRemarks], [s].[OrderDate], [s].[PaymentTerms], [s].[Priority], [s].[RequiredDeliveryDate], [s].[RowVersion], [s].[SalesOrderNumber], [s].[ShippingAddress], [s].[Status], [s].[TaxAmount], [s].[UpdatedAtUtc], [s].[UpdatedBy]
    FROM [sales].[SalesOrders] AS [s]
    ORDER BY [s].[OrderDate] DESC, [s].[SalesOrderNumber] DESC
    OFFSET @__p_0 ROWS FETCH NEXT @__p_1 ROWS ONLY
) AS [t]
LEFT JOIN [sales].[SalesOrderLines] AS [s0] ON [t].[Id] = [s0].[SalesOrderId]
ORDER BY [t].[OrderDate] DESC, [t].[SalesOrderNumber] DESC, [t].[Id]
[23:17:27 INF] HTTP GET /api/sales-orders responded 200 in 1949.1936 ms
[23:17:30 INF] HTTP OPTIONS /api/lookups/grades responded 204 in 0.5468 ms
[23:17:30 INF] HTTP OPTIONS /api/sales-orders/next-number responded 204 in 0.5284 ms
[23:17:30 INF] HTTP OPTIONS /api/customers responded 204 in 0.5403 ms
[23:17:30 INF] Executed DbCommand (3ms) [Parameters=[@__isActive_0='?' (DbType = Boolean)], CommandType='Text', CommandTimeout='30']
SELECT COUNT(*)
FROM [sales].[Customers] AS [c]
WHERE [c].[IsActive] = @__isActive_0
[23:17:30 INF] Executed DbCommand (8ms) [Parameters=[], CommandType='Text', CommandTimeout='30']
SELECT [g].[Id], [g].[Code], [g].[Name], [g].[ThicknessMm], [g].[Category], [g].[CoreLossPerKg]
FROM [app].[Grades] AS [g]
WHERE [g].[IsActive] = CAST(1 AS bit)
ORDER BY [g].[Code]
[23:17:30 INF] Executed DbCommand (3ms) [Parameters=[@__prefix_0_startswith='?' (Size = 30)], CommandType='Text', CommandTimeout='30']
SELECT TOP(1) [s].[SalesOrderNumber]
FROM [sales].[SalesOrders] AS [s]
WHERE [s].[SalesOrderNumber] LIKE @__prefix_0_startswith ESCAPE N'\'
ORDER BY [s].[SalesOrderNumber] DESC
[23:17:30 INF] Executed DbCommand (4ms) [Parameters=[@__isActive_0='?' (DbType = Boolean), @__p_1='?' (DbType = Int32), @__p_2='?' (DbType = Int32)], CommandType='Text', CommandTimeout='30']
SELECT [c].[Id], [c].[BillingAddress], [c].[City], [c].[ContactPerson], [c].[Country], [c].[CreatedAtUtc], [c].[CreatedBy], [c].[CreditDays], [c].[CustomerCode], [c].[CustomerName], [c].[Email], [c].[GSTNumber], [c].[IsActive], [c].[PAN], [c].[PaymentTerms], [c].[Phone], [c].[PostalCode], [c].[Remarks], [c].[RowVersion], [c].[ShippingAddress], [c].[ShortName], [c].[State], [c].[UpdatedAtUtc], [c].[UpdatedBy]
FROM [sales].[Customers] AS [c]
WHERE [c].[IsActive] = @__isActive_0
ORDER BY [c].[CustomerCode]
OFFSET @__p_1 ROWS FETCH NEXT @__p_2 ROWS ONLY
[23:17:30 INF] HTTP GET /api/sales-orders/next-number responded 200 in 101.7456 ms
[23:17:30 INF] HTTP GET /api/lookups/grades responded 200 in 102.4619 ms
[23:17:30 INF] HTTP GET /api/customers responded 200 in 113.7598 ms
[23:17:30 INF] HTTP OPTIONS /api/sales-orders/34cc9218-a2fa-4d02-870d-791792276082 responded 204 in 0.0709 ms
[23:17:30 INF] Executed DbCommand (4ms) [Parameters=[@__id_0='?' (DbType = Guid)], CommandType='Text', CommandTimeout='30']
SELECT [t].[Id], [t].[BillingAddress], [t].[CancellationReason], [t].[CancelledBy], [t].[CancelledOn], [t].[ConfirmedBy], [t].[ConfirmedOn], [t].[ContactEmail], [t].[ContactPerson], [t].[ContactPhone], [t].[CreatedAtUtc], [t].[CreatedBy], [t].[Currency], [t].[CustomerCode], [t].[CustomerId], [t].[CustomerName], [t].[CustomerPODate], [t].[CustomerPONumber], [t].[CustomerRemarks], [t].[InternalRemarks], [t].[OrderDate], [t].[PaymentTerms], [t].[Priority], [t].[RequiredDeliveryDate], [t].[RowVersion], [t].[SalesOrderNumber], [t].[ShippingAddress], [t].[Status], [t].[TaxAmount], [t].[UpdatedAtUtc], [t].[UpdatedBy], [t].[Id0], [t].[BillingAddress0], [t].[City], [t].[ContactPerson0], [t].[Country], [t].[CreatedAtUtc0], [t].[CreatedBy0], [t].[CreditDays], [t].[CustomerCode0], [t].[CustomerName0], [t].[Email], [t].[GSTNumber], [t].[IsActive], [t].[PAN], [t].[PaymentTerms0], [t].[Phone], [t].[PostalCode], [t].[Remarks], [t].[RowVersion0], [t].[ShippingAddress0], [t].[ShortName], [t].[State], [t].[UpdatedAtUtc0], [t].[UpdatedBy0], [s0].[Id], [s0].[Category], [s0].[CoreLossPerKg], [s0].[CreatedOn], [s0].[CustomerItemReference], [s0].[Description], [s0].[DispatchedQuantity], [s0].[DrawingNumber], [s0].[DrawingRevision], [s0].[FulfilledQuantity], [s0].[GradeCode], [s0].[GradeId], [s0].[Length], [s0].[LineAmount], [s0].[LineNumber], [s0].[ModifiedOn], [s0].[OEMJobNumber], [s0].[OrderedQuantity], [s0].[ProductType], [s0].[QuantityUnit], [s0].[ReadyQuantity], [s0].[Remarks], [s0].[RequiredDeliveryDate], [s0].[SalesOrderId], [s0].[Thickness], [s0].[TransformerRating], [s0].[UnitPrice], [s0].[Width], [s0].[WorkOrderStatus]
FROM (
    SELECT TOP(1) [s].[Id], [s].[BillingAddress], [s].[CancellationReason], [s].[CancelledBy], [s].[CancelledOn], [s].[ConfirmedBy], [s].[ConfirmedOn], [s].[ContactEmail], [s].[ContactPerson], [s].[ContactPhone], [s].[CreatedAtUtc], [s].[CreatedBy], [s].[Currency], [s].[CustomerCode], [s].[CustomerId], [s].[CustomerName], [s].[CustomerPODate], [s].[CustomerPONumber], [s].[CustomerRemarks], [s].[InternalRemarks], [s].[OrderDate], [s].[PaymentTerms], [s].[Priority], [s].[RequiredDeliveryDate], [s].[RowVersion], [s].[SalesOrderNumber], [s].[ShippingAddress], [s].[Status], [s].[TaxAmount], [s].[UpdatedAtUtc], [s].[UpdatedBy], [c].[Id] AS [Id0], [c].[BillingAddress] AS [BillingAddress0], [c].[City], [c].[ContactPerson] AS [ContactPerson0], [c].[Country], [c].[CreatedAtUtc] AS [CreatedAtUtc0], [c].[CreatedBy] AS [CreatedBy0], [c].[CreditDays], [c].[CustomerCode] AS [CustomerCode0], [c].[CustomerName] AS [CustomerName0], [c].[Email], [c].[GSTNumber], [c].[IsActive], [c].[PAN], [c].[PaymentTerms] AS [PaymentTerms0], [c].[Phone], [c].[PostalCode], [c].[Remarks], [c].[RowVersion] AS [RowVersion0], [c].[ShippingAddress] AS [ShippingAddress0], [c].[ShortName], [c].[State], [c].[UpdatedAtUtc] AS [UpdatedAtUtc0], [c].[UpdatedBy] AS [UpdatedBy0]
    FROM [sales].[SalesOrders] AS [s]
    INNER JOIN [sales].[Customers] AS [c] ON [s].[CustomerId] = [c].[Id]
    WHERE [s].[Id] = @__id_0
) AS [t]
LEFT JOIN [sales].[SalesOrderLines] AS [s0] ON [t].[Id] = [s0].[SalesOrderId]
ORDER BY [t].[Id], [t].[Id0]
[23:17:30 INF] HTTP GET /api/sales-orders/34cc9218-a2fa-4d02-870d-791792276082 responded 200 in 46.9273 ms
[23:17:36 INF] HTTP OPTIONS /api/sales-orders/34cc9218-a2fa-4d02-870d-791792276082 responded 204 in 0.2455 ms
[23:17:36 INF] Executed DbCommand (1ms) [Parameters=[@__id_0='?' (DbType = Guid)], CommandType='Text', CommandTimeout='30']
SELECT [t].[Id], [t].[BillingAddress], [t].[CancellationReason], [t].[CancelledBy], [t].[CancelledOn], [t].[ConfirmedBy], [t].[ConfirmedOn], [t].[ContactEmail], [t].[ContactPerson], [t].[ContactPhone], [t].[CreatedAtUtc], [t].[CreatedBy], [t].[Currency], [t].[CustomerCode], [t].[CustomerId], [t].[CustomerName], [t].[CustomerPODate], [t].[CustomerPONumber], [t].[CustomerRemarks], [t].[InternalRemarks], [t].[OrderDate], [t].[PaymentTerms], [t].[Priority], [t].[RequiredDeliveryDate], [t].[RowVersion], [t].[SalesOrderNumber], [t].[ShippingAddress], [t].[Status], [t].[TaxAmount], [t].[UpdatedAtUtc], [t].[UpdatedBy], [t].[Id0], [t].[BillingAddress0], [t].[City], [t].[ContactPerson0], [t].[Country], [t].[CreatedAtUtc0], [t].[CreatedBy0], [t].[CreditDays], [t].[CustomerCode0], [t].[CustomerName0], [t].[Email], [t].[GSTNumber], [t].[IsActive], [t].[PAN], [t].[PaymentTerms0], [t].[Phone], [t].[PostalCode], [t].[Remarks], [t].[RowVersion0], [t].[ShippingAddress0], [t].[ShortName], [t].[State], [t].[UpdatedAtUtc0], [t].[UpdatedBy0], [s0].[Id], [s0].[Category], [s0].[CoreLossPerKg], [s0].[CreatedOn], [s0].[CustomerItemReference], [s0].[Description], [s0].[DispatchedQuantity], [s0].[DrawingNumber], [s0].[DrawingRevision], [s0].[FulfilledQuantity], [s0].[GradeCode], [s0].[GradeId], [s0].[Length], [s0].[LineAmount], [s0].[LineNumber], [s0].[ModifiedOn], [s0].[OEMJobNumber], [s0].[OrderedQuantity], [s0].[ProductType], [s0].[QuantityUnit], [s0].[ReadyQuantity], [s0].[Remarks], [s0].[RequiredDeliveryDate], [s0].[SalesOrderId], [s0].[Thickness], [s0].[TransformerRating], [s0].[UnitPrice], [s0].[Width], [s0].[WorkOrderStatus]
FROM (
    SELECT TOP(1) [s].[Id], [s].[BillingAddress], [s].[CancellationReason], [s].[CancelledBy], [s].[CancelledOn], [s].[ConfirmedBy], [s].[ConfirmedOn], [s].[ContactEmail], [s].[ContactPerson], [s].[ContactPhone], [s].[CreatedAtUtc], [s].[CreatedBy], [s].[Currency], [s].[CustomerCode], [s].[CustomerId], [s].[CustomerName], [s].[CustomerPODate], [s].[CustomerPONumber], [s].[CustomerRemarks], [s].[InternalRemarks], [s].[OrderDate], [s].[PaymentTerms], [s].[Priority], [s].[RequiredDeliveryDate], [s].[RowVersion], [s].[SalesOrderNumber], [s].[ShippingAddress], [s].[Status], [s].[TaxAmount], [s].[UpdatedAtUtc], [s].[UpdatedBy], [c].[Id] AS [Id0], [c].[BillingAddress] AS [BillingAddress0], [c].[City], [c].[ContactPerson] AS [ContactPerson0], [c].[Country], [c].[CreatedAtUtc] AS [CreatedAtUtc0], [c].[CreatedBy] AS [CreatedBy0], [c].[CreditDays], [c].[CustomerCode] AS [CustomerCode0], [c].[CustomerName] AS [CustomerName0], [c].[Email], [c].[GSTNumber], [c].[IsActive], [c].[PAN], [c].[PaymentTerms] AS [PaymentTerms0], [c].[Phone], [c].[PostalCode], [c].[Remarks], [c].[RowVersion] AS [RowVersion0], [c].[ShippingAddress] AS [ShippingAddress0], [c].[ShortName], [c].[State], [c].[UpdatedAtUtc] AS [UpdatedAtUtc0], [c].[UpdatedBy] AS [UpdatedBy0]
    FROM [sales].[SalesOrders] AS [s]
    INNER JOIN [sales].[Customers] AS [c] ON [s].[CustomerId] = [c].[Id]
    WHERE [s].[Id] = @__id_0
) AS [t]
LEFT JOIN [sales].[SalesOrderLines] AS [s0] ON [t].[Id] = [s0].[SalesOrderId]
ORDER BY [t].[Id], [t].[Id0]
[23:17:36 WRN] Savepoints are disabled because Multiple Active Result Sets (MARS) is enabled. If 'SaveChanges' fails, then the transaction cannot be automatically rolled back to a known clean state. Instead, the transaction should be rolled back by the application before retrying 'SaveChanges'. See https://go.microsoft.com/fwlink/?linkid=2149338 for more information and examples. To identify the code which triggers this warning, call 'ConfigureWarnings(w => w.Throw(SqlServerEventId.SavepointsDisabledBecauseOfMARS))'.
[23:17:36 INF] Executed DbCommand (2ms) [Parameters=[@p0='?' (DbType = Guid)], CommandType='Text', CommandTimeout='30']
SET IMPLICIT_TRANSACTIONS OFF;
SET NOCOUNT ON;
DELETE FROM [sales].[SalesOrderLines]
OUTPUT 1
WHERE [Id] = @p0;
[23:17:36 INF] Executed DbCommand (1ms) [Parameters=[@__r_CustomerId_0='?' (DbType = Guid)], CommandType='Text', CommandTimeout='30']
SELECT TOP(1) [c].[Id], [c].[BillingAddress], [c].[City], [c].[ContactPerson], [c].[Country], [c].[CreatedAtUtc], [c].[CreatedBy], [c].[CreditDays], [c].[CustomerCode], [c].[CustomerName], [c].[Email], [c].[GSTNumber], [c].[IsActive], [c].[PAN], [c].[PaymentTerms], [c].[Phone], [c].[PostalCode], [c].[Remarks], [c].[RowVersion], [c].[ShippingAddress], [c].[ShortName], [c].[State], [c].[UpdatedAtUtc], [c].[UpdatedBy]
FROM [sales].[Customers] AS [c]
WHERE [c].[Id] = @__r_CustomerId_0
[23:17:36 INF] Executed DbCommand (1ms) [Parameters=[@__r_GradeId_0='?' (DbType = Guid)], CommandType='Text', CommandTimeout='30']
SELECT TOP(1) [g].[Id], [g].[Category], [g].[Code], [g].[CoreLossPerKg], [g].[CreatedAtUtc], [g].[CreatedBy], [g].[Description], [g].[IsActive], [g].[Name], [g].[RowVersion], [g].[ThicknessMm], [g].[UpdatedAtUtc], [g].[UpdatedBy]
FROM [app].[Grades] AS [g]
WHERE [g].[Id] = @__r_GradeId_0 AND [g].[IsActive] = CAST(1 AS bit)
[23:17:36 WRN] Savepoints are disabled because Multiple Active Result Sets (MARS) is enabled. If 'SaveChanges' fails, then the transaction cannot be automatically rolled back to a known clean state. Instead, the transaction should be rolled back by the application before retrying 'SaveChanges'. See https://go.microsoft.com/fwlink/?linkid=2149338 for more information and examples. To identify the code which triggers this warning, call 'ConfigureWarnings(w => w.Throw(SqlServerEventId.SavepointsDisabledBecauseOfMARS))'.
[23:17:36 INF] Executed DbCommand (5ms) [Parameters=[@p0='?' (DbType = Guid), @p1='?' (Size = 4000), @p2='?' (Precision = 18) (Scale = 4) (DbType = Decimal), @p3='?' (DbType = DateTimeOffset), @p4='?' (Size = 4000), @p5='?' (Size = 500), @p6='?' (Precision = 18) (Scale = 3) (DbType = Decimal), @p7='?' (Size = 4000), @p8='?' (Size = 4000), @p9='?' (Precision = 18) (Scale = 3) (DbType = Decimal), @p10='?' (Size = 4000), @p11='?' (DbType = Guid), @p12='?' (Precision = 18) (Scale = 3) (DbType = Decimal), @p13='?' (Precision = 18) (Scale = 2) (DbType = Decimal), @p14='?' (DbType = Int32), @p15='?' (DbType = DateTimeOffset), @p16='?' (Size = 4000), @p17='?' (Precision = 18) (Scale = 3) (DbType = Decimal), @p18='?' (Size = 30), @p19='?' (Size = 20), @p20='?' (Precision = 18) (Scale = 3) (DbType = Decimal), @p21='?' (Size = 4000), @p22='?' (DbType = Date), @p23='?' (DbType = Guid), @p24='?' (Precision = 18) (Scale = 3) (DbType = Decimal), @p25='?' (Size = 4000), @p26='?' (Precision = 18) (Scale = 2) (DbType = Decimal), @p27='?' (Precision = 18) (Scale = 3) (DbType = Decimal), @p28='?' (Size = 4000), @p31='?' (DbType = Guid), @p29='?' (Precision = 18) (Scale = 2) (DbType = Decimal), @p30='?' (DbType = DateTimeOffset)], CommandType='Text', CommandTimeout='30']
SET NOCOUNT ON;
INSERT INTO [sales].[SalesOrderLines] ([Id], [Category], [CoreLossPerKg], [CreatedOn], [CustomerItemReference], [Description], [DispatchedQuantity], [DrawingNumber], [DrawingRevision], [FulfilledQuantity], [GradeCode], [GradeId], [Length], [LineAmount], [LineNumber], [ModifiedOn], [OEMJobNumber], [OrderedQuantity], [ProductType], [QuantityUnit], [ReadyQuantity], [Remarks], [RequiredDeliveryDate], [SalesOrderId], [Thickness], [TransformerRating], [UnitPrice], [Width], [WorkOrderStatus])
VALUES (@p0, @p1, @p2, @p3, @p4, @p5, @p6, @p7, @p8, @p9, @p10, @p11, @p12, @p13, @p14, @p15, @p16, @p17, @p18, @p19, @p20, @p21, @p22, @p23, @p24, @p25, @p26, @p27, @p28);
UPDATE [sales].[SalesOrders] SET [TaxAmount] = @p29, [UpdatedAtUtc] = @p30
OUTPUT INSERTED.[RowVersion]
WHERE [Id] = @p31;
[23:17:36 INF] HTTP PUT /api/sales-orders/34cc9218-a2fa-4d02-870d-791792276082 responded 200 in 463.7843 ms
[23:17:36 INF] Executed DbCommand (1ms) [Parameters=[@__id_0='?' (DbType = Guid)], CommandType='Text', CommandTimeout='30']
SELECT [t].[Id], [t].[BillingAddress], [t].[CancellationReason], [t].[CancelledBy], [t].[CancelledOn], [t].[ConfirmedBy], [t].[ConfirmedOn], [t].[ContactEmail], [t].[ContactPerson], [t].[ContactPhone], [t].[CreatedAtUtc], [t].[CreatedBy], [t].[Currency], [t].[CustomerCode], [t].[CustomerId], [t].[CustomerName], [t].[CustomerPODate], [t].[CustomerPONumber], [t].[CustomerRemarks], [t].[InternalRemarks], [t].[OrderDate], [t].[PaymentTerms], [t].[Priority], [t].[RequiredDeliveryDate], [t].[RowVersion], [t].[SalesOrderNumber], [t].[ShippingAddress], [t].[Status], [t].[TaxAmount], [t].[UpdatedAtUtc], [t].[UpdatedBy], [t].[Id0], [t].[BillingAddress0], [t].[City], [t].[ContactPerson0], [t].[Country], [t].[CreatedAtUtc0], [t].[CreatedBy0], [t].[CreditDays], [t].[CustomerCode0], [t].[CustomerName0], [t].[Email], [t].[GSTNumber], [t].[IsActive], [t].[PAN], [t].[PaymentTerms0], [t].[Phone], [t].[PostalCode], [t].[Remarks], [t].[RowVersion0], [t].[ShippingAddress0], [t].[ShortName], [t].[State], [t].[UpdatedAtUtc0], [t].[UpdatedBy0], [s0].[Id], [s0].[Category], [s0].[CoreLossPerKg], [s0].[CreatedOn], [s0].[CustomerItemReference], [s0].[Description], [s0].[DispatchedQuantity], [s0].[DrawingNumber], [s0].[DrawingRevision], [s0].[FulfilledQuantity], [s0].[GradeCode], [s0].[GradeId], [s0].[Length], [s0].[LineAmount], [s0].[LineNumber], [s0].[ModifiedOn], [s0].[OEMJobNumber], [s0].[OrderedQuantity], [s0].[ProductType], [s0].[QuantityUnit], [s0].[ReadyQuantity], [s0].[Remarks], [s0].[RequiredDeliveryDate], [s0].[SalesOrderId], [s0].[Thickness], [s0].[TransformerRating], [s0].[UnitPrice], [s0].[Width], [s0].[WorkOrderStatus]
FROM (
    SELECT TOP(1) [s].[Id], [s].[BillingAddress], [s].[CancellationReason], [s].[CancelledBy], [s].[CancelledOn], [s].[ConfirmedBy], [s].[ConfirmedOn], [s].[ContactEmail], [s].[ContactPerson], [s].[ContactPhone], [s].[CreatedAtUtc], [s].[CreatedBy], [s].[Currency], [s].[CustomerCode], [s].[CustomerId], [s].[CustomerName], [s].[CustomerPODate], [s].[CustomerPONumber], [s].[CustomerRemarks], [s].[InternalRemarks], [s].[OrderDate], [s].[PaymentTerms], [s].[Priority], [s].[RequiredDeliveryDate], [s].[RowVersion], [s].[SalesOrderNumber], [s].[ShippingAddress], [s].[Status], [s].[TaxAmount], [s].[UpdatedAtUtc], [s].[UpdatedBy], [c].[Id] AS [Id0], [c].[BillingAddress] AS [BillingAddress0], [c].[City], [c].[ContactPerson] AS [ContactPerson0], [c].[Country], [c].[CreatedAtUtc] AS [CreatedAtUtc0], [c].[CreatedBy] AS [CreatedBy0], [c].[CreditDays], [c].[CustomerCode] AS [CustomerCode0], [c].[CustomerName] AS [CustomerName0], [c].[Email], [c].[GSTNumber], [c].[IsActive], [c].[PAN], [c].[PaymentTerms] AS [PaymentTerms0], [c].[Phone], [c].[PostalCode], [c].[Remarks], [c].[RowVersion] AS [RowVersion0], [c].[ShippingAddress] AS [ShippingAddress0], [c].[ShortName], [c].[State], [c].[UpdatedAtUtc] AS [UpdatedAtUtc0], [c].[UpdatedBy] AS [UpdatedBy0]
    FROM [sales].[SalesOrders] AS [s]
    INNER JOIN [sales].[Customers] AS [c] ON [s].[CustomerId] = [c].[Id]
    WHERE [s].[Id] = @__id_0
) AS [t]
LEFT JOIN [sales].[SalesOrderLines] AS [s0] ON [t].[Id] = [s0].[SalesOrderId]
ORDER BY [t].[Id], [t].[Id0]
[23:17:36 INF] HTTP GET /api/sales-orders/34cc9218-a2fa-4d02-870d-791792276082 responded 200 in 10.9829 ms
[23:17:40 INF] HTTP OPTIONS /api/sales-orders responded 204 in 0.0641 ms
[23:17:40 INF] Executed DbCommand (1ms) [Parameters=[], CommandType='Text', CommandTimeout='30']
SELECT COUNT(*)
FROM [sales].[SalesOrders] AS [s]
[23:17:40 INF] Executed DbCommand (1ms) [Parameters=[@__p_0='?' (DbType = Int32), @__p_1='?' (DbType = Int32)], CommandType='Text', CommandTimeout='30']
SELECT [t].[Id], [t].[BillingAddress], [t].[CancellationReason], [t].[CancelledBy], [t].[CancelledOn], [t].[ConfirmedBy], [t].[ConfirmedOn], [t].[ContactEmail], [t].[ContactPerson], [t].[ContactPhone], [t].[CreatedAtUtc], [t].[CreatedBy], [t].[Currency], [t].[CustomerCode], [t].[CustomerId], [t].[CustomerName], [t].[CustomerPODate], [t].[CustomerPONumber], [t].[CustomerRemarks], [t].[InternalRemarks], [t].[OrderDate], [t].[PaymentTerms], [t].[Priority], [t].[RequiredDeliveryDate], [t].[RowVersion], [t].[SalesOrderNumber], [t].[ShippingAddress], [t].[Status], [t].[TaxAmount], [t].[UpdatedAtUtc], [t].[UpdatedBy], [s0].[Id], [s0].[Category], [s0].[CoreLossPerKg], [s0].[CreatedOn], [s0].[CustomerItemReference], [s0].[Description], [s0].[DispatchedQuantity], [s0].[DrawingNumber], [s0].[DrawingRevision], [s0].[FulfilledQuantity], [s0].[GradeCode], [s0].[GradeId], [s0].[Length], [s0].[LineAmount], [s0].[LineNumber], [s0].[ModifiedOn], [s0].[OEMJobNumber], [s0].[OrderedQuantity], [s0].[ProductType], [s0].[QuantityUnit], [s0].[ReadyQuantity], [s0].[Remarks], [s0].[RequiredDeliveryDate], [s0].[SalesOrderId], [s0].[Thickness], [s0].[TransformerRating], [s0].[UnitPrice], [s0].[Width], [s0].[WorkOrderStatus]
FROM (
    SELECT [s].[Id], [s].[BillingAddress], [s].[CancellationReason], [s].[CancelledBy], [s].[CancelledOn], [s].[ConfirmedBy], [s].[ConfirmedOn], [s].[ContactEmail], [s].[ContactPerson], [s].[ContactPhone], [s].[CreatedAtUtc], [s].[CreatedBy], [s].[Currency], [s].[CustomerCode], [s].[CustomerId], [s].[CustomerName], [s].[CustomerPODate], [s].[CustomerPONumber], [s].[CustomerRemarks], [s].[InternalRemarks], [s].[OrderDate], [s].[PaymentTerms], [s].[Priority], [s].[RequiredDeliveryDate], [s].[RowVersion], [s].[SalesOrderNumber], [s].[ShippingAddress], [s].[Status], [s].[TaxAmount], [s].[UpdatedAtUtc], [s].[UpdatedBy]
    FROM [sales].[SalesOrders] AS [s]
    ORDER BY [s].[OrderDate] DESC, [s].[SalesOrderNumber] DESC
    OFFSET @__p_0 ROWS FETCH NEXT @__p_1 ROWS ONLY
) AS [t]
LEFT JOIN [sales].[SalesOrderLines] AS [s0] ON [t].[Id] = [s0].[SalesOrderId]
ORDER BY [t].[OrderDate] DESC, [t].[SalesOrderNumber] DESC, [t].[Id]
[23:17:40 INF] HTTP GET /api/sales-orders responded 200 in 6.8454 ms
[23:18:26 INF] HTTP OPTIONS /api/sales-orders responded 204 in 0.1582 ms
[23:18:26 INF] Executed DbCommand (2ms) [Parameters=[], CommandType='Text', CommandTimeout='30']
SELECT COUNT(*)
FROM [sales].[SalesOrders] AS [s]
[23:18:26 INF] Executed DbCommand (1ms) [Parameters=[@__p_0='?' (DbType = Int32), @__p_1='?' (DbType = Int32)], CommandType='Text', CommandTimeout='30']
SELECT [t].[Id], [t].[BillingAddress], [t].[CancellationReason], [t].[CancelledBy], [t].[CancelledOn], [t].[ConfirmedBy], [t].[ConfirmedOn], [t].[ContactEmail], [t].[ContactPerson], [t].[ContactPhone], [t].[CreatedAtUtc], [t].[CreatedBy], [t].[Currency], [t].[CustomerCode], [t].[CustomerId], [t].[CustomerName], [t].[CustomerPODate], [t].[CustomerPONumber], [t].[CustomerRemarks], [t].[InternalRemarks], [t].[OrderDate], [t].[PaymentTerms], [t].[Priority], [t].[RequiredDeliveryDate], [t].[RowVersion], [t].[SalesOrderNumber], [t].[ShippingAddress], [t].[Status], [t].[TaxAmount], [t].[UpdatedAtUtc], [t].[UpdatedBy], [s0].[Id], [s0].[Category], [s0].[CoreLossPerKg], [s0].[CreatedOn], [s0].[CustomerItemReference], [s0].[Description], [s0].[DispatchedQuantity], [s0].[DrawingNumber], [s0].[DrawingRevision], [s0].[FulfilledQuantity], [s0].[GradeCode], [s0].[GradeId], [s0].[Length], [s0].[LineAmount], [s0].[LineNumber], [s0].[ModifiedOn], [s0].[OEMJobNumber], [s0].[OrderedQuantity], [s0].[ProductType], [s0].[QuantityUnit], [s0].[ReadyQuantity], [s0].[Remarks], [s0].[RequiredDeliveryDate], [s0].[SalesOrderId], [s0].[Thickness], [s0].[TransformerRating], [s0].[UnitPrice], [s0].[Width], [s0].[WorkOrderStatus]
FROM (
    SELECT [s].[Id], [s].[BillingAddress], [s].[CancellationReason], [s].[CancelledBy], [s].[CancelledOn], [s].[ConfirmedBy], [s].[ConfirmedOn], [s].[ContactEmail], [s].[ContactPerson], [s].[ContactPhone], [s].[CreatedAtUtc], [s].[CreatedBy], [s].[Currency], [s].[CustomerCode], [s].[CustomerId], [s].[CustomerName], [s].[CustomerPODate], [s].[CustomerPONumber], [s].[CustomerRemarks], [s].[InternalRemarks], [s].[OrderDate], [s].[PaymentTerms], [s].[Priority], [s].[RequiredDeliveryDate], [s].[RowVersion], [s].[SalesOrderNumber], [s].[ShippingAddress], [s].[Status], [s].[TaxAmount], [s].[UpdatedAtUtc], [s].[UpdatedBy]
    FROM [sales].[SalesOrders] AS [s]
    ORDER BY [s].[OrderDate] DESC, [s].[SalesOrderNumber] DESC
    OFFSET @__p_0 ROWS FETCH NEXT @__p_1 ROWS ONLY
) AS [t]
LEFT JOIN [sales].[SalesOrderLines] AS [s0] ON [t].[Id] = [s0].[SalesOrderId]
ORDER BY [t].[OrderDate] DESC, [t].[SalesOrderNumber] DESC, [t].[Id]
[23:18:26 INF] HTTP GET /api/sales-orders responded 200 in 8.8480 ms
[23:19:06 INF] HTTP OPTIONS /api/sales-orders responded 204 in 0.2121 ms
[23:19:06 INF] Executed DbCommand (0ms) [Parameters=[], CommandType='Text', CommandTimeout='30']
SELECT COUNT(*)
FROM [sales].[SalesOrders] AS [s]
[23:19:06 INF] Executed DbCommand (1ms) [Parameters=[@__p_0='?' (DbType = Int32), @__p_1='?' (DbType = Int32)], CommandType='Text', CommandTimeout='30']
SELECT [t].[Id], [t].[BillingAddress], [t].[CancellationReason], [t].[CancelledBy], [t].[CancelledOn], [t].[ConfirmedBy], [t].[ConfirmedOn], [t].[ContactEmail], [t].[ContactPerson], [t].[ContactPhone], [t].[CreatedAtUtc], [t].[CreatedBy], [t].[Currency], [t].[CustomerCode], [t].[CustomerId], [t].[CustomerName], [t].[CustomerPODate], [t].[CustomerPONumber], [t].[CustomerRemarks], [t].[InternalRemarks], [t].[OrderDate], [t].[PaymentTerms], [t].[Priority], [t].[RequiredDeliveryDate], [t].[RowVersion], [t].[SalesOrderNumber], [t].[ShippingAddress], [t].[Status], [t].[TaxAmount], [t].[UpdatedAtUtc], [t].[UpdatedBy], [s0].[Id], [s0].[Category], [s0].[CoreLossPerKg], [s0].[CreatedOn], [s0].[CustomerItemReference], [s0].[Description], [s0].[DispatchedQuantity], [s0].[DrawingNumber], [s0].[DrawingRevision], [s0].[FulfilledQuantity], [s0].[GradeCode], [s0].[GradeId], [s0].[Length], [s0].[LineAmount], [s0].[LineNumber], [s0].[ModifiedOn], [s0].[OEMJobNumber], [s0].[OrderedQuantity], [s0].[ProductType], [s0].[QuantityUnit], [s0].[ReadyQuantity], [s0].[Remarks], [s0].[RequiredDeliveryDate], [s0].[SalesOrderId], [s0].[Thickness], [s0].[TransformerRating], [s0].[UnitPrice], [s0].[Width], [s0].[WorkOrderStatus]
FROM (
    SELECT [s].[Id], [s].[BillingAddress], [s].[CancellationReason], [s].[CancelledBy], [s].[CancelledOn], [s].[ConfirmedBy], [s].[ConfirmedOn], [s].[ContactEmail], [s].[ContactPerson], [s].[ContactPhone], [s].[CreatedAtUtc], [s].[CreatedBy], [s].[Currency], [s].[CustomerCode], [s].[CustomerId], [s].[CustomerName], [s].[CustomerPODate], [s].[CustomerPONumber], [s].[CustomerRemarks], [s].[InternalRemarks], [s].[OrderDate], [s].[PaymentTerms], [s].[Priority], [s].[RequiredDeliveryDate], [s].[RowVersion], [s].[SalesOrderNumber], [s].[ShippingAddress], [s].[Status], [s].[TaxAmount], [s].[UpdatedAtUtc], [s].[UpdatedBy]
    FROM [sales].[SalesOrders] AS [s]
    ORDER BY [s].[OrderDate] DESC, [s].[SalesOrderNumber] DESC
    OFFSET @__p_0 ROWS FETCH NEXT @__p_1 ROWS ONLY
) AS [t]
LEFT JOIN [sales].[SalesOrderLines] AS [s0] ON [t].[Id] = [s0].[SalesOrderId]
ORDER BY [t].[OrderDate] DESC, [t].[SalesOrderNumber] DESC, [t].[Id]
[23:19:06 INF] HTTP GET /api/sales-orders responded 200 in 6.3317 ms
[23:19:11 INF] HTTP OPTIONS /api/customers responded 204 in 0.0744 ms
[23:19:11 INF] HTTP OPTIONS /api/lookups/grades responded 204 in 0.1467 ms
[23:19:11 INF] HTTP OPTIONS /api/sales-orders/next-number responded 204 in 0.0611 ms
[23:19:11 INF] Executed DbCommand (1ms) [Parameters=[@__isActive_0='?' (DbType = Boolean)], CommandType='Text', CommandTimeout='30']
SELECT COUNT(*)
FROM [sales].[Customers] AS [c]
WHERE [c].[IsActive] = @__isActive_0
[23:19:11 INF] Executed DbCommand (0ms) [Parameters=[@__prefix_0_startswith='?' (Size = 30)], CommandType='Text', CommandTimeout='30']
SELECT TOP(1) [s].[SalesOrderNumber]
FROM [sales].[SalesOrders] AS [s]
WHERE [s].[SalesOrderNumber] LIKE @__prefix_0_startswith ESCAPE N'\'
ORDER BY [s].[SalesOrderNumber] DESC
[23:19:11 INF] HTTP GET /api/sales-orders/next-number responded 200 in 2.8137 ms
[23:19:11 INF] Executed DbCommand (1ms) [Parameters=[@__isActive_0='?' (DbType = Boolean), @__p_1='?' (DbType = Int32), @__p_2='?' (DbType = Int32)], CommandType='Text', CommandTimeout='30']
SELECT [c].[Id], [c].[BillingAddress], [c].[City], [c].[ContactPerson], [c].[Country], [c].[CreatedAtUtc], [c].[CreatedBy], [c].[CreditDays], [c].[CustomerCode], [c].[CustomerName], [c].[Email], [c].[GSTNumber], [c].[IsActive], [c].[PAN], [c].[PaymentTerms], [c].[Phone], [c].[PostalCode], [c].[Remarks], [c].[RowVersion], [c].[ShippingAddress], [c].[ShortName], [c].[State], [c].[UpdatedAtUtc], [c].[UpdatedBy]
FROM [sales].[Customers] AS [c]
WHERE [c].[IsActive] = @__isActive_0
ORDER BY [c].[CustomerCode]
OFFSET @__p_1 ROWS FETCH NEXT @__p_2 ROWS ONLY
[23:19:11 INF] Executed DbCommand (0ms) [Parameters=[], CommandType='Text', CommandTimeout='30']
SELECT [g].[Id], [g].[Code], [g].[Name], [g].[ThicknessMm], [g].[Category], [g].[CoreLossPerKg]
FROM [app].[Grades] AS [g]
WHERE [g].[IsActive] = CAST(1 AS bit)
ORDER BY [g].[Code]
[23:19:11 INF] HTTP GET /api/customers responded 200 in 4.6250 ms
[23:19:11 INF] HTTP GET /api/lookups/grades responded 200 in 4.7836 ms
[23:19:11 INF] HTTP OPTIONS /api/sales-orders/34cc9218-a2fa-4d02-870d-791792276082 responded 204 in 0.0423 ms
[23:19:11 INF] Executed DbCommand (1ms) [Parameters=[@__id_0='?' (DbType = Guid)], CommandType='Text', CommandTimeout='30']
SELECT [t].[Id], [t].[BillingAddress], [t].[CancellationReason], [t].[CancelledBy], [t].[CancelledOn], [t].[ConfirmedBy], [t].[ConfirmedOn], [t].[ContactEmail], [t].[ContactPerson], [t].[ContactPhone], [t].[CreatedAtUtc], [t].[CreatedBy], [t].[Currency], [t].[CustomerCode], [t].[CustomerId], [t].[CustomerName], [t].[CustomerPODate], [t].[CustomerPONumber], [t].[CustomerRemarks], [t].[InternalRemarks], [t].[OrderDate], [t].[PaymentTerms], [t].[Priority], [t].[RequiredDeliveryDate], [t].[RowVersion], [t].[SalesOrderNumber], [t].[ShippingAddress], [t].[Status], [t].[TaxAmount], [t].[UpdatedAtUtc], [t].[UpdatedBy], [t].[Id0], [t].[BillingAddress0], [t].[City], [t].[ContactPerson0], [t].[Country], [t].[CreatedAtUtc0], [t].[CreatedBy0], [t].[CreditDays], [t].[CustomerCode0], [t].[CustomerName0], [t].[Email], [t].[GSTNumber], [t].[IsActive], [t].[PAN], [t].[PaymentTerms0], [t].[Phone], [t].[PostalCode], [t].[Remarks], [t].[RowVersion0], [t].[ShippingAddress0], [t].[ShortName], [t].[State], [t].[UpdatedAtUtc0], [t].[UpdatedBy0], [s0].[Id], [s0].[Category], [s0].[CoreLossPerKg], [s0].[CreatedOn], [s0].[CustomerItemReference], [s0].[Description], [s0].[DispatchedQuantity], [s0].[DrawingNumber], [s0].[DrawingRevision], [s0].[FulfilledQuantity], [s0].[GradeCode], [s0].[GradeId], [s0].[Length], [s0].[LineAmount], [s0].[LineNumber], [s0].[ModifiedOn], [s0].[OEMJobNumber], [s0].[OrderedQuantity], [s0].[ProductType], [s0].[QuantityUnit], [s0].[ReadyQuantity], [s0].[Remarks], [s0].[RequiredDeliveryDate], [s0].[SalesOrderId], [s0].[Thickness], [s0].[TransformerRating], [s0].[UnitPrice], [s0].[Width], [s0].[WorkOrderStatus]
FROM (
    SELECT TOP(1) [s].[Id], [s].[BillingAddress], [s].[CancellationReason], [s].[CancelledBy], [s].[CancelledOn], [s].[ConfirmedBy], [s].[ConfirmedOn], [s].[ContactEmail], [s].[ContactPerson], [s].[ContactPhone], [s].[CreatedAtUtc], [s].[CreatedBy], [s].[Currency], [s].[CustomerCode], [s].[CustomerId], [s].[CustomerName], [s].[CustomerPODate], [s].[CustomerPONumber], [s].[CustomerRemarks], [s].[InternalRemarks], [s].[OrderDate], [s].[PaymentTerms], [s].[Priority], [s].[RequiredDeliveryDate], [s].[RowVersion], [s].[SalesOrderNumber], [s].[ShippingAddress], [s].[Status], [s].[TaxAmount], [s].[UpdatedAtUtc], [s].[UpdatedBy], [c].[Id] AS [Id0], [c].[BillingAddress] AS [BillingAddress0], [c].[City], [c].[ContactPerson] AS [ContactPerson0], [c].[Country], [c].[CreatedAtUtc] AS [CreatedAtUtc0], [c].[CreatedBy] AS [CreatedBy0], [c].[CreditDays], [c].[CustomerCode] AS [CustomerCode0], [c].[CustomerName] AS [CustomerName0], [c].[Email], [c].[GSTNumber], [c].[IsActive], [c].[PAN], [c].[PaymentTerms] AS [PaymentTerms0], [c].[Phone], [c].[PostalCode], [c].[Remarks], [c].[RowVersion] AS [RowVersion0], [c].[ShippingAddress] AS [ShippingAddress0], [c].[ShortName], [c].[State], [c].[UpdatedAtUtc] AS [UpdatedAtUtc0], [c].[UpdatedBy] AS [UpdatedBy0]
    FROM [sales].[SalesOrders] AS [s]
    INNER JOIN [sales].[Customers] AS [c] ON [s].[CustomerId] = [c].[Id]
    WHERE [s].[Id] = @__id_0
) AS [t]
LEFT JOIN [sales].[SalesOrderLines] AS [s0] ON [t].[Id] = [s0].[SalesOrderId]
ORDER BY [t].[Id], [t].[Id0]
[23:19:11 INF] HTTP GET /api/sales-orders/34cc9218-a2fa-4d02-870d-791792276082 responded 200 in 5.6269 ms
[23:19:19 INF] HTTP OPTIONS /api/sales-orders responded 204 in 0.1606 ms
[23:19:19 INF] Executed DbCommand (0ms) [Parameters=[], CommandType='Text', CommandTimeout='30']
SELECT COUNT(*)
FROM [sales].[SalesOrders] AS [s]
[23:19:19 INF] Executed DbCommand (1ms) [Parameters=[@__p_0='?' (DbType = Int32), @__p_1='?' (DbType = Int32)], CommandType='Text', CommandTimeout='30']
SELECT [t].[Id], [t].[BillingAddress], [t].[CancellationReason], [t].[CancelledBy], [t].[CancelledOn], [t].[ConfirmedBy], [t].[ConfirmedOn], [t].[ContactEmail], [t].[ContactPerson], [t].[ContactPhone], [t].[CreatedAtUtc], [t].[CreatedBy], [t].[Currency], [t].[CustomerCode], [t].[CustomerId], [t].[CustomerName], [t].[CustomerPODate], [t].[CustomerPONumber], [t].[CustomerRemarks], [t].[InternalRemarks], [t].[OrderDate], [t].[PaymentTerms], [t].[Priority], [t].[RequiredDeliveryDate], [t].[RowVersion], [t].[SalesOrderNumber], [t].[ShippingAddress], [t].[Status], [t].[TaxAmount], [t].[UpdatedAtUtc], [t].[UpdatedBy], [s0].[Id], [s0].[Category], [s0].[CoreLossPerKg], [s0].[CreatedOn], [s0].[CustomerItemReference], [s0].[Description], [s0].[DispatchedQuantity], [s0].[DrawingNumber], [s0].[DrawingRevision], [s0].[FulfilledQuantity], [s0].[GradeCode], [s0].[GradeId], [s0].[Length], [s0].[LineAmount], [s0].[LineNumber], [s0].[ModifiedOn], [s0].[OEMJobNumber], [s0].[OrderedQuantity], [s0].[ProductType], [s0].[QuantityUnit], [s0].[ReadyQuantity], [s0].[Remarks], [s0].[RequiredDeliveryDate], [s0].[SalesOrderId], [s0].[Thickness], [s0].[TransformerRating], [s0].[UnitPrice], [s0].[Width], [s0].[WorkOrderStatus]
FROM (
    SELECT [s].[Id], [s].[BillingAddress], [s].[CancellationReason], [s].[CancelledBy], [s].[CancelledOn], [s].[ConfirmedBy], [s].[ConfirmedOn], [s].[ContactEmail], [s].[ContactPerson], [s].[ContactPhone], [s].[CreatedAtUtc], [s].[CreatedBy], [s].[Currency], [s].[CustomerCode], [s].[CustomerId], [s].[CustomerName], [s].[CustomerPODate], [s].[CustomerPONumber], [s].[CustomerRemarks], [s].[InternalRemarks], [s].[OrderDate], [s].[PaymentTerms], [s].[Priority], [s].[RequiredDeliveryDate], [s].[RowVersion], [s].[SalesOrderNumber], [s].[ShippingAddress], [s].[Status], [s].[TaxAmount], [s].[UpdatedAtUtc], [s].[UpdatedBy]
    FROM [sales].[SalesOrders] AS [s]
    ORDER BY [s].[OrderDate] DESC, [s].[SalesOrderNumber] DESC
    OFFSET @__p_0 ROWS FETCH NEXT @__p_1 ROWS ONLY
) AS [t]
LEFT JOIN [sales].[SalesOrderLines] AS [s0] ON [t].[Id] = [s0].[SalesOrderId]
ORDER BY [t].[OrderDate] DESC, [t].[SalesOrderNumber] DESC, [t].[Id]
[23:19:19 INF] HTTP GET /api/sales-orders responded 200 in 8.0883 ms
[23:19:21 INF] HTTP OPTIONS /api/customers responded 204 in 0.0416 ms
[23:19:21 INF] HTTP OPTIONS /api/lookups/grades responded 204 in 0.0698 ms
[23:19:21 INF] HTTP OPTIONS /api/sales-orders/next-number responded 204 in 0.0714 ms
[23:19:21 INF] Executed DbCommand (0ms) [Parameters=[@__isActive_0='?' (DbType = Boolean)], CommandType='Text', CommandTimeout='30']
SELECT COUNT(*)
FROM [sales].[Customers] AS [c]
WHERE [c].[IsActive] = @__isActive_0
[23:19:21 INF] Executed DbCommand (1ms) [Parameters=[@__prefix_0_startswith='?' (Size = 30)], CommandType='Text', CommandTimeout='30']
SELECT TOP(1) [s].[SalesOrderNumber]
FROM [sales].[SalesOrders] AS [s]
WHERE [s].[SalesOrderNumber] LIKE @__prefix_0_startswith ESCAPE N'\'
ORDER BY [s].[SalesOrderNumber] DESC
[23:19:21 INF] HTTP GET /api/sales-orders/next-number responded 200 in 2.5395 ms
[23:19:21 INF] Executed DbCommand (1ms) [Parameters=[@__isActive_0='?' (DbType = Boolean), @__p_1='?' (DbType = Int32), @__p_2='?' (DbType = Int32)], CommandType='Text', CommandTimeout='30']
SELECT [c].[Id], [c].[BillingAddress], [c].[City], [c].[ContactPerson], [c].[Country], [c].[CreatedAtUtc], [c].[CreatedBy], [c].[CreditDays], [c].[CustomerCode], [c].[CustomerName], [c].[Email], [c].[GSTNumber], [c].[IsActive], [c].[PAN], [c].[PaymentTerms], [c].[Phone], [c].[PostalCode], [c].[Remarks], [c].[RowVersion], [c].[ShippingAddress], [c].[ShortName], [c].[State], [c].[UpdatedAtUtc], [c].[UpdatedBy]
FROM [sales].[Customers] AS [c]
WHERE [c].[IsActive] = @__isActive_0
ORDER BY [c].[CustomerCode]
OFFSET @__p_1 ROWS FETCH NEXT @__p_2 ROWS ONLY
[23:19:21 INF] HTTP GET /api/customers responded 200 in 5.0481 ms
[23:19:21 INF] Executed DbCommand (1ms) [Parameters=[], CommandType='Text', CommandTimeout='30']
SELECT [g].[Id], [g].[Code], [g].[Name], [g].[ThicknessMm], [g].[Category], [g].[CoreLossPerKg]
FROM [app].[Grades] AS [g]
WHERE [g].[IsActive] = CAST(1 AS bit)
ORDER BY [g].[Code]
[23:19:21 INF] HTTP GET /api/lookups/grades responded 200 in 6.3991 ms
[23:19:21 INF] HTTP OPTIONS /api/sales-orders/34cc9218-a2fa-4d02-870d-791792276082 responded 204 in 0.0506 ms
[23:19:21 INF] Executed DbCommand (1ms) [Parameters=[@__id_0='?' (DbType = Guid)], CommandType='Text', CommandTimeout='30']
SELECT [t].[Id], [t].[BillingAddress], [t].[CancellationReason], [t].[CancelledBy], [t].[CancelledOn], [t].[ConfirmedBy], [t].[ConfirmedOn], [t].[ContactEmail], [t].[ContactPerson], [t].[ContactPhone], [t].[CreatedAtUtc], [t].[CreatedBy], [t].[Currency], [t].[CustomerCode], [t].[CustomerId], [t].[CustomerName], [t].[CustomerPODate], [t].[CustomerPONumber], [t].[CustomerRemarks], [t].[InternalRemarks], [t].[OrderDate], [t].[PaymentTerms], [t].[Priority], [t].[RequiredDeliveryDate], [t].[RowVersion], [t].[SalesOrderNumber], [t].[ShippingAddress], [t].[Status], [t].[TaxAmount], [t].[UpdatedAtUtc], [t].[UpdatedBy], [t].[Id0], [t].[BillingAddress0], [t].[City], [t].[ContactPerson0], [t].[Country], [t].[CreatedAtUtc0], [t].[CreatedBy0], [t].[CreditDays], [t].[CustomerCode0], [t].[CustomerName0], [t].[Email], [t].[GSTNumber], [t].[IsActive], [t].[PAN], [t].[PaymentTerms0], [t].[Phone], [t].[PostalCode], [t].[Remarks], [t].[RowVersion0], [t].[ShippingAddress0], [t].[ShortName], [t].[State], [t].[UpdatedAtUtc0], [t].[UpdatedBy0], [s0].[Id], [s0].[Category], [s0].[CoreLossPerKg], [s0].[CreatedOn], [s0].[CustomerItemReference], [s0].[Description], [s0].[DispatchedQuantity], [s0].[DrawingNumber], [s0].[DrawingRevision], [s0].[FulfilledQuantity], [s0].[GradeCode], [s0].[GradeId], [s0].[Length], [s0].[LineAmount], [s0].[LineNumber], [s0].[ModifiedOn], [s0].[OEMJobNumber], [s0].[OrderedQuantity], [s0].[ProductType], [s0].[QuantityUnit], [s0].[ReadyQuantity], [s0].[Remarks], [s0].[RequiredDeliveryDate], [s0].[SalesOrderId], [s0].[Thickness], [s0].[TransformerRating], [s0].[UnitPrice], [s0].[Width], [s0].[WorkOrderStatus]
FROM (
    SELECT TOP(1) [s].[Id], [s].[BillingAddress], [s].[CancellationReason], [s].[CancelledBy], [s].[CancelledOn], [s].[ConfirmedBy], [s].[ConfirmedOn], [s].[ContactEmail], [s].[ContactPerson], [s].[ContactPhone], [s].[CreatedAtUtc], [s].[CreatedBy], [s].[Currency], [s].[CustomerCode], [s].[CustomerId], [s].[CustomerName], [s].[CustomerPODate], [s].[CustomerPONumber], [s].[CustomerRemarks], [s].[InternalRemarks], [s].[OrderDate], [s].[PaymentTerms], [s].[Priority], [s].[RequiredDeliveryDate], [s].[RowVersion], [s].[SalesOrderNumber], [s].[ShippingAddress], [s].[Status], [s].[TaxAmount], [s].[UpdatedAtUtc], [s].[UpdatedBy], [c].[Id] AS [Id0], [c].[BillingAddress] AS [BillingAddress0], [c].[City], [c].[ContactPerson] AS [ContactPerson0], [c].[Country], [c].[CreatedAtUtc] AS [CreatedAtUtc0], [c].[CreatedBy] AS [CreatedBy0], [c].[CreditDays], [c].[CustomerCode] AS [CustomerCode0], [c].[CustomerName] AS [CustomerName0], [c].[Email], [c].[GSTNumber], [c].[IsActive], [c].[PAN], [c].[PaymentTerms] AS [PaymentTerms0], [c].[Phone], [c].[PostalCode], [c].[Remarks], [c].[RowVersion] AS [RowVersion0], [c].[ShippingAddress] AS [ShippingAddress0], [c].[ShortName], [c].[State], [c].[UpdatedAtUtc] AS [UpdatedAtUtc0], [c].[UpdatedBy] AS [UpdatedBy0]
    FROM [sales].[SalesOrders] AS [s]
    INNER JOIN [sales].[Customers] AS [c] ON [s].[CustomerId] = [c].[Id]
    WHERE [s].[Id] = @__id_0
) AS [t]
LEFT JOIN [sales].[SalesOrderLines] AS [s0] ON [t].[Id] = [s0].[SalesOrderId]
ORDER BY [t].[Id], [t].[Id0]
[23:19:21 INF] HTTP GET /api/sales-orders/34cc9218-a2fa-4d02-870d-791792276082 responded 200 in 5.6433 ms
[23:19:23 INF] HTTP OPTIONS /api/sales-orders/34cc9218-a2fa-4d02-870d-791792276082 responded 204 in 0.0811 ms
[23:19:23 INF] Executed DbCommand (1ms) [Parameters=[@__id_0='?' (DbType = Guid)], CommandType='Text', CommandTimeout='30']
SELECT [t].[Id], [t].[BillingAddress], [t].[CancellationReason], [t].[CancelledBy], [t].[CancelledOn], [t].[ConfirmedBy], [t].[ConfirmedOn], [t].[ContactEmail], [t].[ContactPerson], [t].[ContactPhone], [t].[CreatedAtUtc], [t].[CreatedBy], [t].[Currency], [t].[CustomerCode], [t].[CustomerId], [t].[CustomerName], [t].[CustomerPODate], [t].[CustomerPONumber], [t].[CustomerRemarks], [t].[InternalRemarks], [t].[OrderDate], [t].[PaymentTerms], [t].[Priority], [t].[RequiredDeliveryDate], [t].[RowVersion], [t].[SalesOrderNumber], [t].[ShippingAddress], [t].[Status], [t].[TaxAmount], [t].[UpdatedAtUtc], [t].[UpdatedBy], [t].[Id0], [t].[BillingAddress0], [t].[City], [t].[ContactPerson0], [t].[Country], [t].[CreatedAtUtc0], [t].[CreatedBy0], [t].[CreditDays], [t].[CustomerCode0], [t].[CustomerName0], [t].[Email], [t].[GSTNumber], [t].[IsActive], [t].[PAN], [t].[PaymentTerms0], [t].[Phone], [t].[PostalCode], [t].[Remarks], [t].[RowVersion0], [t].[ShippingAddress0], [t].[ShortName], [t].[State], [t].[UpdatedAtUtc0], [t].[UpdatedBy0], [s0].[Id], [s0].[Category], [s0].[CoreLossPerKg], [s0].[CreatedOn], [s0].[CustomerItemReference], [s0].[Description], [s0].[DispatchedQuantity], [s0].[DrawingNumber], [s0].[DrawingRevision], [s0].[FulfilledQuantity], [s0].[GradeCode], [s0].[GradeId], [s0].[Length], [s0].[LineAmount], [s0].[LineNumber], [s0].[ModifiedOn], [s0].[OEMJobNumber], [s0].[OrderedQuantity], [s0].[ProductType], [s0].[QuantityUnit], [s0].[ReadyQuantity], [s0].[Remarks], [s0].[RequiredDeliveryDate], [s0].[SalesOrderId], [s0].[Thickness], [s0].[TransformerRating], [s0].[UnitPrice], [s0].[Width], [s0].[WorkOrderStatus]
FROM (
    SELECT TOP(1) [s].[Id], [s].[BillingAddress], [s].[CancellationReason], [s].[CancelledBy], [s].[CancelledOn], [s].[ConfirmedBy], [s].[ConfirmedOn], [s].[ContactEmail], [s].[ContactPerson], [s].[ContactPhone], [s].[CreatedAtUtc], [s].[CreatedBy], [s].[Currency], [s].[CustomerCode], [s].[CustomerId], [s].[CustomerName], [s].[CustomerPODate], [s].[CustomerPONumber], [s].[CustomerRemarks], [s].[InternalRemarks], [s].[OrderDate], [s].[PaymentTerms], [s].[Priority], [s].[RequiredDeliveryDate], [s].[RowVersion], [s].[SalesOrderNumber], [s].[ShippingAddress], [s].[Status], [s].[TaxAmount], [s].[UpdatedAtUtc], [s].[UpdatedBy], [c].[Id] AS [Id0], [c].[BillingAddress] AS [BillingAddress0], [c].[City], [c].[ContactPerson] AS [ContactPerson0], [c].[Country], [c].[CreatedAtUtc] AS [CreatedAtUtc0], [c].[CreatedBy] AS [CreatedBy0], [c].[CreditDays], [c].[CustomerCode] AS [CustomerCode0], [c].[CustomerName] AS [CustomerName0], [c].[Email], [c].[GSTNumber], [c].[IsActive], [c].[PAN], [c].[PaymentTerms] AS [PaymentTerms0], [c].[Phone], [c].[PostalCode], [c].[Remarks], [c].[RowVersion] AS [RowVersion0], [c].[ShippingAddress] AS [ShippingAddress0], [c].[ShortName], [c].[State], [c].[UpdatedAtUtc] AS [UpdatedAtUtc0], [c].[UpdatedBy] AS [UpdatedBy0]
    FROM [sales].[SalesOrders] AS [s]
    INNER JOIN [sales].[Customers] AS [c] ON [s].[CustomerId] = [c].[Id]
    WHERE [s].[Id] = @__id_0
) AS [t]
LEFT JOIN [sales].[SalesOrderLines] AS [s0] ON [t].[Id] = [s0].[SalesOrderId]
ORDER BY [t].[Id], [t].[Id0]
[23:19:23 WRN] Savepoints are disabled because Multiple Active Result Sets (MARS) is enabled. If 'SaveChanges' fails, then the transaction cannot be automatically rolled back to a known clean state. Instead, the transaction should be rolled back by the application before retrying 'SaveChanges'. See https://go.microsoft.com/fwlink/?linkid=2149338 for more information and examples. To identify the code which triggers this warning, call 'ConfigureWarnings(w => w.Throw(SqlServerEventId.SavepointsDisabledBecauseOfMARS))'.
[23:19:23 INF] Executed DbCommand (1ms) [Parameters=[@p0='?' (DbType = Guid)], CommandType='Text', CommandTimeout='30']
SET IMPLICIT_TRANSACTIONS OFF;
SET NOCOUNT ON;
DELETE FROM [sales].[SalesOrderLines]
OUTPUT 1
WHERE [Id] = @p0;
[23:19:23 INF] Executed DbCommand (0ms) [Parameters=[@__r_CustomerId_0='?' (DbType = Guid)], CommandType='Text', CommandTimeout='30']
SELECT TOP(1) [c].[Id], [c].[BillingAddress], [c].[City], [c].[ContactPerson], [c].[Country], [c].[CreatedAtUtc], [c].[CreatedBy], [c].[CreditDays], [c].[CustomerCode], [c].[CustomerName], [c].[Email], [c].[GSTNumber], [c].[IsActive], [c].[PAN], [c].[PaymentTerms], [c].[Phone], [c].[PostalCode], [c].[Remarks], [c].[RowVersion], [c].[ShippingAddress], [c].[ShortName], [c].[State], [c].[UpdatedAtUtc], [c].[UpdatedBy]
FROM [sales].[Customers] AS [c]
WHERE [c].[Id] = @__r_CustomerId_0
[23:19:23 INF] Executed DbCommand (0ms) [Parameters=[@__r_GradeId_0='?' (DbType = Guid)], CommandType='Text', CommandTimeout='30']
SELECT TOP(1) [g].[Id], [g].[Category], [g].[Code], [g].[CoreLossPerKg], [g].[CreatedAtUtc], [g].[CreatedBy], [g].[Description], [g].[IsActive], [g].[Name], [g].[RowVersion], [g].[ThicknessMm], [g].[UpdatedAtUtc], [g].[UpdatedBy]
FROM [app].[Grades] AS [g]
WHERE [g].[Id] = @__r_GradeId_0 AND [g].[IsActive] = CAST(1 AS bit)
[23:19:23 WRN] Savepoints are disabled because Multiple Active Result Sets (MARS) is enabled. If 'SaveChanges' fails, then the transaction cannot be automatically rolled back to a known clean state. Instead, the transaction should be rolled back by the application before retrying 'SaveChanges'. See https://go.microsoft.com/fwlink/?linkid=2149338 for more information and examples. To identify the code which triggers this warning, call 'ConfigureWarnings(w => w.Throw(SqlServerEventId.SavepointsDisabledBecauseOfMARS))'.
[23:19:23 INF] Executed DbCommand (2ms) [Parameters=[@p0='?' (DbType = Guid), @p1='?' (Size = 4000), @p2='?' (Precision = 18) (Scale = 4) (DbType = Decimal), @p3='?' (DbType = DateTimeOffset), @p4='?' (Size = 4000), @p5='?' (Size = 500), @p6='?' (Precision = 18) (Scale = 3) (DbType = Decimal), @p7='?' (Size = 4000), @p8='?' (Size = 4000), @p9='?' (Precision = 18) (Scale = 3) (DbType = Decimal), @p10='?' (Size = 4000), @p11='?' (DbType = Guid), @p12='?' (Precision = 18) (Scale = 3) (DbType = Decimal), @p13='?' (Precision = 18) (Scale = 2) (DbType = Decimal), @p14='?' (DbType = Int32), @p15='?' (DbType = DateTimeOffset), @p16='?' (Size = 4000), @p17='?' (Precision = 18) (Scale = 3) (DbType = Decimal), @p18='?' (Size = 30), @p19='?' (Size = 20), @p20='?' (Precision = 18) (Scale = 3) (DbType = Decimal), @p21='?' (Size = 4000), @p22='?' (DbType = Date), @p23='?' (DbType = Guid), @p24='?' (Precision = 18) (Scale = 3) (DbType = Decimal), @p25='?' (Size = 4000), @p26='?' (Precision = 18) (Scale = 2) (DbType = Decimal), @p27='?' (Precision = 18) (Scale = 3) (DbType = Decimal), @p28='?' (Size = 4000)], CommandType='Text', CommandTimeout='30']
SET IMPLICIT_TRANSACTIONS OFF;
SET NOCOUNT ON;
INSERT INTO [sales].[SalesOrderLines] ([Id], [Category], [CoreLossPerKg], [CreatedOn], [CustomerItemReference], [Description], [DispatchedQuantity], [DrawingNumber], [DrawingRevision], [FulfilledQuantity], [GradeCode], [GradeId], [Length], [LineAmount], [LineNumber], [ModifiedOn], [OEMJobNumber], [OrderedQuantity], [ProductType], [QuantityUnit], [ReadyQuantity], [Remarks], [RequiredDeliveryDate], [SalesOrderId], [Thickness], [TransformerRating], [UnitPrice], [Width], [WorkOrderStatus])
VALUES (@p0, @p1, @p2, @p3, @p4, @p5, @p6, @p7, @p8, @p9, @p10, @p11, @p12, @p13, @p14, @p15, @p16, @p17, @p18, @p19, @p20, @p21, @p22, @p23, @p24, @p25, @p26, @p27, @p28);
[23:19:23 INF] HTTP PUT /api/sales-orders/34cc9218-a2fa-4d02-870d-791792276082 responded 200 in 22.9758 ms
[23:19:23 INF] Executed DbCommand (0ms) [Parameters=[], CommandType='Text', CommandTimeout='30']
SELECT COUNT(*)
FROM [sales].[SalesOrders] AS [s]
[23:19:23 INF] Executed DbCommand (1ms) [Parameters=[@__p_0='?' (DbType = Int32), @__p_1='?' (DbType = Int32)], CommandType='Text', CommandTimeout='30']
SELECT [t].[Id], [t].[BillingAddress], [t].[CancellationReason], [t].[CancelledBy], [t].[CancelledOn], [t].[ConfirmedBy], [t].[ConfirmedOn], [t].[ContactEmail], [t].[ContactPerson], [t].[ContactPhone], [t].[CreatedAtUtc], [t].[CreatedBy], [t].[Currency], [t].[CustomerCode], [t].[CustomerId], [t].[CustomerName], [t].[CustomerPODate], [t].[CustomerPONumber], [t].[CustomerRemarks], [t].[InternalRemarks], [t].[OrderDate], [t].[PaymentTerms], [t].[Priority], [t].[RequiredDeliveryDate], [t].[RowVersion], [t].[SalesOrderNumber], [t].[ShippingAddress], [t].[Status], [t].[TaxAmount], [t].[UpdatedAtUtc], [t].[UpdatedBy], [s0].[Id], [s0].[Category], [s0].[CoreLossPerKg], [s0].[CreatedOn], [s0].[CustomerItemReference], [s0].[Description], [s0].[DispatchedQuantity], [s0].[DrawingNumber], [s0].[DrawingRevision], [s0].[FulfilledQuantity], [s0].[GradeCode], [s0].[GradeId], [s0].[Length], [s0].[LineAmount], [s0].[LineNumber], [s0].[ModifiedOn], [s0].[OEMJobNumber], [s0].[OrderedQuantity], [s0].[ProductType], [s0].[QuantityUnit], [s0].[ReadyQuantity], [s0].[Remarks], [s0].[RequiredDeliveryDate], [s0].[SalesOrderId], [s0].[Thickness], [s0].[TransformerRating], [s0].[UnitPrice], [s0].[Width], [s0].[WorkOrderStatus]
FROM (
    SELECT [s].[Id], [s].[BillingAddress], [s].[CancellationReason], [s].[CancelledBy], [s].[CancelledOn], [s].[ConfirmedBy], [s].[ConfirmedOn], [s].[ContactEmail], [s].[ContactPerson], [s].[ContactPhone], [s].[CreatedAtUtc], [s].[CreatedBy], [s].[Currency], [s].[CustomerCode], [s].[CustomerId], [s].[CustomerName], [s].[CustomerPODate], [s].[CustomerPONumber], [s].[CustomerRemarks], [s].[InternalRemarks], [s].[OrderDate], [s].[PaymentTerms], [s].[Priority], [s].[RequiredDeliveryDate], [s].[RowVersion], [s].[SalesOrderNumber], [s].[ShippingAddress], [s].[Status], [s].[TaxAmount], [s].[UpdatedAtUtc], [s].[UpdatedBy]
    FROM [sales].[SalesOrders] AS [s]
    ORDER BY [s].[OrderDate] DESC, [s].[SalesOrderNumber] DESC
    OFFSET @__p_0 ROWS FETCH NEXT @__p_1 ROWS ONLY
) AS [t]
LEFT JOIN [sales].[SalesOrderLines] AS [s0] ON [t].[Id] = [s0].[SalesOrderId]
ORDER BY [t].[OrderDate] DESC, [t].[SalesOrderNumber] DESC, [t].[Id]
[23:19:23 INF] HTTP GET /api/sales-orders responded 200 in 4.8646 ms
[23:19:25 INF] Executed DbCommand (1ms) [Parameters=[@__isActive_0='?' (DbType = Boolean)], CommandType='Text', CommandTimeout='30']
SELECT COUNT(*)
FROM [sales].[Customers] AS [c]
WHERE [c].[IsActive] = @__isActive_0
[23:19:25 INF] Executed DbCommand (1ms) [Parameters=[@__prefix_0_startswith='?' (Size = 30)], CommandType='Text', CommandTimeout='30']
SELECT TOP(1) [s].[SalesOrderNumber]
FROM [sales].[SalesOrders] AS [s]
WHERE [s].[SalesOrderNumber] LIKE @__prefix_0_startswith ESCAPE N'\'
ORDER BY [s].[SalesOrderNumber] DESC
[23:19:25 INF] Executed DbCommand (1ms) [Parameters=[], CommandType='Text', CommandTimeout='30']
SELECT [g].[Id], [g].[Code], [g].[Name], [g].[ThicknessMm], [g].[Category], [g].[CoreLossPerKg]
FROM [app].[Grades] AS [g]
WHERE [g].[IsActive] = CAST(1 AS bit)
ORDER BY [g].[Code]
[23:19:25 INF] HTTP GET /api/sales-orders/next-number responded 200 in 3.0603 ms
[23:19:25 INF] HTTP GET /api/lookups/grades responded 200 in 3.3950 ms
[23:19:25 INF] Executed DbCommand (0ms) [Parameters=[@__isActive_0='?' (DbType = Boolean), @__p_1='?' (DbType = Int32), @__p_2='?' (DbType = Int32)], CommandType='Text', CommandTimeout='30']
SELECT [c].[Id], [c].[BillingAddress], [c].[City], [c].[ContactPerson], [c].[Country], [c].[CreatedAtUtc], [c].[CreatedBy], [c].[CreditDays], [c].[CustomerCode], [c].[CustomerName], [c].[Email], [c].[GSTNumber], [c].[IsActive], [c].[PAN], [c].[PaymentTerms], [c].[Phone], [c].[PostalCode], [c].[Remarks], [c].[RowVersion], [c].[ShippingAddress], [c].[ShortName], [c].[State], [c].[UpdatedAtUtc], [c].[UpdatedBy]
FROM [sales].[Customers] AS [c]
WHERE [c].[IsActive] = @__isActive_0
ORDER BY [c].[CustomerCode]
OFFSET @__p_1 ROWS FETCH NEXT @__p_2 ROWS ONLY
[23:19:25 INF] HTTP GET /api/customers responded 200 in 4.3125 ms
[23:19:25 INF] Executed DbCommand (1ms) [Parameters=[@__id_0='?' (DbType = Guid)], CommandType='Text', CommandTimeout='30']
SELECT [t].[Id], [t].[BillingAddress], [t].[CancellationReason], [t].[CancelledBy], [t].[CancelledOn], [t].[ConfirmedBy], [t].[ConfirmedOn], [t].[ContactEmail], [t].[ContactPerson], [t].[ContactPhone], [t].[CreatedAtUtc], [t].[CreatedBy], [t].[Currency], [t].[CustomerCode], [t].[CustomerId], [t].[CustomerName], [t].[CustomerPODate], [t].[CustomerPONumber], [t].[CustomerRemarks], [t].[InternalRemarks], [t].[OrderDate], [t].[PaymentTerms], [t].[Priority], [t].[RequiredDeliveryDate], [t].[RowVersion], [t].[SalesOrderNumber], [t].[ShippingAddress], [t].[Status], [t].[TaxAmount], [t].[UpdatedAtUtc], [t].[UpdatedBy], [t].[Id0], [t].[BillingAddress0], [t].[City], [t].[ContactPerson0], [t].[Country], [t].[CreatedAtUtc0], [t].[CreatedBy0], [t].[CreditDays], [t].[CustomerCode0], [t].[CustomerName0], [t].[Email], [t].[GSTNumber], [t].[IsActive], [t].[PAN], [t].[PaymentTerms0], [t].[Phone], [t].[PostalCode], [t].[Remarks], [t].[RowVersion0], [t].[ShippingAddress0], [t].[ShortName], [t].[State], [t].[UpdatedAtUtc0], [t].[UpdatedBy0], [s0].[Id], [s0].[Category], [s0].[CoreLossPerKg], [s0].[CreatedOn], [s0].[CustomerItemReference], [s0].[Description], [s0].[DispatchedQuantity], [s0].[DrawingNumber], [s0].[DrawingRevision], [s0].[FulfilledQuantity], [s0].[GradeCode], [s0].[GradeId], [s0].[Length], [s0].[LineAmount], [s0].[LineNumber], [s0].[ModifiedOn], [s0].[OEMJobNumber], [s0].[OrderedQuantity], [s0].[ProductType], [s0].[QuantityUnit], [s0].[ReadyQuantity], [s0].[Remarks], [s0].[RequiredDeliveryDate], [s0].[SalesOrderId], [s0].[Thickness], [s0].[TransformerRating], [s0].[UnitPrice], [s0].[Width], [s0].[WorkOrderStatus]
FROM (
    SELECT TOP(1) [s].[Id], [s].[BillingAddress], [s].[CancellationReason], [s].[CancelledBy], [s].[CancelledOn], [s].[ConfirmedBy], [s].[ConfirmedOn], [s].[ContactEmail], [s].[ContactPerson], [s].[ContactPhone], [s].[CreatedAtUtc], [s].[CreatedBy], [s].[Currency], [s].[CustomerCode], [s].[CustomerId], [s].[CustomerName], [s].[CustomerPODate], [s].[CustomerPONumber], [s].[CustomerRemarks], [s].[InternalRemarks], [s].[OrderDate], [s].[PaymentTerms], [s].[Priority], [s].[RequiredDeliveryDate], [s].[RowVersion], [s].[SalesOrderNumber], [s].[ShippingAddress], [s].[Status], [s].[TaxAmount], [s].[UpdatedAtUtc], [s].[UpdatedBy], [c].[Id] AS [Id0], [c].[BillingAddress] AS [BillingAddress0], [c].[City], [c].[ContactPerson] AS [ContactPerson0], [c].[Country], [c].[CreatedAtUtc] AS [CreatedAtUtc0], [c].[CreatedBy] AS [CreatedBy0], [c].[CreditDays], [c].[CustomerCode] AS [CustomerCode0], [c].[CustomerName] AS [CustomerName0], [c].[Email], [c].[GSTNumber], [c].[IsActive], [c].[PAN], [c].[PaymentTerms] AS [PaymentTerms0], [c].[Phone], [c].[PostalCode], [c].[Remarks], [c].[RowVersion] AS [RowVersion0], [c].[ShippingAddress] AS [ShippingAddress0], [c].[ShortName], [c].[State], [c].[UpdatedAtUtc] AS [UpdatedAtUtc0], [c].[UpdatedBy] AS [UpdatedBy0]
    FROM [sales].[SalesOrders] AS [s]
    INNER JOIN [sales].[Customers] AS [c] ON [s].[CustomerId] = [c].[Id]
    WHERE [s].[Id] = @__id_0
) AS [t]
LEFT JOIN [sales].[SalesOrderLines] AS [s0] ON [t].[Id] = [s0].[SalesOrderId]
ORDER BY [t].[Id], [t].[Id0]
[23:19:25 INF] HTTP GET /api/sales-orders/34cc9218-a2fa-4d02-870d-791792276082 responded 200 in 5.8566 ms
[23:20:38 INF] HTTP OPTIONS /api/sales-orders/34cc9218-a2fa-4d02-870d-791792276082 responded 204 in 0.0592 ms
[23:20:38 INF] Executed DbCommand (1ms) [Parameters=[@__id_0='?' (DbType = Guid)], CommandType='Text', CommandTimeout='30']
SELECT [t].[Id], [t].[BillingAddress], [t].[CancellationReason], [t].[CancelledBy], [t].[CancelledOn], [t].[ConfirmedBy], [t].[ConfirmedOn], [t].[ContactEmail], [t].[ContactPerson], [t].[ContactPhone], [t].[CreatedAtUtc], [t].[CreatedBy], [t].[Currency], [t].[CustomerCode], [t].[CustomerId], [t].[CustomerName], [t].[CustomerPODate], [t].[CustomerPONumber], [t].[CustomerRemarks], [t].[InternalRemarks], [t].[OrderDate], [t].[PaymentTerms], [t].[Priority], [t].[RequiredDeliveryDate], [t].[RowVersion], [t].[SalesOrderNumber], [t].[ShippingAddress], [t].[Status], [t].[TaxAmount], [t].[UpdatedAtUtc], [t].[UpdatedBy], [t].[Id0], [t].[BillingAddress0], [t].[City], [t].[ContactPerson0], [t].[Country], [t].[CreatedAtUtc0], [t].[CreatedBy0], [t].[CreditDays], [t].[CustomerCode0], [t].[CustomerName0], [t].[Email], [t].[GSTNumber], [t].[IsActive], [t].[PAN], [t].[PaymentTerms0], [t].[Phone], [t].[PostalCode], [t].[Remarks], [t].[RowVersion0], [t].[ShippingAddress0], [t].[ShortName], [t].[State], [t].[UpdatedAtUtc0], [t].[UpdatedBy0], [s0].[Id], [s0].[Category], [s0].[CoreLossPerKg], [s0].[CreatedOn], [s0].[CustomerItemReference], [s0].[Description], [s0].[DispatchedQuantity], [s0].[DrawingNumber], [s0].[DrawingRevision], [s0].[FulfilledQuantity], [s0].[GradeCode], [s0].[GradeId], [s0].[Length], [s0].[LineAmount], [s0].[LineNumber], [s0].[ModifiedOn], [s0].[OEMJobNumber], [s0].[OrderedQuantity], [s0].[ProductType], [s0].[QuantityUnit], [s0].[ReadyQuantity], [s0].[Remarks], [s0].[RequiredDeliveryDate], [s0].[SalesOrderId], [s0].[Thickness], [s0].[TransformerRating], [s0].[UnitPrice], [s0].[Width], [s0].[WorkOrderStatus]
FROM (
    SELECT TOP(1) [s].[Id], [s].[BillingAddress], [s].[CancellationReason], [s].[CancelledBy], [s].[CancelledOn], [s].[ConfirmedBy], [s].[ConfirmedOn], [s].[ContactEmail], [s].[ContactPerson], [s].[ContactPhone], [s].[CreatedAtUtc], [s].[CreatedBy], [s].[Currency], [s].[CustomerCode], [s].[CustomerId], [s].[CustomerName], [s].[CustomerPODate], [s].[CustomerPONumber], [s].[CustomerRemarks], [s].[InternalRemarks], [s].[OrderDate], [s].[PaymentTerms], [s].[Priority], [s].[RequiredDeliveryDate], [s].[RowVersion], [s].[SalesOrderNumber], [s].[ShippingAddress], [s].[Status], [s].[TaxAmount], [s].[UpdatedAtUtc], [s].[UpdatedBy], [c].[Id] AS [Id0], [c].[BillingAddress] AS [BillingAddress0], [c].[City], [c].[ContactPerson] AS [ContactPerson0], [c].[Country], [c].[CreatedAtUtc] AS [CreatedAtUtc0], [c].[CreatedBy] AS [CreatedBy0], [c].[CreditDays], [c].[CustomerCode] AS [CustomerCode0], [c].[CustomerName] AS [CustomerName0], [c].[Email], [c].[GSTNumber], [c].[IsActive], [c].[PAN], [c].[PaymentTerms] AS [PaymentTerms0], [c].[Phone], [c].[PostalCode], [c].[Remarks], [c].[RowVersion] AS [RowVersion0], [c].[ShippingAddress] AS [ShippingAddress0], [c].[ShortName], [c].[State], [c].[UpdatedAtUtc] AS [UpdatedAtUtc0], [c].[UpdatedBy] AS [UpdatedBy0]
    FROM [sales].[SalesOrders] AS [s]
    INNER JOIN [sales].[Customers] AS [c] ON [s].[CustomerId] = [c].[Id]
    WHERE [s].[Id] = @__id_0
) AS [t]
LEFT JOIN [sales].[SalesOrderLines] AS [s0] ON [t].[Id] = [s0].[SalesOrderId]
ORDER BY [t].[Id], [t].[Id0]
[23:20:38 WRN] Savepoints are disabled because Multiple Active Result Sets (MARS) is enabled. If 'SaveChanges' fails, then the transaction cannot be automatically rolled back to a known clean state. Instead, the transaction should be rolled back by the application before retrying 'SaveChanges'. See https://go.microsoft.com/fwlink/?linkid=2149338 for more information and examples. To identify the code which triggers this warning, call 'ConfigureWarnings(w => w.Throw(SqlServerEventId.SavepointsDisabledBecauseOfMARS))'.
[23:20:38 INF] Executed DbCommand (1ms) [Parameters=[@p0='?' (DbType = Guid)], CommandType='Text', CommandTimeout='30']
SET IMPLICIT_TRANSACTIONS OFF;
SET NOCOUNT ON;
DELETE FROM [sales].[SalesOrderLines]
OUTPUT 1
WHERE [Id] = @p0;
[23:20:38 INF] Executed DbCommand (0ms) [Parameters=[@__r_CustomerId_0='?' (DbType = Guid)], CommandType='Text', CommandTimeout='30']
SELECT TOP(1) [c].[Id], [c].[BillingAddress], [c].[City], [c].[ContactPerson], [c].[Country], [c].[CreatedAtUtc], [c].[CreatedBy], [c].[CreditDays], [c].[CustomerCode], [c].[CustomerName], [c].[Email], [c].[GSTNumber], [c].[IsActive], [c].[PAN], [c].[PaymentTerms], [c].[Phone], [c].[PostalCode], [c].[Remarks], [c].[RowVersion], [c].[ShippingAddress], [c].[ShortName], [c].[State], [c].[UpdatedAtUtc], [c].[UpdatedBy]
FROM [sales].[Customers] AS [c]
WHERE [c].[Id] = @__r_CustomerId_0
[23:20:38 INF] Executed DbCommand (0ms) [Parameters=[@__r_GradeId_0='?' (DbType = Guid)], CommandType='Text', CommandTimeout='30']
SELECT TOP(1) [g].[Id], [g].[Category], [g].[Code], [g].[CoreLossPerKg], [g].[CreatedAtUtc], [g].[CreatedBy], [g].[Description], [g].[IsActive], [g].[Name], [g].[RowVersion], [g].[ThicknessMm], [g].[UpdatedAtUtc], [g].[UpdatedBy]
FROM [app].[Grades] AS [g]
WHERE [g].[Id] = @__r_GradeId_0 AND [g].[IsActive] = CAST(1 AS bit)
[23:20:38 INF] Executed DbCommand (0ms) [Parameters=[@__r_GradeId_0='?' (DbType = Guid)], CommandType='Text', CommandTimeout='30']
SELECT TOP(1) [g].[Id], [g].[Category], [g].[Code], [g].[CoreLossPerKg], [g].[CreatedAtUtc], [g].[CreatedBy], [g].[Description], [g].[IsActive], [g].[Name], [g].[RowVersion], [g].[ThicknessMm], [g].[UpdatedAtUtc], [g].[UpdatedBy]
FROM [app].[Grades] AS [g]
WHERE [g].[Id] = @__r_GradeId_0 AND [g].[IsActive] = CAST(1 AS bit)
[23:20:38 WRN] Savepoints are disabled because Multiple Active Result Sets (MARS) is enabled. If 'SaveChanges' fails, then the transaction cannot be automatically rolled back to a known clean state. Instead, the transaction should be rolled back by the application before retrying 'SaveChanges'. See https://go.microsoft.com/fwlink/?linkid=2149338 for more information and examples. To identify the code which triggers this warning, call 'ConfigureWarnings(w => w.Throw(SqlServerEventId.SavepointsDisabledBecauseOfMARS))'.
[23:20:38 INF] Executed DbCommand (6ms) [Parameters=[@p0='?' (DbType = Guid), @p1='?' (Size = 4000), @p2='?' (Precision = 18) (Scale = 4) (DbType = Decimal), @p3='?' (DbType = DateTimeOffset), @p4='?' (Size = 4000), @p5='?' (Size = 500), @p6='?' (Precision = 18) (Scale = 3) (DbType = Decimal), @p7='?' (Size = 4000), @p8='?' (Size = 4000), @p9='?' (Precision = 18) (Scale = 3) (DbType = Decimal), @p10='?' (Size = 4000), @p11='?' (DbType = Guid), @p12='?' (Precision = 18) (Scale = 3) (DbType = Decimal), @p13='?' (Precision = 18) (Scale = 2) (DbType = Decimal), @p14='?' (DbType = Int32), @p15='?' (DbType = DateTimeOffset), @p16='?' (Size = 4000), @p17='?' (Precision = 18) (Scale = 3) (DbType = Decimal), @p18='?' (Size = 30), @p19='?' (Size = 20), @p20='?' (Precision = 18) (Scale = 3) (DbType = Decimal), @p21='?' (Size = 4000), @p22='?' (DbType = Date), @p23='?' (DbType = Guid), @p24='?' (Precision = 18) (Scale = 3) (DbType = Decimal), @p25='?' (Size = 4000), @p26='?' (Precision = 18) (Scale = 2) (DbType = Decimal), @p27='?' (Precision = 18) (Scale = 3) (DbType = Decimal), @p28='?' (Size = 4000), @p29='?' (DbType = Guid), @p30='?' (Size = 4000), @p31='?' (Precision = 18) (Scale = 4) (DbType = Decimal), @p32='?' (DbType = DateTimeOffset), @p33='?' (Size = 4000), @p34='?' (Size = 500), @p35='?' (Precision = 18) (Scale = 3) (DbType = Decimal), @p36='?' (Size = 4000), @p37='?' (Size = 4000), @p38='?' (Precision = 18) (Scale = 3) (DbType = Decimal), @p39='?' (Size = 4000), @p40='?' (DbType = Guid), @p41='?' (Precision = 18) (Scale = 3) (DbType = Decimal), @p42='?' (Precision = 18) (Scale = 2) (DbType = Decimal), @p43='?' (DbType = Int32), @p44='?' (DbType = DateTimeOffset), @p45='?' (Size = 4000), @p46='?' (Precision = 18) (Scale = 3) (DbType = Decimal), @p47='?' (Size = 30), @p48='?' (Size = 20), @p49='?' (Precision = 18) (Scale = 3) (DbType = Decimal), @p50='?' (Size = 4000), @p51='?' (DbType = Date), @p52='?' (DbType = Guid), @p53='?' (Precision = 18) (Scale = 3) (DbType = Decimal), @p54='?' (Size = 4000), @p55='?' (Precision = 18) (Scale = 2) (DbType = Decimal), @p56='?' (Precision = 18) (Scale = 3) (DbType = Decimal), @p57='?' (Size = 4000), @p60='?' (DbType = Guid), @p58='?' (Precision = 18) (Scale = 2) (DbType = Decimal), @p59='?' (DbType = DateTimeOffset)], CommandType='Text', CommandTimeout='30']
SET NOCOUNT ON;
INSERT INTO [sales].[SalesOrderLines] ([Id], [Category], [CoreLossPerKg], [CreatedOn], [CustomerItemReference], [Description], [DispatchedQuantity], [DrawingNumber], [DrawingRevision], [FulfilledQuantity], [GradeCode], [GradeId], [Length], [LineAmount], [LineNumber], [ModifiedOn], [OEMJobNumber], [OrderedQuantity], [ProductType], [QuantityUnit], [ReadyQuantity], [Remarks], [RequiredDeliveryDate], [SalesOrderId], [Thickness], [TransformerRating], [UnitPrice], [Width], [WorkOrderStatus])
VALUES (@p0, @p1, @p2, @p3, @p4, @p5, @p6, @p7, @p8, @p9, @p10, @p11, @p12, @p13, @p14, @p15, @p16, @p17, @p18, @p19, @p20, @p21, @p22, @p23, @p24, @p25, @p26, @p27, @p28),
(@p29, @p30, @p31, @p32, @p33, @p34, @p35, @p36, @p37, @p38, @p39, @p40, @p41, @p42, @p43, @p44, @p45, @p46, @p47, @p48, @p49, @p50, @p51, @p52, @p53, @p54, @p55, @p56, @p57);
UPDATE [sales].[SalesOrders] SET [TaxAmount] = @p58, [UpdatedAtUtc] = @p59
OUTPUT INSERTED.[RowVersion]
WHERE [Id] = @p60;
[23:20:38 INF] HTTP PUT /api/sales-orders/34cc9218-a2fa-4d02-870d-791792276082 responded 200 in 35.6927 ms
[23:20:38 INF] HTTP OPTIONS /api/sales-orders responded 204 in 0.0424 ms
[23:20:38 INF] Executed DbCommand (0ms) [Parameters=[], CommandType='Text', CommandTimeout='30']
SELECT COUNT(*)
FROM [sales].[SalesOrders] AS [s]
[23:20:38 INF] Executed DbCommand (1ms) [Parameters=[@__p_0='?' (DbType = Int32), @__p_1='?' (DbType = Int32)], CommandType='Text', CommandTimeout='30']
SELECT [t].[Id], [t].[BillingAddress], [t].[CancellationReason], [t].[CancelledBy], [t].[CancelledOn], [t].[ConfirmedBy], [t].[ConfirmedOn], [t].[ContactEmail], [t].[ContactPerson], [t].[ContactPhone], [t].[CreatedAtUtc], [t].[CreatedBy], [t].[Currency], [t].[CustomerCode], [t].[CustomerId], [t].[CustomerName], [t].[CustomerPODate], [t].[CustomerPONumber], [t].[CustomerRemarks], [t].[InternalRemarks], [t].[OrderDate], [t].[PaymentTerms], [t].[Priority], [t].[RequiredDeliveryDate], [t].[RowVersion], [t].[SalesOrderNumber], [t].[ShippingAddress], [t].[Status], [t].[TaxAmount], [t].[UpdatedAtUtc], [t].[UpdatedBy], [s0].[Id], [s0].[Category], [s0].[CoreLossPerKg], [s0].[CreatedOn], [s0].[CustomerItemReference], [s0].[Description], [s0].[DispatchedQuantity], [s0].[DrawingNumber], [s0].[DrawingRevision], [s0].[FulfilledQuantity], [s0].[GradeCode], [s0].[GradeId], [s0].[Length], [s0].[LineAmount], [s0].[LineNumber], [s0].[ModifiedOn], [s0].[OEMJobNumber], [s0].[OrderedQuantity], [s0].[ProductType], [s0].[QuantityUnit], [s0].[ReadyQuantity], [s0].[Remarks], [s0].[RequiredDeliveryDate], [s0].[SalesOrderId], [s0].[Thickness], [s0].[TransformerRating], [s0].[UnitPrice], [s0].[Width], [s0].[WorkOrderStatus]
FROM (
    SELECT [s].[Id], [s].[BillingAddress], [s].[CancellationReason], [s].[CancelledBy], [s].[CancelledOn], [s].[ConfirmedBy], [s].[ConfirmedOn], [s].[ContactEmail], [s].[ContactPerson], [s].[ContactPhone], [s].[CreatedAtUtc], [s].[CreatedBy], [s].[Currency], [s].[CustomerCode], [s].[CustomerId], [s].[CustomerName], [s].[CustomerPODate], [s].[CustomerPONumber], [s].[CustomerRemarks], [s].[InternalRemarks], [s].[OrderDate], [s].[PaymentTerms], [s].[Priority], [s].[RequiredDeliveryDate], [s].[RowVersion], [s].[SalesOrderNumber], [s].[ShippingAddress], [s].[Status], [s].[TaxAmount], [s].[UpdatedAtUtc], [s].[UpdatedBy]
    FROM [sales].[SalesOrders] AS [s]
    ORDER BY [s].[OrderDate] DESC, [s].[SalesOrderNumber] DESC
    OFFSET @__p_0 ROWS FETCH NEXT @__p_1 ROWS ONLY
) AS [t]
LEFT JOIN [sales].[SalesOrderLines] AS [s0] ON [t].[Id] = [s0].[SalesOrderId]
ORDER BY [t].[OrderDate] DESC, [t].[SalesOrderNumber] DESC, [t].[Id]
[23:20:38 INF] HTTP GET /api/sales-orders responded 200 in 5.1888 ms
[23:20:42 INF] HTTP OPTIONS /api/customers responded 204 in 0.0325 ms
[23:20:42 INF] HTTP OPTIONS /api/lookups/grades responded 204 in 0.0271 ms
[23:20:42 INF] HTTP OPTIONS /api/sales-orders/next-number responded 204 in 0.0228 ms
[23:20:42 INF] Executed DbCommand (0ms) [Parameters=[@__prefix_0_startswith='?' (Size = 30)], CommandType='Text', CommandTimeout='30']
SELECT TOP(1) [s].[SalesOrderNumber]
FROM [sales].[SalesOrders] AS [s]
WHERE [s].[SalesOrderNumber] LIKE @__prefix_0_startswith ESCAPE N'\'
ORDER BY [s].[SalesOrderNumber] DESC
[23:20:42 INF] Executed DbCommand (0ms) [Parameters=[], CommandType='Text', CommandTimeout='30']
SELECT [g].[Id], [g].[Code], [g].[Name], [g].[ThicknessMm], [g].[Category], [g].[CoreLossPerKg]
FROM [app].[Grades] AS [g]
WHERE [g].[IsActive] = CAST(1 AS bit)
ORDER BY [g].[Code]
[23:20:42 INF] HTTP GET /api/sales-orders/next-number responded 200 in 2.1207 ms
[23:20:42 INF] Executed DbCommand (1ms) [Parameters=[@__isActive_0='?' (DbType = Boolean)], CommandType='Text', CommandTimeout='30']
SELECT COUNT(*)
FROM [sales].[Customers] AS [c]
WHERE [c].[IsActive] = @__isActive_0
[23:20:42 INF] HTTP GET /api/lookups/grades responded 200 in 2.5911 ms
[23:20:42 INF] Executed DbCommand (1ms) [Parameters=[@__isActive_0='?' (DbType = Boolean), @__p_1='?' (DbType = Int32), @__p_2='?' (DbType = Int32)], CommandType='Text', CommandTimeout='30']
SELECT [c].[Id], [c].[BillingAddress], [c].[City], [c].[ContactPerson], [c].[Country], [c].[CreatedAtUtc], [c].[CreatedBy], [c].[CreditDays], [c].[CustomerCode], [c].[CustomerName], [c].[Email], [c].[GSTNumber], [c].[IsActive], [c].[PAN], [c].[PaymentTerms], [c].[Phone], [c].[PostalCode], [c].[Remarks], [c].[RowVersion], [c].[ShippingAddress], [c].[ShortName], [c].[State], [c].[UpdatedAtUtc], [c].[UpdatedBy]
FROM [sales].[Customers] AS [c]
WHERE [c].[IsActive] = @__isActive_0
ORDER BY [c].[CustomerCode]
OFFSET @__p_1 ROWS FETCH NEXT @__p_2 ROWS ONLY
[23:20:42 INF] HTTP GET /api/customers responded 200 in 4.8000 ms
[23:20:42 INF] Executed DbCommand (1ms) [Parameters=[@__id_0='?' (DbType = Guid)], CommandType='Text', CommandTimeout='30']
SELECT [t].[Id], [t].[BillingAddress], [t].[CancellationReason], [t].[CancelledBy], [t].[CancelledOn], [t].[ConfirmedBy], [t].[ConfirmedOn], [t].[ContactEmail], [t].[ContactPerson], [t].[ContactPhone], [t].[CreatedAtUtc], [t].[CreatedBy], [t].[Currency], [t].[CustomerCode], [t].[CustomerId], [t].[CustomerName], [t].[CustomerPODate], [t].[CustomerPONumber], [t].[CustomerRemarks], [t].[InternalRemarks], [t].[OrderDate], [t].[PaymentTerms], [t].[Priority], [t].[RequiredDeliveryDate], [t].[RowVersion], [t].[SalesOrderNumber], [t].[ShippingAddress], [t].[Status], [t].[TaxAmount], [t].[UpdatedAtUtc], [t].[UpdatedBy], [t].[Id0], [t].[BillingAddress0], [t].[City], [t].[ContactPerson0], [t].[Country], [t].[CreatedAtUtc0], [t].[CreatedBy0], [t].[CreditDays], [t].[CustomerCode0], [t].[CustomerName0], [t].[Email], [t].[GSTNumber], [t].[IsActive], [t].[PAN], [t].[PaymentTerms0], [t].[Phone], [t].[PostalCode], [t].[Remarks], [t].[RowVersion0], [t].[ShippingAddress0], [t].[ShortName], [t].[State], [t].[UpdatedAtUtc0], [t].[UpdatedBy0], [s0].[Id], [s0].[Category], [s0].[CoreLossPerKg], [s0].[CreatedOn], [s0].[CustomerItemReference], [s0].[Description], [s0].[DispatchedQuantity], [s0].[DrawingNumber], [s0].[DrawingRevision], [s0].[FulfilledQuantity], [s0].[GradeCode], [s0].[GradeId], [s0].[Length], [s0].[LineAmount], [s0].[LineNumber], [s0].[ModifiedOn], [s0].[OEMJobNumber], [s0].[OrderedQuantity], [s0].[ProductType], [s0].[QuantityUnit], [s0].[ReadyQuantity], [s0].[Remarks], [s0].[RequiredDeliveryDate], [s0].[SalesOrderId], [s0].[Thickness], [s0].[TransformerRating], [s0].[UnitPrice], [s0].[Width], [s0].[WorkOrderStatus]
FROM (
    SELECT TOP(1) [s].[Id], [s].[BillingAddress], [s].[CancellationReason], [s].[CancelledBy], [s].[CancelledOn], [s].[ConfirmedBy], [s].[ConfirmedOn], [s].[ContactEmail], [s].[ContactPerson], [s].[ContactPhone], [s].[CreatedAtUtc], [s].[CreatedBy], [s].[Currency], [s].[CustomerCode], [s].[CustomerId], [s].[CustomerName], [s].[CustomerPODate], [s].[CustomerPONumber], [s].[CustomerRemarks], [s].[InternalRemarks], [s].[OrderDate], [s].[PaymentTerms], [s].[Priority], [s].[RequiredDeliveryDate], [s].[RowVersion], [s].[SalesOrderNumber], [s].[ShippingAddress], [s].[Status], [s].[TaxAmount], [s].[UpdatedAtUtc], [s].[UpdatedBy], [c].[Id] AS [Id0], [c].[BillingAddress] AS [BillingAddress0], [c].[City], [c].[ContactPerson] AS [ContactPerson0], [c].[Country], [c].[CreatedAtUtc] AS [CreatedAtUtc0], [c].[CreatedBy] AS [CreatedBy0], [c].[CreditDays], [c].[CustomerCode] AS [CustomerCode0], [c].[CustomerName] AS [CustomerName0], [c].[Email], [c].[GSTNumber], [c].[IsActive], [c].[PAN], [c].[PaymentTerms] AS [PaymentTerms0], [c].[Phone], [c].[PostalCode], [c].[Remarks], [c].[RowVersion] AS [RowVersion0], [c].[ShippingAddress] AS [ShippingAddress0], [c].[ShortName], [c].[State], [c].[UpdatedAtUtc] AS [UpdatedAtUtc0], [c].[UpdatedBy] AS [UpdatedBy0]
    FROM [sales].[SalesOrders] AS [s]
    INNER JOIN [sales].[Customers] AS [c] ON [s].[CustomerId] = [c].[Id]
    WHERE [s].[Id] = @__id_0
) AS [t]
LEFT JOIN [sales].[SalesOrderLines] AS [s0] ON [t].[Id] = [s0].[SalesOrderId]
ORDER BY [t].[Id], [t].[Id0]
[23:20:42 INF] HTTP GET /api/sales-orders/34cc9218-a2fa-4d02-870d-791792276082 responded 200 in 6.0606 ms
[23:20:54 INF] HTTP OPTIONS /api/sales-orders/34cc9218-a2fa-4d02-870d-791792276082 responded 204 in 0.0583 ms
[23:20:54 INF] Executed DbCommand (1ms) [Parameters=[@__id_0='?' (DbType = Guid)], CommandType='Text', CommandTimeout='30']
SELECT [t].[Id], [t].[BillingAddress], [t].[CancellationReason], [t].[CancelledBy], [t].[CancelledOn], [t].[ConfirmedBy], [t].[ConfirmedOn], [t].[ContactEmail], [t].[ContactPerson], [t].[ContactPhone], [t].[CreatedAtUtc], [t].[CreatedBy], [t].[Currency], [t].[CustomerCode], [t].[CustomerId], [t].[CustomerName], [t].[CustomerPODate], [t].[CustomerPONumber], [t].[CustomerRemarks], [t].[InternalRemarks], [t].[OrderDate], [t].[PaymentTerms], [t].[Priority], [t].[RequiredDeliveryDate], [t].[RowVersion], [t].[SalesOrderNumber], [t].[ShippingAddress], [t].[Status], [t].[TaxAmount], [t].[UpdatedAtUtc], [t].[UpdatedBy], [t].[Id0], [t].[BillingAddress0], [t].[City], [t].[ContactPerson0], [t].[Country], [t].[CreatedAtUtc0], [t].[CreatedBy0], [t].[CreditDays], [t].[CustomerCode0], [t].[CustomerName0], [t].[Email], [t].[GSTNumber], [t].[IsActive], [t].[PAN], [t].[PaymentTerms0], [t].[Phone], [t].[PostalCode], [t].[Remarks], [t].[RowVersion0], [t].[ShippingAddress0], [t].[ShortName], [t].[State], [t].[UpdatedAtUtc0], [t].[UpdatedBy0], [s0].[Id], [s0].[Category], [s0].[CoreLossPerKg], [s0].[CreatedOn], [s0].[CustomerItemReference], [s0].[Description], [s0].[DispatchedQuantity], [s0].[DrawingNumber], [s0].[DrawingRevision], [s0].[FulfilledQuantity], [s0].[GradeCode], [s0].[GradeId], [s0].[Length], [s0].[LineAmount], [s0].[LineNumber], [s0].[ModifiedOn], [s0].[OEMJobNumber], [s0].[OrderedQuantity], [s0].[ProductType], [s0].[QuantityUnit], [s0].[ReadyQuantity], [s0].[Remarks], [s0].[RequiredDeliveryDate], [s0].[SalesOrderId], [s0].[Thickness], [s0].[TransformerRating], [s0].[UnitPrice], [s0].[Width], [s0].[WorkOrderStatus]
FROM (
    SELECT TOP(1) [s].[Id], [s].[BillingAddress], [s].[CancellationReason], [s].[CancelledBy], [s].[CancelledOn], [s].[ConfirmedBy], [s].[ConfirmedOn], [s].[ContactEmail], [s].[ContactPerson], [s].[ContactPhone], [s].[CreatedAtUtc], [s].[CreatedBy], [s].[Currency], [s].[CustomerCode], [s].[CustomerId], [s].[CustomerName], [s].[CustomerPODate], [s].[CustomerPONumber], [s].[CustomerRemarks], [s].[InternalRemarks], [s].[OrderDate], [s].[PaymentTerms], [s].[Priority], [s].[RequiredDeliveryDate], [s].[RowVersion], [s].[SalesOrderNumber], [s].[ShippingAddress], [s].[Status], [s].[TaxAmount], [s].[UpdatedAtUtc], [s].[UpdatedBy], [c].[Id] AS [Id0], [c].[BillingAddress] AS [BillingAddress0], [c].[City], [c].[ContactPerson] AS [ContactPerson0], [c].[Country], [c].[CreatedAtUtc] AS [CreatedAtUtc0], [c].[CreatedBy] AS [CreatedBy0], [c].[CreditDays], [c].[CustomerCode] AS [CustomerCode0], [c].[CustomerName] AS [CustomerName0], [c].[Email], [c].[GSTNumber], [c].[IsActive], [c].[PAN], [c].[PaymentTerms] AS [PaymentTerms0], [c].[Phone], [c].[PostalCode], [c].[Remarks], [c].[RowVersion] AS [RowVersion0], [c].[ShippingAddress] AS [ShippingAddress0], [c].[ShortName], [c].[State], [c].[UpdatedAtUtc] AS [UpdatedAtUtc0], [c].[UpdatedBy] AS [UpdatedBy0]
    FROM [sales].[SalesOrders] AS [s]
    INNER JOIN [sales].[Customers] AS [c] ON [s].[CustomerId] = [c].[Id]
    WHERE [s].[Id] = @__id_0
) AS [t]
LEFT JOIN [sales].[SalesOrderLines] AS [s0] ON [t].[Id] = [s0].[SalesOrderId]
ORDER BY [t].[Id], [t].[Id0]
[23:20:54 WRN] Savepoints are disabled because Multiple Active Result Sets (MARS) is enabled. If 'SaveChanges' fails, then the transaction cannot be automatically rolled back to a known clean state. Instead, the transaction should be rolled back by the application before retrying 'SaveChanges'. See https://go.microsoft.com/fwlink/?linkid=2149338 for more information and examples. To identify the code which triggers this warning, call 'ConfigureWarnings(w => w.Throw(SqlServerEventId.SavepointsDisabledBecauseOfMARS))'.
[23:20:54 INF] Executed DbCommand (2ms) [Parameters=[@p0='?' (DbType = Guid), @p1='?' (DbType = Guid)], CommandType='Text', CommandTimeout='30']
SET NOCOUNT ON;
DELETE FROM [sales].[SalesOrderLines]
OUTPUT 1
WHERE [Id] = @p0;
DELETE FROM [sales].[SalesOrderLines]
OUTPUT 1
WHERE [Id] = @p1;
[23:20:54 INF] Executed DbCommand (0ms) [Parameters=[@__r_CustomerId_0='?' (DbType = Guid)], CommandType='Text', CommandTimeout='30']
SELECT TOP(1) [c].[Id], [c].[BillingAddress], [c].[City], [c].[ContactPerson], [c].[Country], [c].[CreatedAtUtc], [c].[CreatedBy], [c].[CreditDays], [c].[CustomerCode], [c].[CustomerName], [c].[Email], [c].[GSTNumber], [c].[IsActive], [c].[PAN], [c].[PaymentTerms], [c].[Phone], [c].[PostalCode], [c].[Remarks], [c].[RowVersion], [c].[ShippingAddress], [c].[ShortName], [c].[State], [c].[UpdatedAtUtc], [c].[UpdatedBy]
FROM [sales].[Customers] AS [c]
WHERE [c].[Id] = @__r_CustomerId_0
[23:20:54 INF] Executed DbCommand (0ms) [Parameters=[@__r_GradeId_0='?' (DbType = Guid)], CommandType='Text', CommandTimeout='30']
SELECT TOP(1) [g].[Id], [g].[Category], [g].[Code], [g].[CoreLossPerKg], [g].[CreatedAtUtc], [g].[CreatedBy], [g].[Description], [g].[IsActive], [g].[Name], [g].[RowVersion], [g].[ThicknessMm], [g].[UpdatedAtUtc], [g].[UpdatedBy]
FROM [app].[Grades] AS [g]
WHERE [g].[Id] = @__r_GradeId_0 AND [g].[IsActive] = CAST(1 AS bit)
[23:20:54 INF] Executed DbCommand (1ms) [Parameters=[@__r_GradeId_0='?' (DbType = Guid)], CommandType='Text', CommandTimeout='30']
SELECT TOP(1) [g].[Id], [g].[Category], [g].[Code], [g].[CoreLossPerKg], [g].[CreatedAtUtc], [g].[CreatedBy], [g].[Description], [g].[IsActive], [g].[Name], [g].[RowVersion], [g].[ThicknessMm], [g].[UpdatedAtUtc], [g].[UpdatedBy]
FROM [app].[Grades] AS [g]
WHERE [g].[Id] = @__r_GradeId_0 AND [g].[IsActive] = CAST(1 AS bit)
[23:20:54 WRN] Savepoints are disabled because Multiple Active Result Sets (MARS) is enabled. If 'SaveChanges' fails, then the transaction cannot be automatically rolled back to a known clean state. Instead, the transaction should be rolled back by the application before retrying 'SaveChanges'. See https://go.microsoft.com/fwlink/?linkid=2149338 for more information and examples. To identify the code which triggers this warning, call 'ConfigureWarnings(w => w.Throw(SqlServerEventId.SavepointsDisabledBecauseOfMARS))'.
[23:20:54 INF] Executed DbCommand (4ms) [Parameters=[@p0='?' (DbType = Guid), @p1='?' (Size = 4000), @p2='?' (Precision = 18) (Scale = 4) (DbType = Decimal), @p3='?' (DbType = DateTimeOffset), @p4='?' (Size = 4000), @p5='?' (Size = 500), @p6='?' (Precision = 18) (Scale = 3) (DbType = Decimal), @p7='?' (Size = 4000), @p8='?' (Size = 4000), @p9='?' (Precision = 18) (Scale = 3) (DbType = Decimal), @p10='?' (Size = 4000), @p11='?' (DbType = Guid), @p12='?' (Precision = 18) (Scale = 3) (DbType = Decimal), @p13='?' (Precision = 18) (Scale = 2) (DbType = Decimal), @p14='?' (DbType = Int32), @p15='?' (DbType = DateTimeOffset), @p16='?' (Size = 4000), @p17='?' (Precision = 18) (Scale = 3) (DbType = Decimal), @p18='?' (Size = 30), @p19='?' (Size = 20), @p20='?' (Precision = 18) (Scale = 3) (DbType = Decimal), @p21='?' (Size = 4000), @p22='?' (DbType = Date), @p23='?' (DbType = Guid), @p24='?' (Precision = 18) (Scale = 3) (DbType = Decimal), @p25='?' (Size = 4000), @p26='?' (Precision = 18) (Scale = 2) (DbType = Decimal), @p27='?' (Precision = 18) (Scale = 3) (DbType = Decimal), @p28='?' (Size = 4000), @p29='?' (DbType = Guid), @p30='?' (Size = 4000), @p31='?' (Precision = 18) (Scale = 4) (DbType = Decimal), @p32='?' (DbType = DateTimeOffset), @p33='?' (Size = 4000), @p34='?' (Size = 500), @p35='?' (Precision = 18) (Scale = 3) (DbType = Decimal), @p36='?' (Size = 4000), @p37='?' (Size = 4000), @p38='?' (Precision = 18) (Scale = 3) (DbType = Decimal), @p39='?' (Size = 4000), @p40='?' (DbType = Guid), @p41='?' (Precision = 18) (Scale = 3) (DbType = Decimal), @p42='?' (Precision = 18) (Scale = 2) (DbType = Decimal), @p43='?' (DbType = Int32), @p44='?' (DbType = DateTimeOffset), @p45='?' (Size = 4000), @p46='?' (Precision = 18) (Scale = 3) (DbType = Decimal), @p47='?' (Size = 30), @p48='?' (Size = 20), @p49='?' (Precision = 18) (Scale = 3) (DbType = Decimal), @p50='?' (Size = 4000), @p51='?' (DbType = Date), @p52='?' (DbType = Guid), @p53='?' (Precision = 18) (Scale = 3) (DbType = Decimal), @p54='?' (Size = 4000), @p55='?' (Precision = 18) (Scale = 2) (DbType = Decimal), @p56='?' (Precision = 18) (Scale = 3) (DbType = Decimal), @p57='?' (Size = 4000)], CommandType='Text', CommandTimeout='30']
SET IMPLICIT_TRANSACTIONS OFF;
SET NOCOUNT ON;
INSERT INTO [sales].[SalesOrderLines] ([Id], [Category], [CoreLossPerKg], [CreatedOn], [CustomerItemReference], [Description], [DispatchedQuantity], [DrawingNumber], [DrawingRevision], [FulfilledQuantity], [GradeCode], [GradeId], [Length], [LineAmount], [LineNumber], [ModifiedOn], [OEMJobNumber], [OrderedQuantity], [ProductType], [QuantityUnit], [ReadyQuantity], [Remarks], [RequiredDeliveryDate], [SalesOrderId], [Thickness], [TransformerRating], [UnitPrice], [Width], [WorkOrderStatus])
VALUES (@p0, @p1, @p2, @p3, @p4, @p5, @p6, @p7, @p8, @p9, @p10, @p11, @p12, @p13, @p14, @p15, @p16, @p17, @p18, @p19, @p20, @p21, @p22, @p23, @p24, @p25, @p26, @p27, @p28),
(@p29, @p30, @p31, @p32, @p33, @p34, @p35, @p36, @p37, @p38, @p39, @p40, @p41, @p42, @p43, @p44, @p45, @p46, @p47, @p48, @p49, @p50, @p51, @p52, @p53, @p54, @p55, @p56, @p57);
[23:20:54 INF] HTTP PUT /api/sales-orders/34cc9218-a2fa-4d02-870d-791792276082 responded 200 in 20.8722 ms
[23:20:54 INF] HTTP OPTIONS /api/sales-orders responded 204 in 0.0299 ms
[23:20:54 INF] Executed DbCommand (0ms) [Parameters=[], CommandType='Text', CommandTimeout='30']
SELECT COUNT(*)
FROM [sales].[SalesOrders] AS [s]
[23:20:54 INF] Executed DbCommand (1ms) [Parameters=[@__p_0='?' (DbType = Int32), @__p_1='?' (DbType = Int32)], CommandType='Text', CommandTimeout='30']
SELECT [t].[Id], [t].[BillingAddress], [t].[CancellationReason], [t].[CancelledBy], [t].[CancelledOn], [t].[ConfirmedBy], [t].[ConfirmedOn], [t].[ContactEmail], [t].[ContactPerson], [t].[ContactPhone], [t].[CreatedAtUtc], [t].[CreatedBy], [t].[Currency], [t].[CustomerCode], [t].[CustomerId], [t].[CustomerName], [t].[CustomerPODate], [t].[CustomerPONumber], [t].[CustomerRemarks], [t].[InternalRemarks], [t].[OrderDate], [t].[PaymentTerms], [t].[Priority], [t].[RequiredDeliveryDate], [t].[RowVersion], [t].[SalesOrderNumber], [t].[ShippingAddress], [t].[Status], [t].[TaxAmount], [t].[UpdatedAtUtc], [t].[UpdatedBy], [s0].[Id], [s0].[Category], [s0].[CoreLossPerKg], [s0].[CreatedOn], [s0].[CustomerItemReference], [s0].[Description], [s0].[DispatchedQuantity], [s0].[DrawingNumber], [s0].[DrawingRevision], [s0].[FulfilledQuantity], [s0].[GradeCode], [s0].[GradeId], [s0].[Length], [s0].[LineAmount], [s0].[LineNumber], [s0].[ModifiedOn], [s0].[OEMJobNumber], [s0].[OrderedQuantity], [s0].[ProductType], [s0].[QuantityUnit], [s0].[ReadyQuantity], [s0].[Remarks], [s0].[RequiredDeliveryDate], [s0].[SalesOrderId], [s0].[Thickness], [s0].[TransformerRating], [s0].[UnitPrice], [s0].[Width], [s0].[WorkOrderStatus]
FROM (
    SELECT [s].[Id], [s].[BillingAddress], [s].[CancellationReason], [s].[CancelledBy], [s].[CancelledOn], [s].[ConfirmedBy], [s].[ConfirmedOn], [s].[ContactEmail], [s].[ContactPerson], [s].[ContactPhone], [s].[CreatedAtUtc], [s].[CreatedBy], [s].[Currency], [s].[CustomerCode], [s].[CustomerId], [s].[CustomerName], [s].[CustomerPODate], [s].[CustomerPONumber], [s].[CustomerRemarks], [s].[InternalRemarks], [s].[OrderDate], [s].[PaymentTerms], [s].[Priority], [s].[RequiredDeliveryDate], [s].[RowVersion], [s].[SalesOrderNumber], [s].[ShippingAddress], [s].[Status], [s].[TaxAmount], [s].[UpdatedAtUtc], [s].[UpdatedBy]
    FROM [sales].[SalesOrders] AS [s]
    ORDER BY [s].[OrderDate] DESC, [s].[SalesOrderNumber] DESC
    OFFSET @__p_0 ROWS FETCH NEXT @__p_1 ROWS ONLY
) AS [t]
LEFT JOIN [sales].[SalesOrderLines] AS [s0] ON [t].[Id] = [s0].[SalesOrderId]
ORDER BY [t].[OrderDate] DESC, [t].[SalesOrderNumber] DESC, [t].[Id]
[23:20:54 INF] HTTP GET /api/sales-orders responded 200 in 4.7876 ms
[23:20:56 INF] HTTP OPTIONS /api/customers responded 204 in 0.0352 ms
[23:20:56 INF] HTTP OPTIONS /api/lookups/grades responded 204 in 0.0549 ms
[23:20:56 INF] HTTP OPTIONS /api/sales-orders/next-number responded 204 in 0.0170 ms
[23:20:56 INF] Executed DbCommand (1ms) [Parameters=[@__prefix_0_startswith='?' (Size = 30)], CommandType='Text', CommandTimeout='30']
SELECT TOP(1) [s].[SalesOrderNumber]
FROM [sales].[SalesOrders] AS [s]
WHERE [s].[SalesOrderNumber] LIKE @__prefix_0_startswith ESCAPE N'\'
ORDER BY [s].[SalesOrderNumber] DESC
[23:20:56 INF] Executed DbCommand (1ms) [Parameters=[], CommandType='Text', CommandTimeout='30']
SELECT [g].[Id], [g].[Code], [g].[Name], [g].[ThicknessMm], [g].[Category], [g].[CoreLossPerKg]
FROM [app].[Grades] AS [g]
WHERE [g].[IsActive] = CAST(1 AS bit)
ORDER BY [g].[Code]
[23:20:56 INF] Executed DbCommand (1ms) [Parameters=[@__isActive_0='?' (DbType = Boolean)], CommandType='Text', CommandTimeout='30']
SELECT COUNT(*)
FROM [sales].[Customers] AS [c]
WHERE [c].[IsActive] = @__isActive_0
[23:20:56 INF] HTTP GET /api/sales-orders/next-number responded 200 in 2.8575 ms
[23:20:56 INF] HTTP GET /api/lookups/grades responded 200 in 3.5288 ms
[23:20:56 INF] Executed DbCommand (1ms) [Parameters=[@__isActive_0='?' (DbType = Boolean), @__p_1='?' (DbType = Int32), @__p_2='?' (DbType = Int32)], CommandType='Text', CommandTimeout='30']
SELECT [c].[Id], [c].[BillingAddress], [c].[City], [c].[ContactPerson], [c].[Country], [c].[CreatedAtUtc], [c].[CreatedBy], [c].[CreditDays], [c].[CustomerCode], [c].[CustomerName], [c].[Email], [c].[GSTNumber], [c].[IsActive], [c].[PAN], [c].[PaymentTerms], [c].[Phone], [c].[PostalCode], [c].[Remarks], [c].[RowVersion], [c].[ShippingAddress], [c].[ShortName], [c].[State], [c].[UpdatedAtUtc], [c].[UpdatedBy]
FROM [sales].[Customers] AS [c]
WHERE [c].[IsActive] = @__isActive_0
ORDER BY [c].[CustomerCode]
OFFSET @__p_1 ROWS FETCH NEXT @__p_2 ROWS ONLY
[23:20:56 INF] HTTP GET /api/customers responded 200 in 6.1073 ms
[23:20:56 INF] Executed DbCommand (1ms) [Parameters=[@__id_0='?' (DbType = Guid)], CommandType='Text', CommandTimeout='30']
SELECT [t].[Id], [t].[BillingAddress], [t].[CancellationReason], [t].[CancelledBy], [t].[CancelledOn], [t].[ConfirmedBy], [t].[ConfirmedOn], [t].[ContactEmail], [t].[ContactPerson], [t].[ContactPhone], [t].[CreatedAtUtc], [t].[CreatedBy], [t].[Currency], [t].[CustomerCode], [t].[CustomerId], [t].[CustomerName], [t].[CustomerPODate], [t].[CustomerPONumber], [t].[CustomerRemarks], [t].[InternalRemarks], [t].[OrderDate], [t].[PaymentTerms], [t].[Priority], [t].[RequiredDeliveryDate], [t].[RowVersion], [t].[SalesOrderNumber], [t].[ShippingAddress], [t].[Status], [t].[TaxAmount], [t].[UpdatedAtUtc], [t].[UpdatedBy], [t].[Id0], [t].[BillingAddress0], [t].[City], [t].[ContactPerson0], [t].[Country], [t].[CreatedAtUtc0], [t].[CreatedBy0], [t].[CreditDays], [t].[CustomerCode0], [t].[CustomerName0], [t].[Email], [t].[GSTNumber], [t].[IsActive], [t].[PAN], [t].[PaymentTerms0], [t].[Phone], [t].[PostalCode], [t].[Remarks], [t].[RowVersion0], [t].[ShippingAddress0], [t].[ShortName], [t].[State], [t].[UpdatedAtUtc0], [t].[UpdatedBy0], [s0].[Id], [s0].[Category], [s0].[CoreLossPerKg], [s0].[CreatedOn], [s0].[CustomerItemReference], [s0].[Description], [s0].[DispatchedQuantity], [s0].[DrawingNumber], [s0].[DrawingRevision], [s0].[FulfilledQuantity], [s0].[GradeCode], [s0].[GradeId], [s0].[Length], [s0].[LineAmount], [s0].[LineNumber], [s0].[ModifiedOn], [s0].[OEMJobNumber], [s0].[OrderedQuantity], [s0].[ProductType], [s0].[QuantityUnit], [s0].[ReadyQuantity], [s0].[Remarks], [s0].[RequiredDeliveryDate], [s0].[SalesOrderId], [s0].[Thickness], [s0].[TransformerRating], [s0].[UnitPrice], [s0].[Width], [s0].[WorkOrderStatus]
FROM (
    SELECT TOP(1) [s].[Id], [s].[BillingAddress], [s].[CancellationReason], [s].[CancelledBy], [s].[CancelledOn], [s].[ConfirmedBy], [s].[ConfirmedOn], [s].[ContactEmail], [s].[ContactPerson], [s].[ContactPhone], [s].[CreatedAtUtc], [s].[CreatedBy], [s].[Currency], [s].[CustomerCode], [s].[CustomerId], [s].[CustomerName], [s].[CustomerPODate], [s].[CustomerPONumber], [s].[CustomerRemarks], [s].[InternalRemarks], [s].[OrderDate], [s].[PaymentTerms], [s].[Priority], [s].[RequiredDeliveryDate], [s].[RowVersion], [s].[SalesOrderNumber], [s].[ShippingAddress], [s].[Status], [s].[TaxAmount], [s].[UpdatedAtUtc], [s].[UpdatedBy], [c].[Id] AS [Id0], [c].[BillingAddress] AS [BillingAddress0], [c].[City], [c].[ContactPerson] AS [ContactPerson0], [c].[Country], [c].[CreatedAtUtc] AS [CreatedAtUtc0], [c].[CreatedBy] AS [CreatedBy0], [c].[CreditDays], [c].[CustomerCode] AS [CustomerCode0], [c].[CustomerName] AS [CustomerName0], [c].[Email], [c].[GSTNumber], [c].[IsActive], [c].[PAN], [c].[PaymentTerms] AS [PaymentTerms0], [c].[Phone], [c].[PostalCode], [c].[Remarks], [c].[RowVersion] AS [RowVersion0], [c].[ShippingAddress] AS [ShippingAddress0], [c].[ShortName], [c].[State], [c].[UpdatedAtUtc] AS [UpdatedAtUtc0], [c].[UpdatedBy] AS [UpdatedBy0]
    FROM [sales].[SalesOrders] AS [s]
    INNER JOIN [sales].[Customers] AS [c] ON [s].[CustomerId] = [c].[Id]
    WHERE [s].[Id] = @__id_0
) AS [t]
LEFT JOIN [sales].[SalesOrderLines] AS [s0] ON [t].[Id] = [s0].[SalesOrderId]
ORDER BY [t].[Id], [t].[Id0]
[23:20:56 INF] HTTP GET /api/sales-orders/34cc9218-a2fa-4d02-870d-791792276082 responded 200 in 4.5609 ms
[23:24:42 INF] HTTP OPTIONS /api/sales-orders/34cc9218-a2fa-4d02-870d-791792276082 responded 204 in 0.0741 ms
[23:24:42 INF] Executed DbCommand (1ms) [Parameters=[@__id_0='?' (DbType = Guid)], CommandType='Text', CommandTimeout='30']
SELECT [t].[Id], [t].[BillingAddress], [t].[CancellationReason], [t].[CancelledBy], [t].[CancelledOn], [t].[ConfirmedBy], [t].[ConfirmedOn], [t].[ContactEmail], [t].[ContactPerson], [t].[ContactPhone], [t].[CreatedAtUtc], [t].[CreatedBy], [t].[Currency], [t].[CustomerCode], [t].[CustomerId], [t].[CustomerName], [t].[CustomerPODate], [t].[CustomerPONumber], [t].[CustomerRemarks], [t].[InternalRemarks], [t].[OrderDate], [t].[PaymentTerms], [t].[Priority], [t].[RequiredDeliveryDate], [t].[RowVersion], [t].[SalesOrderNumber], [t].[ShippingAddress], [t].[Status], [t].[TaxAmount], [t].[UpdatedAtUtc], [t].[UpdatedBy], [t].[Id0], [t].[BillingAddress0], [t].[City], [t].[ContactPerson0], [t].[Country], [t].[CreatedAtUtc0], [t].[CreatedBy0], [t].[CreditDays], [t].[CustomerCode0], [t].[CustomerName0], [t].[Email], [t].[GSTNumber], [t].[IsActive], [t].[PAN], [t].[PaymentTerms0], [t].[Phone], [t].[PostalCode], [t].[Remarks], [t].[RowVersion0], [t].[ShippingAddress0], [t].[ShortName], [t].[State], [t].[UpdatedAtUtc0], [t].[UpdatedBy0], [s0].[Id], [s0].[Category], [s0].[CoreLossPerKg], [s0].[CreatedOn], [s0].[CustomerItemReference], [s0].[Description], [s0].[DispatchedQuantity], [s0].[DrawingNumber], [s0].[DrawingRevision], [s0].[FulfilledQuantity], [s0].[GradeCode], [s0].[GradeId], [s0].[Length], [s0].[LineAmount], [s0].[LineNumber], [s0].[ModifiedOn], [s0].[OEMJobNumber], [s0].[OrderedQuantity], [s0].[ProductType], [s0].[QuantityUnit], [s0].[ReadyQuantity], [s0].[Remarks], [s0].[RequiredDeliveryDate], [s0].[SalesOrderId], [s0].[Thickness], [s0].[TransformerRating], [s0].[UnitPrice], [s0].[Width], [s0].[WorkOrderStatus]
FROM (
    SELECT TOP(1) [s].[Id], [s].[BillingAddress], [s].[CancellationReason], [s].[CancelledBy], [s].[CancelledOn], [s].[ConfirmedBy], [s].[ConfirmedOn], [s].[ContactEmail], [s].[ContactPerson], [s].[ContactPhone], [s].[CreatedAtUtc], [s].[CreatedBy], [s].[Currency], [s].[CustomerCode], [s].[CustomerId], [s].[CustomerName], [s].[CustomerPODate], [s].[CustomerPONumber], [s].[CustomerRemarks], [s].[InternalRemarks], [s].[OrderDate], [s].[PaymentTerms], [s].[Priority], [s].[RequiredDeliveryDate], [s].[RowVersion], [s].[SalesOrderNumber], [s].[ShippingAddress], [s].[Status], [s].[TaxAmount], [s].[UpdatedAtUtc], [s].[UpdatedBy], [c].[Id] AS [Id0], [c].[BillingAddress] AS [BillingAddress0], [c].[City], [c].[ContactPerson] AS [ContactPerson0], [c].[Country], [c].[CreatedAtUtc] AS [CreatedAtUtc0], [c].[CreatedBy] AS [CreatedBy0], [c].[CreditDays], [c].[CustomerCode] AS [CustomerCode0], [c].[CustomerName] AS [CustomerName0], [c].[Email], [c].[GSTNumber], [c].[IsActive], [c].[PAN], [c].[PaymentTerms] AS [PaymentTerms0], [c].[Phone], [c].[PostalCode], [c].[Remarks], [c].[RowVersion] AS [RowVersion0], [c].[ShippingAddress] AS [ShippingAddress0], [c].[ShortName], [c].[State], [c].[UpdatedAtUtc] AS [UpdatedAtUtc0], [c].[UpdatedBy] AS [UpdatedBy0]
    FROM [sales].[SalesOrders] AS [s]
    INNER JOIN [sales].[Customers] AS [c] ON [s].[CustomerId] = [c].[Id]
    WHERE [s].[Id] = @__id_0
) AS [t]
LEFT JOIN [sales].[SalesOrderLines] AS [s0] ON [t].[Id] = [s0].[SalesOrderId]
ORDER BY [t].[Id], [t].[Id0]
[23:24:42 WRN] Savepoints are disabled because Multiple Active Result Sets (MARS) is enabled. If 'SaveChanges' fails, then the transaction cannot be automatically rolled back to a known clean state. Instead, the transaction should be rolled back by the application before retrying 'SaveChanges'. See https://go.microsoft.com/fwlink/?linkid=2149338 for more information and examples. To identify the code which triggers this warning, call 'ConfigureWarnings(w => w.Throw(SqlServerEventId.SavepointsDisabledBecauseOfMARS))'.
[23:24:42 INF] Executed DbCommand (1ms) [Parameters=[@p0='?' (DbType = Guid), @p1='?' (DbType = Guid)], CommandType='Text', CommandTimeout='30']
SET NOCOUNT ON;
DELETE FROM [sales].[SalesOrderLines]
OUTPUT 1
WHERE [Id] = @p0;
DELETE FROM [sales].[SalesOrderLines]
OUTPUT 1
WHERE [Id] = @p1;
[23:24:42 INF] Executed DbCommand (0ms) [Parameters=[@__r_CustomerId_0='?' (DbType = Guid)], CommandType='Text', CommandTimeout='30']
SELECT TOP(1) [c].[Id], [c].[BillingAddress], [c].[City], [c].[ContactPerson], [c].[Country], [c].[CreatedAtUtc], [c].[CreatedBy], [c].[CreditDays], [c].[CustomerCode], [c].[CustomerName], [c].[Email], [c].[GSTNumber], [c].[IsActive], [c].[PAN], [c].[PaymentTerms], [c].[Phone], [c].[PostalCode], [c].[Remarks], [c].[RowVersion], [c].[ShippingAddress], [c].[ShortName], [c].[State], [c].[UpdatedAtUtc], [c].[UpdatedBy]
FROM [sales].[Customers] AS [c]
WHERE [c].[Id] = @__r_CustomerId_0
[23:24:42 INF] Executed DbCommand (0ms) [Parameters=[@__r_GradeId_0='?' (DbType = Guid)], CommandType='Text', CommandTimeout='30']
SELECT TOP(1) [g].[Id], [g].[Category], [g].[Code], [g].[CoreLossPerKg], [g].[CreatedAtUtc], [g].[CreatedBy], [g].[Description], [g].[IsActive], [g].[Name], [g].[RowVersion], [g].[ThicknessMm], [g].[UpdatedAtUtc], [g].[UpdatedBy]
FROM [app].[Grades] AS [g]
WHERE [g].[Id] = @__r_GradeId_0 AND [g].[IsActive] = CAST(1 AS bit)
[23:24:42 INF] Executed DbCommand (0ms) [Parameters=[@__r_GradeId_0='?' (DbType = Guid)], CommandType='Text', CommandTimeout='30']
SELECT TOP(1) [g].[Id], [g].[Category], [g].[Code], [g].[CoreLossPerKg], [g].[CreatedAtUtc], [g].[CreatedBy], [g].[Description], [g].[IsActive], [g].[Name], [g].[RowVersion], [g].[ThicknessMm], [g].[UpdatedAtUtc], [g].[UpdatedBy]
FROM [app].[Grades] AS [g]
WHERE [g].[Id] = @__r_GradeId_0 AND [g].[IsActive] = CAST(1 AS bit)
[23:24:42 INF] Executed DbCommand (1ms) [Parameters=[@__r_GradeId_0='?' (DbType = Guid)], CommandType='Text', CommandTimeout='30']
SELECT TOP(1) [g].[Id], [g].[Category], [g].[Code], [g].[CoreLossPerKg], [g].[CreatedAtUtc], [g].[CreatedBy], [g].[Description], [g].[IsActive], [g].[Name], [g].[RowVersion], [g].[ThicknessMm], [g].[UpdatedAtUtc], [g].[UpdatedBy]
FROM [app].[Grades] AS [g]
WHERE [g].[Id] = @__r_GradeId_0 AND [g].[IsActive] = CAST(1 AS bit)
[23:24:42 WRN] Savepoints are disabled because Multiple Active Result Sets (MARS) is enabled. If 'SaveChanges' fails, then the transaction cannot be automatically rolled back to a known clean state. Instead, the transaction should be rolled back by the application before retrying 'SaveChanges'. See https://go.microsoft.com/fwlink/?linkid=2149338 for more information and examples. To identify the code which triggers this warning, call 'ConfigureWarnings(w => w.Throw(SqlServerEventId.SavepointsDisabledBecauseOfMARS))'.
[23:24:42 INF] Executed DbCommand (5ms) [Parameters=[@p0='?' (DbType = Guid), @p1='?' (Size = 4000), @p2='?' (Precision = 18) (Scale = 4) (DbType = Decimal), @p3='?' (DbType = DateTimeOffset), @p4='?' (Size = 4000), @p5='?' (Size = 500), @p6='?' (Precision = 18) (Scale = 3) (DbType = Decimal), @p7='?' (Size = 4000), @p8='?' (Size = 4000), @p9='?' (Precision = 18) (Scale = 3) (DbType = Decimal), @p10='?' (Size = 4000), @p11='?' (DbType = Guid), @p12='?' (Precision = 18) (Scale = 3) (DbType = Decimal), @p13='?' (Precision = 18) (Scale = 2) (DbType = Decimal), @p14='?' (DbType = Int32), @p15='?' (DbType = DateTimeOffset), @p16='?' (Size = 4000), @p17='?' (Precision = 18) (Scale = 3) (DbType = Decimal), @p18='?' (Size = 30), @p19='?' (Size = 20), @p20='?' (Precision = 18) (Scale = 3) (DbType = Decimal), @p21='?' (Size = 4000), @p22='?' (DbType = Date), @p23='?' (DbType = Guid), @p24='?' (Precision = 18) (Scale = 3) (DbType = Decimal), @p25='?' (Size = 4000), @p26='?' (Precision = 18) (Scale = 2) (DbType = Decimal), @p27='?' (Precision = 18) (Scale = 3) (DbType = Decimal), @p28='?' (Size = 4000), @p29='?' (DbType = Guid), @p30='?' (Size = 4000), @p31='?' (Precision = 18) (Scale = 4) (DbType = Decimal), @p32='?' (DbType = DateTimeOffset), @p33='?' (Size = 4000), @p34='?' (Size = 500), @p35='?' (Precision = 18) (Scale = 3) (DbType = Decimal), @p36='?' (Size = 4000), @p37='?' (Size = 4000), @p38='?' (Precision = 18) (Scale = 3) (DbType = Decimal), @p39='?' (Size = 4000), @p40='?' (DbType = Guid), @p41='?' (Precision = 18) (Scale = 3) (DbType = Decimal), @p42='?' (Precision = 18) (Scale = 2) (DbType = Decimal), @p43='?' (DbType = Int32), @p44='?' (DbType = DateTimeOffset), @p45='?' (Size = 4000), @p46='?' (Precision = 18) (Scale = 3) (DbType = Decimal), @p47='?' (Size = 30), @p48='?' (Size = 20), @p49='?' (Precision = 18) (Scale = 3) (DbType = Decimal), @p50='?' (Size = 4000), @p51='?' (DbType = Date), @p52='?' (DbType = Guid), @p53='?' (Precision = 18) (Scale = 3) (DbType = Decimal), @p54='?' (Size = 4000), @p55='?' (Precision = 18) (Scale = 2) (DbType = Decimal), @p56='?' (Precision = 18) (Scale = 3) (DbType = Decimal), @p57='?' (Size = 4000), @p58='?' (DbType = Guid), @p59='?' (Size = 4000), @p60='?' (Precision = 18) (Scale = 4) (DbType = Decimal), @p61='?' (DbType = DateTimeOffset), @p62='?' (Size = 4000), @p63='?' (Size = 500), @p64='?' (Precision = 18) (Scale = 3) (DbType = Decimal), @p65='?' (Size = 4000), @p66='?' (Size = 4000), @p67='?' (Precision = 18) (Scale = 3) (DbType = Decimal), @p68='?' (Size = 4000), @p69='?' (DbType = Guid), @p70='?' (Precision = 18) (Scale = 3) (DbType = Decimal), @p71='?' (Precision = 18) (Scale = 2) (DbType = Decimal), @p72='?' (DbType = Int32), @p73='?' (DbType = DateTimeOffset), @p74='?' (Size = 4000), @p75='?' (Precision = 18) (Scale = 3) (DbType = Decimal), @p76='?' (Size = 30), @p77='?' (Size = 20), @p78='?' (Precision = 18) (Scale = 3) (DbType = Decimal), @p79='?' (Size = 4000), @p80='?' (DbType = Date), @p81='?' (DbType = Guid), @p82='?' (Precision = 18) (Scale = 3) (DbType = Decimal), @p83='?' (Size = 4000), @p84='?' (Precision = 18) (Scale = 2) (DbType = Decimal), @p85='?' (Precision = 18) (Scale = 3) (DbType = Decimal), @p86='?' (Size = 4000)], CommandType='Text', CommandTimeout='30']
SET IMPLICIT_TRANSACTIONS OFF;
SET NOCOUNT ON;
INSERT INTO [sales].[SalesOrderLines] ([Id], [Category], [CoreLossPerKg], [CreatedOn], [CustomerItemReference], [Description], [DispatchedQuantity], [DrawingNumber], [DrawingRevision], [FulfilledQuantity], [GradeCode], [GradeId], [Length], [LineAmount], [LineNumber], [ModifiedOn], [OEMJobNumber], [OrderedQuantity], [ProductType], [QuantityUnit], [ReadyQuantity], [Remarks], [RequiredDeliveryDate], [SalesOrderId], [Thickness], [TransformerRating], [UnitPrice], [Width], [WorkOrderStatus])
VALUES (@p0, @p1, @p2, @p3, @p4, @p5, @p6, @p7, @p8, @p9, @p10, @p11, @p12, @p13, @p14, @p15, @p16, @p17, @p18, @p19, @p20, @p21, @p22, @p23, @p24, @p25, @p26, @p27, @p28),
(@p29, @p30, @p31, @p32, @p33, @p34, @p35, @p36, @p37, @p38, @p39, @p40, @p41, @p42, @p43, @p44, @p45, @p46, @p47, @p48, @p49, @p50, @p51, @p52, @p53, @p54, @p55, @p56, @p57),
(@p58, @p59, @p60, @p61, @p62, @p63, @p64, @p65, @p66, @p67, @p68, @p69, @p70, @p71, @p72, @p73, @p74, @p75, @p76, @p77, @p78, @p79, @p80, @p81, @p82, @p83, @p84, @p85, @p86);
[23:24:42 INF] HTTP PUT /api/sales-orders/34cc9218-a2fa-4d02-870d-791792276082 responded 200 in 21.6009 ms
[23:24:42 INF] HTTP OPTIONS /api/sales-orders responded 204 in 0.0338 ms
[23:24:42 INF] Executed DbCommand (1ms) [Parameters=[], CommandType='Text', CommandTimeout='30']
SELECT COUNT(*)
FROM [sales].[SalesOrders] AS [s]
[23:24:42 INF] Executed DbCommand (1ms) [Parameters=[@__p_0='?' (DbType = Int32), @__p_1='?' (DbType = Int32)], CommandType='Text', CommandTimeout='30']
SELECT [t].[Id], [t].[BillingAddress], [t].[CancellationReason], [t].[CancelledBy], [t].[CancelledOn], [t].[ConfirmedBy], [t].[ConfirmedOn], [t].[ContactEmail], [t].[ContactPerson], [t].[ContactPhone], [t].[CreatedAtUtc], [t].[CreatedBy], [t].[Currency], [t].[CustomerCode], [t].[CustomerId], [t].[CustomerName], [t].[CustomerPODate], [t].[CustomerPONumber], [t].[CustomerRemarks], [t].[InternalRemarks], [t].[OrderDate], [t].[PaymentTerms], [t].[Priority], [t].[RequiredDeliveryDate], [t].[RowVersion], [t].[SalesOrderNumber], [t].[ShippingAddress], [t].[Status], [t].[TaxAmount], [t].[UpdatedAtUtc], [t].[UpdatedBy], [s0].[Id], [s0].[Category], [s0].[CoreLossPerKg], [s0].[CreatedOn], [s0].[CustomerItemReference], [s0].[Description], [s0].[DispatchedQuantity], [s0].[DrawingNumber], [s0].[DrawingRevision], [s0].[FulfilledQuantity], [s0].[GradeCode], [s0].[GradeId], [s0].[Length], [s0].[LineAmount], [s0].[LineNumber], [s0].[ModifiedOn], [s0].[OEMJobNumber], [s0].[OrderedQuantity], [s0].[ProductType], [s0].[QuantityUnit], [s0].[ReadyQuantity], [s0].[Remarks], [s0].[RequiredDeliveryDate], [s0].[SalesOrderId], [s0].[Thickness], [s0].[TransformerRating], [s0].[UnitPrice], [s0].[Width], [s0].[WorkOrderStatus]
FROM (
    SELECT [s].[Id], [s].[BillingAddress], [s].[CancellationReason], [s].[CancelledBy], [s].[CancelledOn], [s].[ConfirmedBy], [s].[ConfirmedOn], [s].[ContactEmail], [s].[ContactPerson], [s].[ContactPhone], [s].[CreatedAtUtc], [s].[CreatedBy], [s].[Currency], [s].[CustomerCode], [s].[CustomerId], [s].[CustomerName], [s].[CustomerPODate], [s].[CustomerPONumber], [s].[CustomerRemarks], [s].[InternalRemarks], [s].[OrderDate], [s].[PaymentTerms], [s].[Priority], [s].[RequiredDeliveryDate], [s].[RowVersion], [s].[SalesOrderNumber], [s].[ShippingAddress], [s].[Status], [s].[TaxAmount], [s].[UpdatedAtUtc], [s].[UpdatedBy]
    FROM [sales].[SalesOrders] AS [s]
    ORDER BY [s].[OrderDate] DESC, [s].[SalesOrderNumber] DESC
    OFFSET @__p_0 ROWS FETCH NEXT @__p_1 ROWS ONLY
) AS [t]
LEFT JOIN [sales].[SalesOrderLines] AS [s0] ON [t].[Id] = [s0].[SalesOrderId]
ORDER BY [t].[OrderDate] DESC, [t].[SalesOrderNumber] DESC, [t].[Id]
[23:24:42 INF] HTTP GET /api/sales-orders responded 200 in 5.1657 ms
[23:24:44 INF] HTTP OPTIONS /api/customers responded 204 in 0.0524 ms
[23:24:44 INF] HTTP OPTIONS /api/lookups/grades responded 204 in 0.0233 ms
[23:24:44 INF] HTTP OPTIONS /api/sales-orders/next-number responded 204 in 0.0126 ms
[23:24:44 INF] Executed DbCommand (0ms) [Parameters=[@__isActive_0='?' (DbType = Boolean)], CommandType='Text', CommandTimeout='30']
SELECT COUNT(*)
FROM [sales].[Customers] AS [c]
WHERE [c].[IsActive] = @__isActive_0
[23:24:44 INF] Executed DbCommand (0ms) [Parameters=[], CommandType='Text', CommandTimeout='30']
SELECT [g].[Id], [g].[Code], [g].[Name], [g].[ThicknessMm], [g].[Category], [g].[CoreLossPerKg]
FROM [app].[Grades] AS [g]
WHERE [g].[IsActive] = CAST(1 AS bit)
ORDER BY [g].[Code]
[23:24:44 INF] Executed DbCommand (0ms) [Parameters=[@__prefix_0_startswith='?' (Size = 30)], CommandType='Text', CommandTimeout='30']
SELECT TOP(1) [s].[SalesOrderNumber]
FROM [sales].[SalesOrders] AS [s]
WHERE [s].[SalesOrderNumber] LIKE @__prefix_0_startswith ESCAPE N'\'
ORDER BY [s].[SalesOrderNumber] DESC
[23:24:44 INF] HTTP GET /api/lookups/grades responded 200 in 2.0744 ms
[23:24:44 INF] Executed DbCommand (0ms) [Parameters=[@__isActive_0='?' (DbType = Boolean), @__p_1='?' (DbType = Int32), @__p_2='?' (DbType = Int32)], CommandType='Text', CommandTimeout='30']
SELECT [c].[Id], [c].[BillingAddress], [c].[City], [c].[ContactPerson], [c].[Country], [c].[CreatedAtUtc], [c].[CreatedBy], [c].[CreditDays], [c].[CustomerCode], [c].[CustomerName], [c].[Email], [c].[GSTNumber], [c].[IsActive], [c].[PAN], [c].[PaymentTerms], [c].[Phone], [c].[PostalCode], [c].[Remarks], [c].[RowVersion], [c].[ShippingAddress], [c].[ShortName], [c].[State], [c].[UpdatedAtUtc], [c].[UpdatedBy]
FROM [sales].[Customers] AS [c]
WHERE [c].[IsActive] = @__isActive_0
ORDER BY [c].[CustomerCode]
OFFSET @__p_1 ROWS FETCH NEXT @__p_2 ROWS ONLY
[23:24:44 INF] HTTP GET /api/sales-orders/next-number responded 200 in 2.3408 ms
[23:24:44 INF] HTTP GET /api/customers responded 200 in 4.3116 ms
[23:24:44 INF] Executed DbCommand (1ms) [Parameters=[@__id_0='?' (DbType = Guid)], CommandType='Text', CommandTimeout='30']
SELECT [t].[Id], [t].[BillingAddress], [t].[CancellationReason], [t].[CancelledBy], [t].[CancelledOn], [t].[ConfirmedBy], [t].[ConfirmedOn], [t].[ContactEmail], [t].[ContactPerson], [t].[ContactPhone], [t].[CreatedAtUtc], [t].[CreatedBy], [t].[Currency], [t].[CustomerCode], [t].[CustomerId], [t].[CustomerName], [t].[CustomerPODate], [t].[CustomerPONumber], [t].[CustomerRemarks], [t].[InternalRemarks], [t].[OrderDate], [t].[PaymentTerms], [t].[Priority], [t].[RequiredDeliveryDate], [t].[RowVersion], [t].[SalesOrderNumber], [t].[ShippingAddress], [t].[Status], [t].[TaxAmount], [t].[UpdatedAtUtc], [t].[UpdatedBy], [t].[Id0], [t].[BillingAddress0], [t].[City], [t].[ContactPerson0], [t].[Country], [t].[CreatedAtUtc0], [t].[CreatedBy0], [t].[CreditDays], [t].[CustomerCode0], [t].[CustomerName0], [t].[Email], [t].[GSTNumber], [t].[IsActive], [t].[PAN], [t].[PaymentTerms0], [t].[Phone], [t].[PostalCode], [t].[Remarks], [t].[RowVersion0], [t].[ShippingAddress0], [t].[ShortName], [t].[State], [t].[UpdatedAtUtc0], [t].[UpdatedBy0], [s0].[Id], [s0].[Category], [s0].[CoreLossPerKg], [s0].[CreatedOn], [s0].[CustomerItemReference], [s0].[Description], [s0].[DispatchedQuantity], [s0].[DrawingNumber], [s0].[DrawingRevision], [s0].[FulfilledQuantity], [s0].[GradeCode], [s0].[GradeId], [s0].[Length], [s0].[LineAmount], [s0].[LineNumber], [s0].[ModifiedOn], [s0].[OEMJobNumber], [s0].[OrderedQuantity], [s0].[ProductType], [s0].[QuantityUnit], [s0].[ReadyQuantity], [s0].[Remarks], [s0].[RequiredDeliveryDate], [s0].[SalesOrderId], [s0].[Thickness], [s0].[TransformerRating], [s0].[UnitPrice], [s0].[Width], [s0].[WorkOrderStatus]
FROM (
    SELECT TOP(1) [s].[Id], [s].[BillingAddress], [s].[CancellationReason], [s].[CancelledBy], [s].[CancelledOn], [s].[ConfirmedBy], [s].[ConfirmedOn], [s].[ContactEmail], [s].[ContactPerson], [s].[ContactPhone], [s].[CreatedAtUtc], [s].[CreatedBy], [s].[Currency], [s].[CustomerCode], [s].[CustomerId], [s].[CustomerName], [s].[CustomerPODate], [s].[CustomerPONumber], [s].[CustomerRemarks], [s].[InternalRemarks], [s].[OrderDate], [s].[PaymentTerms], [s].[Priority], [s].[RequiredDeliveryDate], [s].[RowVersion], [s].[SalesOrderNumber], [s].[ShippingAddress], [s].[Status], [s].[TaxAmount], [s].[UpdatedAtUtc], [s].[UpdatedBy], [c].[Id] AS [Id0], [c].[BillingAddress] AS [BillingAddress0], [c].[City], [c].[ContactPerson] AS [ContactPerson0], [c].[Country], [c].[CreatedAtUtc] AS [CreatedAtUtc0], [c].[CreatedBy] AS [CreatedBy0], [c].[CreditDays], [c].[CustomerCode] AS [CustomerCode0], [c].[CustomerName] AS [CustomerName0], [c].[Email], [c].[GSTNumber], [c].[IsActive], [c].[PAN], [c].[PaymentTerms] AS [PaymentTerms0], [c].[Phone], [c].[PostalCode], [c].[Remarks], [c].[RowVersion] AS [RowVersion0], [c].[ShippingAddress] AS [ShippingAddress0], [c].[ShortName], [c].[State], [c].[UpdatedAtUtc] AS [UpdatedAtUtc0], [c].[UpdatedBy] AS [UpdatedBy0]
    FROM [sales].[SalesOrders] AS [s]
    INNER JOIN [sales].[Customers] AS [c] ON [s].[CustomerId] = [c].[Id]
    WHERE [s].[Id] = @__id_0
) AS [t]
LEFT JOIN [sales].[SalesOrderLines] AS [s0] ON [t].[Id] = [s0].[SalesOrderId]
ORDER BY [t].[Id], [t].[Id0]
[23:24:44 INF] HTTP GET /api/sales-orders/34cc9218-a2fa-4d02-870d-791792276082 responded 200 in 5.3510 ms
[23:25:39 INF] HTTP OPTIONS /api/sales-orders/34cc9218-a2fa-4d02-870d-791792276082 responded 204 in 0.0478 ms
[23:25:39 INF] Executed DbCommand (1ms) [Parameters=[@__id_0='?' (DbType = Guid)], CommandType='Text', CommandTimeout='30']
SELECT [t].[Id], [t].[BillingAddress], [t].[CancellationReason], [t].[CancelledBy], [t].[CancelledOn], [t].[ConfirmedBy], [t].[ConfirmedOn], [t].[ContactEmail], [t].[ContactPerson], [t].[ContactPhone], [t].[CreatedAtUtc], [t].[CreatedBy], [t].[Currency], [t].[CustomerCode], [t].[CustomerId], [t].[CustomerName], [t].[CustomerPODate], [t].[CustomerPONumber], [t].[CustomerRemarks], [t].[InternalRemarks], [t].[OrderDate], [t].[PaymentTerms], [t].[Priority], [t].[RequiredDeliveryDate], [t].[RowVersion], [t].[SalesOrderNumber], [t].[ShippingAddress], [t].[Status], [t].[TaxAmount], [t].[UpdatedAtUtc], [t].[UpdatedBy], [t].[Id0], [t].[BillingAddress0], [t].[City], [t].[ContactPerson0], [t].[Country], [t].[CreatedAtUtc0], [t].[CreatedBy0], [t].[CreditDays], [t].[CustomerCode0], [t].[CustomerName0], [t].[Email], [t].[GSTNumber], [t].[IsActive], [t].[PAN], [t].[PaymentTerms0], [t].[Phone], [t].[PostalCode], [t].[Remarks], [t].[RowVersion0], [t].[ShippingAddress0], [t].[ShortName], [t].[State], [t].[UpdatedAtUtc0], [t].[UpdatedBy0], [s0].[Id], [s0].[Category], [s0].[CoreLossPerKg], [s0].[CreatedOn], [s0].[CustomerItemReference], [s0].[Description], [s0].[DispatchedQuantity], [s0].[DrawingNumber], [s0].[DrawingRevision], [s0].[FulfilledQuantity], [s0].[GradeCode], [s0].[GradeId], [s0].[Length], [s0].[LineAmount], [s0].[LineNumber], [s0].[ModifiedOn], [s0].[OEMJobNumber], [s0].[OrderedQuantity], [s0].[ProductType], [s0].[QuantityUnit], [s0].[ReadyQuantity], [s0].[Remarks], [s0].[RequiredDeliveryDate], [s0].[SalesOrderId], [s0].[Thickness], [s0].[TransformerRating], [s0].[UnitPrice], [s0].[Width], [s0].[WorkOrderStatus]
FROM (
    SELECT TOP(1) [s].[Id], [s].[BillingAddress], [s].[CancellationReason], [s].[CancelledBy], [s].[CancelledOn], [s].[ConfirmedBy], [s].[ConfirmedOn], [s].[ContactEmail], [s].[ContactPerson], [s].[ContactPhone], [s].[CreatedAtUtc], [s].[CreatedBy], [s].[Currency], [s].[CustomerCode], [s].[CustomerId], [s].[CustomerName], [s].[CustomerPODate], [s].[CustomerPONumber], [s].[CustomerRemarks], [s].[InternalRemarks], [s].[OrderDate], [s].[PaymentTerms], [s].[Priority], [s].[RequiredDeliveryDate], [s].[RowVersion], [s].[SalesOrderNumber], [s].[ShippingAddress], [s].[Status], [s].[TaxAmount], [s].[UpdatedAtUtc], [s].[UpdatedBy], [c].[Id] AS [Id0], [c].[BillingAddress] AS [BillingAddress0], [c].[City], [c].[ContactPerson] AS [ContactPerson0], [c].[Country], [c].[CreatedAtUtc] AS [CreatedAtUtc0], [c].[CreatedBy] AS [CreatedBy0], [c].[CreditDays], [c].[CustomerCode] AS [CustomerCode0], [c].[CustomerName] AS [CustomerName0], [c].[Email], [c].[GSTNumber], [c].[IsActive], [c].[PAN], [c].[PaymentTerms] AS [PaymentTerms0], [c].[Phone], [c].[PostalCode], [c].[Remarks], [c].[RowVersion] AS [RowVersion0], [c].[ShippingAddress] AS [ShippingAddress0], [c].[ShortName], [c].[State], [c].[UpdatedAtUtc] AS [UpdatedAtUtc0], [c].[UpdatedBy] AS [UpdatedBy0]
    FROM [sales].[SalesOrders] AS [s]
    INNER JOIN [sales].[Customers] AS [c] ON [s].[CustomerId] = [c].[Id]
    WHERE [s].[Id] = @__id_0
) AS [t]
LEFT JOIN [sales].[SalesOrderLines] AS [s0] ON [t].[Id] = [s0].[SalesOrderId]
ORDER BY [t].[Id], [t].[Id0]
[23:25:39 WRN] Savepoints are disabled because Multiple Active Result Sets (MARS) is enabled. If 'SaveChanges' fails, then the transaction cannot be automatically rolled back to a known clean state. Instead, the transaction should be rolled back by the application before retrying 'SaveChanges'. See https://go.microsoft.com/fwlink/?linkid=2149338 for more information and examples. To identify the code which triggers this warning, call 'ConfigureWarnings(w => w.Throw(SqlServerEventId.SavepointsDisabledBecauseOfMARS))'.
[23:25:39 INF] Executed DbCommand (5ms) [Parameters=[@p0='?' (DbType = Guid), @p1='?' (DbType = Guid), @p2='?' (DbType = Guid)], CommandType='Text', CommandTimeout='30']
SET NOCOUNT ON;
DELETE FROM [sales].[SalesOrderLines]
OUTPUT 1
WHERE [Id] = @p0;
DELETE FROM [sales].[SalesOrderLines]
OUTPUT 1
WHERE [Id] = @p1;
DELETE FROM [sales].[SalesOrderLines]
OUTPUT 1
WHERE [Id] = @p2;
[23:25:39 INF] Executed DbCommand (1ms) [Parameters=[@__r_CustomerId_0='?' (DbType = Guid)], CommandType='Text', CommandTimeout='30']
SELECT TOP(1) [c].[Id], [c].[BillingAddress], [c].[City], [c].[ContactPerson], [c].[Country], [c].[CreatedAtUtc], [c].[CreatedBy], [c].[CreditDays], [c].[CustomerCode], [c].[CustomerName], [c].[Email], [c].[GSTNumber], [c].[IsActive], [c].[PAN], [c].[PaymentTerms], [c].[Phone], [c].[PostalCode], [c].[Remarks], [c].[RowVersion], [c].[ShippingAddress], [c].[ShortName], [c].[State], [c].[UpdatedAtUtc], [c].[UpdatedBy]
FROM [sales].[Customers] AS [c]
WHERE [c].[Id] = @__r_CustomerId_0
[23:25:39 INF] Executed DbCommand (0ms) [Parameters=[@__r_GradeId_0='?' (DbType = Guid)], CommandType='Text', CommandTimeout='30']
SELECT TOP(1) [g].[Id], [g].[Category], [g].[Code], [g].[CoreLossPerKg], [g].[CreatedAtUtc], [g].[CreatedBy], [g].[Description], [g].[IsActive], [g].[Name], [g].[RowVersion], [g].[ThicknessMm], [g].[UpdatedAtUtc], [g].[UpdatedBy]
FROM [app].[Grades] AS [g]
WHERE [g].[Id] = @__r_GradeId_0 AND [g].[IsActive] = CAST(1 AS bit)
[23:25:39 INF] Executed DbCommand (0ms) [Parameters=[@__r_GradeId_0='?' (DbType = Guid)], CommandType='Text', CommandTimeout='30']
SELECT TOP(1) [g].[Id], [g].[Category], [g].[Code], [g].[CoreLossPerKg], [g].[CreatedAtUtc], [g].[CreatedBy], [g].[Description], [g].[IsActive], [g].[Name], [g].[RowVersion], [g].[ThicknessMm], [g].[UpdatedAtUtc], [g].[UpdatedBy]
FROM [app].[Grades] AS [g]
WHERE [g].[Id] = @__r_GradeId_0 AND [g].[IsActive] = CAST(1 AS bit)
[23:25:39 INF] Executed DbCommand (0ms) [Parameters=[@__r_GradeId_0='?' (DbType = Guid)], CommandType='Text', CommandTimeout='30']
SELECT TOP(1) [g].[Id], [g].[Category], [g].[Code], [g].[CoreLossPerKg], [g].[CreatedAtUtc], [g].[CreatedBy], [g].[Description], [g].[IsActive], [g].[Name], [g].[RowVersion], [g].[ThicknessMm], [g].[UpdatedAtUtc], [g].[UpdatedBy]
FROM [app].[Grades] AS [g]
WHERE [g].[Id] = @__r_GradeId_0 AND [g].[IsActive] = CAST(1 AS bit)
[23:25:39 WRN] Savepoints are disabled because Multiple Active Result Sets (MARS) is enabled. If 'SaveChanges' fails, then the transaction cannot be automatically rolled back to a known clean state. Instead, the transaction should be rolled back by the application before retrying 'SaveChanges'. See https://go.microsoft.com/fwlink/?linkid=2149338 for more information and examples. To identify the code which triggers this warning, call 'ConfigureWarnings(w => w.Throw(SqlServerEventId.SavepointsDisabledBecauseOfMARS))'.
[23:25:39 INF] Executed DbCommand (11ms) [Parameters=[@p0='?' (DbType = Guid), @p1='?' (Size = 4000), @p2='?' (Precision = 18) (Scale = 4) (DbType = Decimal), @p3='?' (DbType = DateTimeOffset), @p4='?' (Size = 4000), @p5='?' (Size = 500), @p6='?' (Precision = 18) (Scale = 3) (DbType = Decimal), @p7='?' (Size = 4000), @p8='?' (Size = 4000), @p9='?' (Precision = 18) (Scale = 3) (DbType = Decimal), @p10='?' (Size = 4000), @p11='?' (DbType = Guid), @p12='?' (Precision = 18) (Scale = 3) (DbType = Decimal), @p13='?' (Precision = 18) (Scale = 2) (DbType = Decimal), @p14='?' (DbType = Int32), @p15='?' (DbType = DateTimeOffset), @p16='?' (Size = 4000), @p17='?' (Precision = 18) (Scale = 3) (DbType = Decimal), @p18='?' (Size = 30), @p19='?' (Size = 20), @p20='?' (Precision = 18) (Scale = 3) (DbType = Decimal), @p21='?' (Size = 4000), @p22='?' (DbType = Date), @p23='?' (DbType = Guid), @p24='?' (Precision = 18) (Scale = 3) (DbType = Decimal), @p25='?' (Size = 4000), @p26='?' (Precision = 18) (Scale = 2) (DbType = Decimal), @p27='?' (Precision = 18) (Scale = 3) (DbType = Decimal), @p28='?' (Size = 4000), @p29='?' (DbType = Guid), @p30='?' (Size = 4000), @p31='?' (Precision = 18) (Scale = 4) (DbType = Decimal), @p32='?' (DbType = DateTimeOffset), @p33='?' (Size = 4000), @p34='?' (Size = 500), @p35='?' (Precision = 18) (Scale = 3) (DbType = Decimal), @p36='?' (Size = 4000), @p37='?' (Size = 4000), @p38='?' (Precision = 18) (Scale = 3) (DbType = Decimal), @p39='?' (Size = 4000), @p40='?' (DbType = Guid), @p41='?' (Precision = 18) (Scale = 3) (DbType = Decimal), @p42='?' (Precision = 18) (Scale = 2) (DbType = Decimal), @p43='?' (DbType = Int32), @p44='?' (DbType = DateTimeOffset), @p45='?' (Size = 4000), @p46='?' (Precision = 18) (Scale = 3) (DbType = Decimal), @p47='?' (Size = 30), @p48='?' (Size = 20), @p49='?' (Precision = 18) (Scale = 3) (DbType = Decimal), @p50='?' (Size = 4000), @p51='?' (DbType = Date), @p52='?' (DbType = Guid), @p53='?' (Precision = 18) (Scale = 3) (DbType = Decimal), @p54='?' (Size = 4000), @p55='?' (Precision = 18) (Scale = 2) (DbType = Decimal), @p56='?' (Precision = 18) (Scale = 3) (DbType = Decimal), @p57='?' (Size = 4000), @p58='?' (DbType = Guid), @p59='?' (Size = 4000), @p60='?' (Precision = 18) (Scale = 4) (DbType = Decimal), @p61='?' (DbType = DateTimeOffset), @p62='?' (Size = 4000), @p63='?' (Size = 500), @p64='?' (Precision = 18) (Scale = 3) (DbType = Decimal), @p65='?' (Size = 4000), @p66='?' (Size = 4000), @p67='?' (Precision = 18) (Scale = 3) (DbType = Decimal), @p68='?' (Size = 4000), @p69='?' (DbType = Guid), @p70='?' (Precision = 18) (Scale = 3) (DbType = Decimal), @p71='?' (Precision = 18) (Scale = 2) (DbType = Decimal), @p72='?' (DbType = Int32), @p73='?' (DbType = DateTimeOffset), @p74='?' (Size = 4000), @p75='?' (Precision = 18) (Scale = 3) (DbType = Decimal), @p76='?' (Size = 30), @p77='?' (Size = 20), @p78='?' (Precision = 18) (Scale = 3) (DbType = Decimal), @p79='?' (Size = 4000), @p80='?' (DbType = Date), @p81='?' (DbType = Guid), @p82='?' (Precision = 18) (Scale = 3) (DbType = Decimal), @p83='?' (Size = 4000), @p84='?' (Precision = 18) (Scale = 2) (DbType = Decimal), @p85='?' (Precision = 18) (Scale = 3) (DbType = Decimal), @p86='?' (Size = 4000), @p89='?' (DbType = Guid), @p87='?' (Precision = 18) (Scale = 2) (DbType = Decimal), @p88='?' (DbType = DateTimeOffset)], CommandType='Text', CommandTimeout='30']
SET NOCOUNT ON;
INSERT INTO [sales].[SalesOrderLines] ([Id], [Category], [CoreLossPerKg], [CreatedOn], [CustomerItemReference], [Description], [DispatchedQuantity], [DrawingNumber], [DrawingRevision], [FulfilledQuantity], [GradeCode], [GradeId], [Length], [LineAmount], [LineNumber], [ModifiedOn], [OEMJobNumber], [OrderedQuantity], [ProductType], [QuantityUnit], [ReadyQuantity], [Remarks], [RequiredDeliveryDate], [SalesOrderId], [Thickness], [TransformerRating], [UnitPrice], [Width], [WorkOrderStatus])
VALUES (@p0, @p1, @p2, @p3, @p4, @p5, @p6, @p7, @p8, @p9, @p10, @p11, @p12, @p13, @p14, @p15, @p16, @p17, @p18, @p19, @p20, @p21, @p22, @p23, @p24, @p25, @p26, @p27, @p28),
(@p29, @p30, @p31, @p32, @p33, @p34, @p35, @p36, @p37, @p38, @p39, @p40, @p41, @p42, @p43, @p44, @p45, @p46, @p47, @p48, @p49, @p50, @p51, @p52, @p53, @p54, @p55, @p56, @p57),
(@p58, @p59, @p60, @p61, @p62, @p63, @p64, @p65, @p66, @p67, @p68, @p69, @p70, @p71, @p72, @p73, @p74, @p75, @p76, @p77, @p78, @p79, @p80, @p81, @p82, @p83, @p84, @p85, @p86);
UPDATE [sales].[SalesOrders] SET [TaxAmount] = @p87, [UpdatedAtUtc] = @p88
OUTPUT INSERTED.[RowVersion]
WHERE [Id] = @p89;
[23:25:39 INF] HTTP PUT /api/sales-orders/34cc9218-a2fa-4d02-870d-791792276082 responded 200 in 37.1304 ms
[23:25:39 INF] HTTP OPTIONS /api/sales-orders responded 204 in 0.0201 ms
[23:25:39 INF] Executed DbCommand (0ms) [Parameters=[], CommandType='Text', CommandTimeout='30']
SELECT COUNT(*)
FROM [sales].[SalesOrders] AS [s]
[23:25:39 INF] Executed DbCommand (1ms) [Parameters=[@__p_0='?' (DbType = Int32), @__p_1='?' (DbType = Int32)], CommandType='Text', CommandTimeout='30']
SELECT [t].[Id], [t].[BillingAddress], [t].[CancellationReason], [t].[CancelledBy], [t].[CancelledOn], [t].[ConfirmedBy], [t].[ConfirmedOn], [t].[ContactEmail], [t].[ContactPerson], [t].[ContactPhone], [t].[CreatedAtUtc], [t].[CreatedBy], [t].[Currency], [t].[CustomerCode], [t].[CustomerId], [t].[CustomerName], [t].[CustomerPODate], [t].[CustomerPONumber], [t].[CustomerRemarks], [t].[InternalRemarks], [t].[OrderDate], [t].[PaymentTerms], [t].[Priority], [t].[RequiredDeliveryDate], [t].[RowVersion], [t].[SalesOrderNumber], [t].[ShippingAddress], [t].[Status], [t].[TaxAmount], [t].[UpdatedAtUtc], [t].[UpdatedBy], [s0].[Id], [s0].[Category], [s0].[CoreLossPerKg], [s0].[CreatedOn], [s0].[CustomerItemReference], [s0].[Description], [s0].[DispatchedQuantity], [s0].[DrawingNumber], [s0].[DrawingRevision], [s0].[FulfilledQuantity], [s0].[GradeCode], [s0].[GradeId], [s0].[Length], [s0].[LineAmount], [s0].[LineNumber], [s0].[ModifiedOn], [s0].[OEMJobNumber], [s0].[OrderedQuantity], [s0].[ProductType], [s0].[QuantityUnit], [s0].[ReadyQuantity], [s0].[Remarks], [s0].[RequiredDeliveryDate], [s0].[SalesOrderId], [s0].[Thickness], [s0].[TransformerRating], [s0].[UnitPrice], [s0].[Width], [s0].[WorkOrderStatus]
FROM (
    SELECT [s].[Id], [s].[BillingAddress], [s].[CancellationReason], [s].[CancelledBy], [s].[CancelledOn], [s].[ConfirmedBy], [s].[ConfirmedOn], [s].[ContactEmail], [s].[ContactPerson], [s].[ContactPhone], [s].[CreatedAtUtc], [s].[CreatedBy], [s].[Currency], [s].[CustomerCode], [s].[CustomerId], [s].[CustomerName], [s].[CustomerPODate], [s].[CustomerPONumber], [s].[CustomerRemarks], [s].[InternalRemarks], [s].[OrderDate], [s].[PaymentTerms], [s].[Priority], [s].[RequiredDeliveryDate], [s].[RowVersion], [s].[SalesOrderNumber], [s].[ShippingAddress], [s].[Status], [s].[TaxAmount], [s].[UpdatedAtUtc], [s].[UpdatedBy]
    FROM [sales].[SalesOrders] AS [s]
    ORDER BY [s].[OrderDate] DESC, [s].[SalesOrderNumber] DESC
    OFFSET @__p_0 ROWS FETCH NEXT @__p_1 ROWS ONLY
) AS [t]
LEFT JOIN [sales].[SalesOrderLines] AS [s0] ON [t].[Id] = [s0].[SalesOrderId]
ORDER BY [t].[OrderDate] DESC, [t].[SalesOrderNumber] DESC, [t].[Id]
[23:25:39 INF] HTTP GET /api/sales-orders responded 200 in 4.7908 ms
[23:25:42 INF] HTTP OPTIONS /api/customers responded 204 in 0.0293 ms
[23:25:42 INF] HTTP OPTIONS /api/lookups/grades responded 204 in 0.0529 ms
[23:25:42 INF] HTTP OPTIONS /api/sales-orders/next-number responded 204 in 0.0247 ms
[23:25:42 INF] Executed DbCommand (0ms) [Parameters=[@__prefix_0_startswith='?' (Size = 30)], CommandType='Text', CommandTimeout='30']
SELECT TOP(1) [s].[SalesOrderNumber]
FROM [sales].[SalesOrders] AS [s]
WHERE [s].[SalesOrderNumber] LIKE @__prefix_0_startswith ESCAPE N'\'
ORDER BY [s].[SalesOrderNumber] DESC
[23:25:42 INF] Executed DbCommand (1ms) [Parameters=[@__isActive_0='?' (DbType = Boolean)], CommandType='Text', CommandTimeout='30']
SELECT COUNT(*)
FROM [sales].[Customers] AS [c]
WHERE [c].[IsActive] = @__isActive_0
[23:25:42 INF] HTTP GET /api/sales-orders/next-number responded 200 in 2.0397 ms
[23:25:42 INF] Executed DbCommand (0ms) [Parameters=[], CommandType='Text', CommandTimeout='30']
SELECT [g].[Id], [g].[Code], [g].[Name], [g].[ThicknessMm], [g].[Category], [g].[CoreLossPerKg]
FROM [app].[Grades] AS [g]
WHERE [g].[IsActive] = CAST(1 AS bit)
ORDER BY [g].[Code]
[23:25:42 INF] HTTP GET /api/lookups/grades responded 200 in 2.9566 ms
[23:25:42 INF] Executed DbCommand (0ms) [Parameters=[@__isActive_0='?' (DbType = Boolean), @__p_1='?' (DbType = Int32), @__p_2='?' (DbType = Int32)], CommandType='Text', CommandTimeout='30']
SELECT [c].[Id], [c].[BillingAddress], [c].[City], [c].[ContactPerson], [c].[Country], [c].[CreatedAtUtc], [c].[CreatedBy], [c].[CreditDays], [c].[CustomerCode], [c].[CustomerName], [c].[Email], [c].[GSTNumber], [c].[IsActive], [c].[PAN], [c].[PaymentTerms], [c].[Phone], [c].[PostalCode], [c].[Remarks], [c].[RowVersion], [c].[ShippingAddress], [c].[ShortName], [c].[State], [c].[UpdatedAtUtc], [c].[UpdatedBy]
FROM [sales].[Customers] AS [c]
WHERE [c].[IsActive] = @__isActive_0
ORDER BY [c].[CustomerCode]
OFFSET @__p_1 ROWS FETCH NEXT @__p_2 ROWS ONLY
[23:25:42 INF] HTTP GET /api/customers responded 200 in 4.2299 ms
[23:25:42 INF] Executed DbCommand (1ms) [Parameters=[@__id_0='?' (DbType = Guid)], CommandType='Text', CommandTimeout='30']
SELECT [t].[Id], [t].[BillingAddress], [t].[CancellationReason], [t].[CancelledBy], [t].[CancelledOn], [t].[ConfirmedBy], [t].[ConfirmedOn], [t].[ContactEmail], [t].[ContactPerson], [t].[ContactPhone], [t].[CreatedAtUtc], [t].[CreatedBy], [t].[Currency], [t].[CustomerCode], [t].[CustomerId], [t].[CustomerName], [t].[CustomerPODate], [t].[CustomerPONumber], [t].[CustomerRemarks], [t].[InternalRemarks], [t].[OrderDate], [t].[PaymentTerms], [t].[Priority], [t].[RequiredDeliveryDate], [t].[RowVersion], [t].[SalesOrderNumber], [t].[ShippingAddress], [t].[Status], [t].[TaxAmount], [t].[UpdatedAtUtc], [t].[UpdatedBy], [t].[Id0], [t].[BillingAddress0], [t].[City], [t].[ContactPerson0], [t].[Country], [t].[CreatedAtUtc0], [t].[CreatedBy0], [t].[CreditDays], [t].[CustomerCode0], [t].[CustomerName0], [t].[Email], [t].[GSTNumber], [t].[IsActive], [t].[PAN], [t].[PaymentTerms0], [t].[Phone], [t].[PostalCode], [t].[Remarks], [t].[RowVersion0], [t].[ShippingAddress0], [t].[ShortName], [t].[State], [t].[UpdatedAtUtc0], [t].[UpdatedBy0], [s0].[Id], [s0].[Category], [s0].[CoreLossPerKg], [s0].[CreatedOn], [s0].[CustomerItemReference], [s0].[Description], [s0].[DispatchedQuantity], [s0].[DrawingNumber], [s0].[DrawingRevision], [s0].[FulfilledQuantity], [s0].[GradeCode], [s0].[GradeId], [s0].[Length], [s0].[LineAmount], [s0].[LineNumber], [s0].[ModifiedOn], [s0].[OEMJobNumber], [s0].[OrderedQuantity], [s0].[ProductType], [s0].[QuantityUnit], [s0].[ReadyQuantity], [s0].[Remarks], [s0].[RequiredDeliveryDate], [s0].[SalesOrderId], [s0].[Thickness], [s0].[TransformerRating], [s0].[UnitPrice], [s0].[Width], [s0].[WorkOrderStatus]
FROM (
    SELECT TOP(1) [s].[Id], [s].[BillingAddress], [s].[CancellationReason], [s].[CancelledBy], [s].[CancelledOn], [s].[ConfirmedBy], [s].[ConfirmedOn], [s].[ContactEmail], [s].[ContactPerson], [s].[ContactPhone], [s].[CreatedAtUtc], [s].[CreatedBy], [s].[Currency], [s].[CustomerCode], [s].[CustomerId], [s].[CustomerName], [s].[CustomerPODate], [s].[CustomerPONumber], [s].[CustomerRemarks], [s].[InternalRemarks], [s].[OrderDate], [s].[PaymentTerms], [s].[Priority], [s].[RequiredDeliveryDate], [s].[RowVersion], [s].[SalesOrderNumber], [s].[ShippingAddress], [s].[Status], [s].[TaxAmount], [s].[UpdatedAtUtc], [s].[UpdatedBy], [c].[Id] AS [Id0], [c].[BillingAddress] AS [BillingAddress0], [c].[City], [c].[ContactPerson] AS [ContactPerson0], [c].[Country], [c].[CreatedAtUtc] AS [CreatedAtUtc0], [c].[CreatedBy] AS [CreatedBy0], [c].[CreditDays], [c].[CustomerCode] AS [CustomerCode0], [c].[CustomerName] AS [CustomerName0], [c].[Email], [c].[GSTNumber], [c].[IsActive], [c].[PAN], [c].[PaymentTerms] AS [PaymentTerms0], [c].[Phone], [c].[PostalCode], [c].[Remarks], [c].[RowVersion] AS [RowVersion0], [c].[ShippingAddress] AS [ShippingAddress0], [c].[ShortName], [c].[State], [c].[UpdatedAtUtc] AS [UpdatedAtUtc0], [c].[UpdatedBy] AS [UpdatedBy0]
    FROM [sales].[SalesOrders] AS [s]
    INNER JOIN [sales].[Customers] AS [c] ON [s].[CustomerId] = [c].[Id]
    WHERE [s].[Id] = @__id_0
) AS [t]
LEFT JOIN [sales].[SalesOrderLines] AS [s0] ON [t].[Id] = [s0].[SalesOrderId]
ORDER BY [t].[Id], [t].[Id0]
[23:25:42 INF] HTTP GET /api/sales-orders/34cc9218-a2fa-4d02-870d-791792276082 responded 200 in 6.5114 ms
[23:26:11 INF] HTTP OPTIONS /api/sales-orders responded 204 in 0.0257 ms
[23:26:11 INF] Executed DbCommand (0ms) [Parameters=[], CommandType='Text', CommandTimeout='30']
SELECT COUNT(*)
FROM [sales].[SalesOrders] AS [s]
[23:26:11 INF] Executed DbCommand (1ms) [Parameters=[@__p_0='?' (DbType = Int32), @__p_1='?' (DbType = Int32)], CommandType='Text', CommandTimeout='30']
SELECT [t].[Id], [t].[BillingAddress], [t].[CancellationReason], [t].[CancelledBy], [t].[CancelledOn], [t].[ConfirmedBy], [t].[ConfirmedOn], [t].[ContactEmail], [t].[ContactPerson], [t].[ContactPhone], [t].[CreatedAtUtc], [t].[CreatedBy], [t].[Currency], [t].[CustomerCode], [t].[CustomerId], [t].[CustomerName], [t].[CustomerPODate], [t].[CustomerPONumber], [t].[CustomerRemarks], [t].[InternalRemarks], [t].[OrderDate], [t].[PaymentTerms], [t].[Priority], [t].[RequiredDeliveryDate], [t].[RowVersion], [t].[SalesOrderNumber], [t].[ShippingAddress], [t].[Status], [t].[TaxAmount], [t].[UpdatedAtUtc], [t].[UpdatedBy], [s0].[Id], [s0].[Category], [s0].[CoreLossPerKg], [s0].[CreatedOn], [s0].[CustomerItemReference], [s0].[Description], [s0].[DispatchedQuantity], [s0].[DrawingNumber], [s0].[DrawingRevision], [s0].[FulfilledQuantity], [s0].[GradeCode], [s0].[GradeId], [s0].[Length], [s0].[LineAmount], [s0].[LineNumber], [s0].[ModifiedOn], [s0].[OEMJobNumber], [s0].[OrderedQuantity], [s0].[ProductType], [s0].[QuantityUnit], [s0].[ReadyQuantity], [s0].[Remarks], [s0].[RequiredDeliveryDate], [s0].[SalesOrderId], [s0].[Thickness], [s0].[TransformerRating], [s0].[UnitPrice], [s0].[Width], [s0].[WorkOrderStatus]
FROM (
    SELECT [s].[Id], [s].[BillingAddress], [s].[CancellationReason], [s].[CancelledBy], [s].[CancelledOn], [s].[ConfirmedBy], [s].[ConfirmedOn], [s].[ContactEmail], [s].[ContactPerson], [s].[ContactPhone], [s].[CreatedAtUtc], [s].[CreatedBy], [s].[Currency], [s].[CustomerCode], [s].[CustomerId], [s].[CustomerName], [s].[CustomerPODate], [s].[CustomerPONumber], [s].[CustomerRemarks], [s].[InternalRemarks], [s].[OrderDate], [s].[PaymentTerms], [s].[Priority], [s].[RequiredDeliveryDate], [s].[RowVersion], [s].[SalesOrderNumber], [s].[ShippingAddress], [s].[Status], [s].[TaxAmount], [s].[UpdatedAtUtc], [s].[UpdatedBy]
    FROM [sales].[SalesOrders] AS [s]
    ORDER BY [s].[OrderDate] DESC, [s].[SalesOrderNumber] DESC
    OFFSET @__p_0 ROWS FETCH NEXT @__p_1 ROWS ONLY
) AS [t]
LEFT JOIN [sales].[SalesOrderLines] AS [s0] ON [t].[Id] = [s0].[SalesOrderId]
ORDER BY [t].[OrderDate] DESC, [t].[SalesOrderNumber] DESC, [t].[Id]
[23:26:11 INF] HTTP GET /api/sales-orders responded 200 in 5.3018 ms
[23:26:14 INF] HTTP OPTIONS /api/sales-orders/8dcc00ea-0b11-458e-ab24-d75da5325240 responded 204 in 0.0237 ms
[23:26:14 INF] Executed DbCommand (3ms) [Parameters=[@__id_0='?' (DbType = Guid)], CommandType='Text', CommandTimeout='30']
SELECT [t].[Id], [t].[BillingAddress], [t].[CancellationReason], [t].[CancelledBy], [t].[CancelledOn], [t].[ConfirmedBy], [t].[ConfirmedOn], [t].[ContactEmail], [t].[ContactPerson], [t].[ContactPhone], [t].[CreatedAtUtc], [t].[CreatedBy], [t].[Currency], [t].[CustomerCode], [t].[CustomerId], [t].[CustomerName], [t].[CustomerPODate], [t].[CustomerPONumber], [t].[CustomerRemarks], [t].[InternalRemarks], [t].[OrderDate], [t].[PaymentTerms], [t].[Priority], [t].[RequiredDeliveryDate], [t].[RowVersion], [t].[SalesOrderNumber], [t].[ShippingAddress], [t].[Status], [t].[TaxAmount], [t].[UpdatedAtUtc], [t].[UpdatedBy], [t].[Id0], [t].[BillingAddress0], [t].[City], [t].[ContactPerson0], [t].[Country], [t].[CreatedAtUtc0], [t].[CreatedBy0], [t].[CreditDays], [t].[CustomerCode0], [t].[CustomerName0], [t].[Email], [t].[GSTNumber], [t].[IsActive], [t].[PAN], [t].[PaymentTerms0], [t].[Phone], [t].[PostalCode], [t].[Remarks], [t].[RowVersion0], [t].[ShippingAddress0], [t].[ShortName], [t].[State], [t].[UpdatedAtUtc0], [t].[UpdatedBy0], [s0].[Id], [s0].[Category], [s0].[CoreLossPerKg], [s0].[CreatedOn], [s0].[CustomerItemReference], [s0].[Description], [s0].[DispatchedQuantity], [s0].[DrawingNumber], [s0].[DrawingRevision], [s0].[FulfilledQuantity], [s0].[GradeCode], [s0].[GradeId], [s0].[Length], [s0].[LineAmount], [s0].[LineNumber], [s0].[ModifiedOn], [s0].[OEMJobNumber], [s0].[OrderedQuantity], [s0].[ProductType], [s0].[QuantityUnit], [s0].[ReadyQuantity], [s0].[Remarks], [s0].[RequiredDeliveryDate], [s0].[SalesOrderId], [s0].[Thickness], [s0].[TransformerRating], [s0].[UnitPrice], [s0].[Width], [s0].[WorkOrderStatus]
FROM (
    SELECT TOP(1) [s].[Id], [s].[BillingAddress], [s].[CancellationReason], [s].[CancelledBy], [s].[CancelledOn], [s].[ConfirmedBy], [s].[ConfirmedOn], [s].[ContactEmail], [s].[ContactPerson], [s].[ContactPhone], [s].[CreatedAtUtc], [s].[CreatedBy], [s].[Currency], [s].[CustomerCode], [s].[CustomerId], [s].[CustomerName], [s].[CustomerPODate], [s].[CustomerPONumber], [s].[CustomerRemarks], [s].[InternalRemarks], [s].[OrderDate], [s].[PaymentTerms], [s].[Priority], [s].[RequiredDeliveryDate], [s].[RowVersion], [s].[SalesOrderNumber], [s].[ShippingAddress], [s].[Status], [s].[TaxAmount], [s].[UpdatedAtUtc], [s].[UpdatedBy], [c].[Id] AS [Id0], [c].[BillingAddress] AS [BillingAddress0], [c].[City], [c].[ContactPerson] AS [ContactPerson0], [c].[Country], [c].[CreatedAtUtc] AS [CreatedAtUtc0], [c].[CreatedBy] AS [CreatedBy0], [c].[CreditDays], [c].[CustomerCode] AS [CustomerCode0], [c].[CustomerName] AS [CustomerName0], [c].[Email], [c].[GSTNumber], [c].[IsActive], [c].[PAN], [c].[PaymentTerms] AS [PaymentTerms0], [c].[Phone], [c].[PostalCode], [c].[Remarks], [c].[RowVersion] AS [RowVersion0], [c].[ShippingAddress] AS [ShippingAddress0], [c].[ShortName], [c].[State], [c].[UpdatedAtUtc] AS [UpdatedAtUtc0], [c].[UpdatedBy] AS [UpdatedBy0]
    FROM [sales].[SalesOrders] AS [s]
    INNER JOIN [sales].[Customers] AS [c] ON [s].[CustomerId] = [c].[Id]
    WHERE [s].[Id] = @__id_0
) AS [t]
LEFT JOIN [sales].[SalesOrderLines] AS [s0] ON [t].[Id] = [s0].[SalesOrderId]
ORDER BY [t].[Id], [t].[Id0]
[23:26:14 INF] HTTP GET /api/sales-orders/8dcc00ea-0b11-458e-ab24-d75da5325240 responded 200 in 7.5123 ms
[23:26:37 INF] HTTP OPTIONS /api/sales-orders responded 204 in 0.0302 ms
[23:26:37 INF] HTTP GET /api/sales-orders responded 401 in 8.6532 ms
[23:26:37 INF] HTTP OPTIONS /api/auth/refresh responded 204 in 0.0269 ms
[23:26:37 INF] Executed DbCommand (6ms) [Parameters=[@__hash_0='?' (Size = 128)], CommandType='Text', CommandTimeout='30']
SELECT TOP(2) [u].[Id], [u].[Browser], [u].[Device], [u].[IpAddress], [u].[LastActivityAtUtc], [u].[LoginAtUtc], [u].[RefreshTokenExpiresAtUtc], [u].[RefreshTokenHash], [u].[ReplacedByTokenHash], [u].[RevokedAtUtc], [u].[UserId], [i].[Id], [i].[AccessFailedCount], [i].[ConcurrencyStamp], [i].[CreatedAtUtc], [i].[CreatedBy], [i].[DisplayName], [i].[Email], [i].[EmailConfirmed], [i].[IsActive], [i].[JobTitle], [i].[LastLoginAtUtc], [i].[LockoutEnabled], [i].[LockoutEnd], [i].[ModifiedAtUtc], [i].[ModifiedBy], [i].[MustChangePassword], [i].[NormalizedEmail], [i].[NormalizedUserName], [i].[PasswordHash], [i].[PhoneNumber], [i].[PhoneNumberConfirmed], [i].[SecurityStamp], [i].[TwoFactorEnabled], [i].[UserName]
FROM [auth].[UserSessions] AS [u]
INNER JOIN [auth].[IdentityUsers] AS [i] ON [u].[UserId] = [i].[Id]
WHERE [u].[RefreshTokenHash] = @__hash_0
[23:26:37 INF] Executed DbCommand (3ms) [Parameters=[@__userId_0='?' (DbType = Guid)], CommandType='Text', CommandTimeout='30']
SELECT [i0].[Name]
FROM [auth].[IdentityUserRoles] AS [i]
INNER JOIN [auth].[IdentityRoles] AS [i0] ON [i].[RoleId] = [i0].[Id]
WHERE [i].[UserId] = @__userId_0
[23:26:37 INF] Executed DbCommand (22ms) [Parameters=[@__roleNames_0='?' (Size = 4000)], CommandType='Text', CommandTimeout='30']
SELECT DISTINCT [p].[Name]
FROM [auth].[RolePermissions] AS [r]
INNER JOIN [auth].[IdentityRoles] AS [i] ON [r].[RoleId] = [i].[Id]
INNER JOIN [auth].[Permissions] AS [p] ON [r].[PermissionId] = [p].[Id]
WHERE [i].[Name] IN (
    SELECT [r0].[value]
    FROM OPENJSON(@__roleNames_0) WITH ([value] nvarchar(256) '$') AS [r0]
)
[23:26:37 INF] Executed DbCommand (3ms) [Parameters=[@p2='?' (DbType = Guid), @p0='?' (Size = 4000), @p1='?' (DbType = DateTimeOffset), @p3='?' (DbType = Guid), @p4='?' (Size = 4000), @p5='?' (Size = 4000), @p6='?' (Size = 4000), @p7='?' (DbType = DateTimeOffset), @p8='?' (DbType = DateTimeOffset), @p9='?' (DbType = DateTimeOffset), @p10='?' (Size = 128), @p11='?' (Size = 4000), @p12='?' (DbType = DateTimeOffset), @p13='?' (DbType = Guid)], CommandType='Text', CommandTimeout='30']
SET NOCOUNT ON;
UPDATE [auth].[UserSessions] SET [ReplacedByTokenHash] = @p0, [RevokedAtUtc] = @p1
OUTPUT 1
WHERE [Id] = @p2;
INSERT INTO [auth].[UserSessions] ([Id], [Browser], [Device], [IpAddress], [LastActivityAtUtc], [LoginAtUtc], [RefreshTokenExpiresAtUtc], [RefreshTokenHash], [ReplacedByTokenHash], [RevokedAtUtc], [UserId])
VALUES (@p3, @p4, @p5, @p6, @p7, @p8, @p9, @p10, @p11, @p12, @p13);
[23:26:37 INF] HTTP POST /api/auth/refresh responded 200 in 207.7437 ms
[23:26:37 INF] Executed DbCommand (0ms) [Parameters=[], CommandType='Text', CommandTimeout='30']
SELECT COUNT(*)
FROM [sales].[SalesOrders] AS [s]
[23:26:37 INF] Executed DbCommand (1ms) [Parameters=[@__p_0='?' (DbType = Int32), @__p_1='?' (DbType = Int32)], CommandType='Text', CommandTimeout='30']
SELECT [t].[Id], [t].[BillingAddress], [t].[CancellationReason], [t].[CancelledBy], [t].[CancelledOn], [t].[ConfirmedBy], [t].[ConfirmedOn], [t].[ContactEmail], [t].[ContactPerson], [t].[ContactPhone], [t].[CreatedAtUtc], [t].[CreatedBy], [t].[Currency], [t].[CustomerCode], [t].[CustomerId], [t].[CustomerName], [t].[CustomerPODate], [t].[CustomerPONumber], [t].[CustomerRemarks], [t].[InternalRemarks], [t].[OrderDate], [t].[PaymentTerms], [t].[Priority], [t].[RequiredDeliveryDate], [t].[RowVersion], [t].[SalesOrderNumber], [t].[ShippingAddress], [t].[Status], [t].[TaxAmount], [t].[UpdatedAtUtc], [t].[UpdatedBy], [s0].[Id], [s0].[Category], [s0].[CoreLossPerKg], [s0].[CreatedOn], [s0].[CustomerItemReference], [s0].[Description], [s0].[DispatchedQuantity], [s0].[DrawingNumber], [s0].[DrawingRevision], [s0].[FulfilledQuantity], [s0].[GradeCode], [s0].[GradeId], [s0].[Length], [s0].[LineAmount], [s0].[LineNumber], [s0].[ModifiedOn], [s0].[OEMJobNumber], [s0].[OrderedQuantity], [s0].[ProductType], [s0].[QuantityUnit], [s0].[ReadyQuantity], [s0].[Remarks], [s0].[RequiredDeliveryDate], [s0].[SalesOrderId], [s0].[Thickness], [s0].[TransformerRating], [s0].[UnitPrice], [s0].[Width], [s0].[WorkOrderStatus]
FROM (
    SELECT [s].[Id], [s].[BillingAddress], [s].[CancellationReason], [s].[CancelledBy], [s].[CancelledOn], [s].[ConfirmedBy], [s].[ConfirmedOn], [s].[ContactEmail], [s].[ContactPerson], [s].[ContactPhone], [s].[CreatedAtUtc], [s].[CreatedBy], [s].[Currency], [s].[CustomerCode], [s].[CustomerId], [s].[CustomerName], [s].[CustomerPODate], [s].[CustomerPONumber], [s].[CustomerRemarks], [s].[InternalRemarks], [s].[OrderDate], [s].[PaymentTerms], [s].[Priority], [s].[RequiredDeliveryDate], [s].[RowVersion], [s].[SalesOrderNumber], [s].[ShippingAddress], [s].[Status], [s].[TaxAmount], [s].[UpdatedAtUtc], [s].[UpdatedBy]
    FROM [sales].[SalesOrders] AS [s]
    ORDER BY [s].[OrderDate] DESC, [s].[SalesOrderNumber] DESC
    OFFSET @__p_0 ROWS FETCH NEXT @__p_1 ROWS ONLY
) AS [t]
LEFT JOIN [sales].[SalesOrderLines] AS [s0] ON [t].[Id] = [s0].[SalesOrderId]
ORDER BY [t].[OrderDate] DESC, [t].[SalesOrderNumber] DESC, [t].[Id]
[23:26:37 INF] HTTP GET /api/sales-orders responded 200 in 4.9750 ms
[23:26:45 INF] HTTP OPTIONS /api/sales-orders/8dcc00ea-0b11-458e-ab24-d75da5325240 responded 204 in 0.0325 ms
[23:26:45 INF] Executed DbCommand (1ms) [Parameters=[@__id_0='?' (DbType = Guid)], CommandType='Text', CommandTimeout='30']
SELECT [t].[Id], [t].[BillingAddress], [t].[CancellationReason], [t].[CancelledBy], [t].[CancelledOn], [t].[ConfirmedBy], [t].[ConfirmedOn], [t].[ContactEmail], [t].[ContactPerson], [t].[ContactPhone], [t].[CreatedAtUtc], [t].[CreatedBy], [t].[Currency], [t].[CustomerCode], [t].[CustomerId], [t].[CustomerName], [t].[CustomerPODate], [t].[CustomerPONumber], [t].[CustomerRemarks], [t].[InternalRemarks], [t].[OrderDate], [t].[PaymentTerms], [t].[Priority], [t].[RequiredDeliveryDate], [t].[RowVersion], [t].[SalesOrderNumber], [t].[ShippingAddress], [t].[Status], [t].[TaxAmount], [t].[UpdatedAtUtc], [t].[UpdatedBy], [t].[Id0], [t].[BillingAddress0], [t].[City], [t].[ContactPerson0], [t].[Country], [t].[CreatedAtUtc0], [t].[CreatedBy0], [t].[CreditDays], [t].[CustomerCode0], [t].[CustomerName0], [t].[Email], [t].[GSTNumber], [t].[IsActive], [t].[PAN], [t].[PaymentTerms0], [t].[Phone], [t].[PostalCode], [t].[Remarks], [t].[RowVersion0], [t].[ShippingAddress0], [t].[ShortName], [t].[State], [t].[UpdatedAtUtc0], [t].[UpdatedBy0], [s0].[Id], [s0].[Category], [s0].[CoreLossPerKg], [s0].[CreatedOn], [s0].[CustomerItemReference], [s0].[Description], [s0].[DispatchedQuantity], [s0].[DrawingNumber], [s0].[DrawingRevision], [s0].[FulfilledQuantity], [s0].[GradeCode], [s0].[GradeId], [s0].[Length], [s0].[LineAmount], [s0].[LineNumber], [s0].[ModifiedOn], [s0].[OEMJobNumber], [s0].[OrderedQuantity], [s0].[ProductType], [s0].[QuantityUnit], [s0].[ReadyQuantity], [s0].[Remarks], [s0].[RequiredDeliveryDate], [s0].[SalesOrderId], [s0].[Thickness], [s0].[TransformerRating], [s0].[UnitPrice], [s0].[Width], [s0].[WorkOrderStatus]
FROM (
    SELECT TOP(1) [s].[Id], [s].[BillingAddress], [s].[CancellationReason], [s].[CancelledBy], [s].[CancelledOn], [s].[ConfirmedBy], [s].[ConfirmedOn], [s].[ContactEmail], [s].[ContactPerson], [s].[ContactPhone], [s].[CreatedAtUtc], [s].[CreatedBy], [s].[Currency], [s].[CustomerCode], [s].[CustomerId], [s].[CustomerName], [s].[CustomerPODate], [s].[CustomerPONumber], [s].[CustomerRemarks], [s].[InternalRemarks], [s].[OrderDate], [s].[PaymentTerms], [s].[Priority], [s].[RequiredDeliveryDate], [s].[RowVersion], [s].[SalesOrderNumber], [s].[ShippingAddress], [s].[Status], [s].[TaxAmount], [s].[UpdatedAtUtc], [s].[UpdatedBy], [c].[Id] AS [Id0], [c].[BillingAddress] AS [BillingAddress0], [c].[City], [c].[ContactPerson] AS [ContactPerson0], [c].[Country], [c].[CreatedAtUtc] AS [CreatedAtUtc0], [c].[CreatedBy] AS [CreatedBy0], [c].[CreditDays], [c].[CustomerCode] AS [CustomerCode0], [c].[CustomerName] AS [CustomerName0], [c].[Email], [c].[GSTNumber], [c].[IsActive], [c].[PAN], [c].[PaymentTerms] AS [PaymentTerms0], [c].[Phone], [c].[PostalCode], [c].[Remarks], [c].[RowVersion] AS [RowVersion0], [c].[ShippingAddress] AS [ShippingAddress0], [c].[ShortName], [c].[State], [c].[UpdatedAtUtc] AS [UpdatedAtUtc0], [c].[UpdatedBy] AS [UpdatedBy0]
    FROM [sales].[SalesOrders] AS [s]
    INNER JOIN [sales].[Customers] AS [c] ON [s].[CustomerId] = [c].[Id]
    WHERE [s].[Id] = @__id_0
) AS [t]
LEFT JOIN [sales].[SalesOrderLines] AS [s0] ON [t].[Id] = [s0].[SalesOrderId]
ORDER BY [t].[Id], [t].[Id0]
[23:26:45 INF] HTTP GET /api/sales-orders/8dcc00ea-0b11-458e-ab24-d75da5325240 responded 200 in 4.7261 ms
[23:26:51 INF] HTTP OPTIONS /api/sales-orders responded 204 in 0.0416 ms
[23:26:51 INF] Executed DbCommand (0ms) [Parameters=[], CommandType='Text', CommandTimeout='30']
SELECT COUNT(*)
FROM [sales].[SalesOrders] AS [s]
[23:26:51 INF] Executed DbCommand (1ms) [Parameters=[@__p_0='?' (DbType = Int32), @__p_1='?' (DbType = Int32)], CommandType='Text', CommandTimeout='30']
SELECT [t].[Id], [t].[BillingAddress], [t].[CancellationReason], [t].[CancelledBy], [t].[CancelledOn], [t].[ConfirmedBy], [t].[ConfirmedOn], [t].[ContactEmail], [t].[ContactPerson], [t].[ContactPhone], [t].[CreatedAtUtc], [t].[CreatedBy], [t].[Currency], [t].[CustomerCode], [t].[CustomerId], [t].[CustomerName], [t].[CustomerPODate], [t].[CustomerPONumber], [t].[CustomerRemarks], [t].[InternalRemarks], [t].[OrderDate], [t].[PaymentTerms], [t].[Priority], [t].[RequiredDeliveryDate], [t].[RowVersion], [t].[SalesOrderNumber], [t].[ShippingAddress], [t].[Status], [t].[TaxAmount], [t].[UpdatedAtUtc], [t].[UpdatedBy], [s0].[Id], [s0].[Category], [s0].[CoreLossPerKg], [s0].[CreatedOn], [s0].[CustomerItemReference], [s0].[Description], [s0].[DispatchedQuantity], [s0].[DrawingNumber], [s0].[DrawingRevision], [s0].[FulfilledQuantity], [s0].[GradeCode], [s0].[GradeId], [s0].[Length], [s0].[LineAmount], [s0].[LineNumber], [s0].[ModifiedOn], [s0].[OEMJobNumber], [s0].[OrderedQuantity], [s0].[ProductType], [s0].[QuantityUnit], [s0].[ReadyQuantity], [s0].[Remarks], [s0].[RequiredDeliveryDate], [s0].[SalesOrderId], [s0].[Thickness], [s0].[TransformerRating], [s0].[UnitPrice], [s0].[Width], [s0].[WorkOrderStatus]
FROM (
    SELECT [s].[Id], [s].[BillingAddress], [s].[CancellationReason], [s].[CancelledBy], [s].[CancelledOn], [s].[ConfirmedBy], [s].[ConfirmedOn], [s].[ContactEmail], [s].[ContactPerson], [s].[ContactPhone], [s].[CreatedAtUtc], [s].[CreatedBy], [s].[Currency], [s].[CustomerCode], [s].[CustomerId], [s].[CustomerName], [s].[CustomerPODate], [s].[CustomerPONumber], [s].[CustomerRemarks], [s].[InternalRemarks], [s].[OrderDate], [s].[PaymentTerms], [s].[Priority], [s].[RequiredDeliveryDate], [s].[RowVersion], [s].[SalesOrderNumber], [s].[ShippingAddress], [s].[Status], [s].[TaxAmount], [s].[UpdatedAtUtc], [s].[UpdatedBy]
    FROM [sales].[SalesOrders] AS [s]
    ORDER BY [s].[OrderDate] DESC, [s].[SalesOrderNumber] DESC
    OFFSET @__p_0 ROWS FETCH NEXT @__p_1 ROWS ONLY
) AS [t]
LEFT JOIN [sales].[SalesOrderLines] AS [s0] ON [t].[Id] = [s0].[SalesOrderId]
ORDER BY [t].[OrderDate] DESC, [t].[SalesOrderNumber] DESC, [t].[Id]
[23:26:51 INF] HTTP GET /api/sales-orders responded 200 in 6.3503 ms
[23:27:11 INF] HTTP OPTIONS /api/customers responded 204 in 0.0595 ms
[23:27:11 INF] HTTP OPTIONS /api/lookups/grades responded 204 in 0.0205 ms
[23:27:11 INF] HTTP OPTIONS /api/sales-orders/next-number responded 204 in 0.0239 ms
[23:27:11 INF] Executed DbCommand (0ms) [Parameters=[@__isActive_0='?' (DbType = Boolean)], CommandType='Text', CommandTimeout='30']
SELECT COUNT(*)
FROM [sales].[Customers] AS [c]
WHERE [c].[IsActive] = @__isActive_0
[23:27:11 INF] Executed DbCommand (1ms) [Parameters=[], CommandType='Text', CommandTimeout='30']
SELECT [g].[Id], [g].[Code], [g].[Name], [g].[ThicknessMm], [g].[Category], [g].[CoreLossPerKg]
FROM [app].[Grades] AS [g]
WHERE [g].[IsActive] = CAST(1 AS bit)
ORDER BY [g].[Code]
[23:27:11 INF] HTTP GET /api/lookups/grades responded 200 in 2.4642 ms
[23:27:11 INF] Executed DbCommand (1ms) [Parameters=[@__prefix_0_startswith='?' (Size = 30)], CommandType='Text', CommandTimeout='30']
SELECT TOP(1) [s].[SalesOrderNumber]
FROM [sales].[SalesOrders] AS [s]
WHERE [s].[SalesOrderNumber] LIKE @__prefix_0_startswith ESCAPE N'\'
ORDER BY [s].[SalesOrderNumber] DESC
[23:27:11 INF] Executed DbCommand (1ms) [Parameters=[@__isActive_0='?' (DbType = Boolean), @__p_1='?' (DbType = Int32), @__p_2='?' (DbType = Int32)], CommandType='Text', CommandTimeout='30']
SELECT [c].[Id], [c].[BillingAddress], [c].[City], [c].[ContactPerson], [c].[Country], [c].[CreatedAtUtc], [c].[CreatedBy], [c].[CreditDays], [c].[CustomerCode], [c].[CustomerName], [c].[Email], [c].[GSTNumber], [c].[IsActive], [c].[PAN], [c].[PaymentTerms], [c].[Phone], [c].[PostalCode], [c].[Remarks], [c].[RowVersion], [c].[ShippingAddress], [c].[ShortName], [c].[State], [c].[UpdatedAtUtc], [c].[UpdatedBy]
FROM [sales].[Customers] AS [c]
WHERE [c].[IsActive] = @__isActive_0
ORDER BY [c].[CustomerCode]
OFFSET @__p_1 ROWS FETCH NEXT @__p_2 ROWS ONLY
[23:27:11 INF] HTTP GET /api/sales-orders/next-number responded 200 in 2.5417 ms
[23:27:11 INF] HTTP GET /api/customers responded 200 in 4.3843 ms
[23:27:11 INF] HTTP OPTIONS /api/sales-orders/34cc9218-a2fa-4d02-870d-791792276082 responded 204 in 0.0723 ms
[23:27:11 INF] Executed DbCommand (1ms) [Parameters=[@__id_0='?' (DbType = Guid)], CommandType='Text', CommandTimeout='30']
SELECT [t].[Id], [t].[BillingAddress], [t].[CancellationReason], [t].[CancelledBy], [t].[CancelledOn], [t].[ConfirmedBy], [t].[ConfirmedOn], [t].[ContactEmail], [t].[ContactPerson], [t].[ContactPhone], [t].[CreatedAtUtc], [t].[CreatedBy], [t].[Currency], [t].[CustomerCode], [t].[CustomerId], [t].[CustomerName], [t].[CustomerPODate], [t].[CustomerPONumber], [t].[CustomerRemarks], [t].[InternalRemarks], [t].[OrderDate], [t].[PaymentTerms], [t].[Priority], [t].[RequiredDeliveryDate], [t].[RowVersion], [t].[SalesOrderNumber], [t].[ShippingAddress], [t].[Status], [t].[TaxAmount], [t].[UpdatedAtUtc], [t].[UpdatedBy], [t].[Id0], [t].[BillingAddress0], [t].[City], [t].[ContactPerson0], [t].[Country], [t].[CreatedAtUtc0], [t].[CreatedBy0], [t].[CreditDays], [t].[CustomerCode0], [t].[CustomerName0], [t].[Email], [t].[GSTNumber], [t].[IsActive], [t].[PAN], [t].[PaymentTerms0], [t].[Phone], [t].[PostalCode], [t].[Remarks], [t].[RowVersion0], [t].[ShippingAddress0], [t].[ShortName], [t].[State], [t].[UpdatedAtUtc0], [t].[UpdatedBy0], [s0].[Id], [s0].[Category], [s0].[CoreLossPerKg], [s0].[CreatedOn], [s0].[CustomerItemReference], [s0].[Description], [s0].[DispatchedQuantity], [s0].[DrawingNumber], [s0].[DrawingRevision], [s0].[FulfilledQuantity], [s0].[GradeCode], [s0].[GradeId], [s0].[Length], [s0].[LineAmount], [s0].[LineNumber], [s0].[ModifiedOn], [s0].[OEMJobNumber], [s0].[OrderedQuantity], [s0].[ProductType], [s0].[QuantityUnit], [s0].[ReadyQuantity], [s0].[Remarks], [s0].[RequiredDeliveryDate], [s0].[SalesOrderId], [s0].[Thickness], [s0].[TransformerRating], [s0].[UnitPrice], [s0].[Width], [s0].[WorkOrderStatus]
FROM (
    SELECT TOP(1) [s].[Id], [s].[BillingAddress], [s].[CancellationReason], [s].[CancelledBy], [s].[CancelledOn], [s].[ConfirmedBy], [s].[ConfirmedOn], [s].[ContactEmail], [s].[ContactPerson], [s].[ContactPhone], [s].[CreatedAtUtc], [s].[CreatedBy], [s].[Currency], [s].[CustomerCode], [s].[CustomerId], [s].[CustomerName], [s].[CustomerPODate], [s].[CustomerPONumber], [s].[CustomerRemarks], [s].[InternalRemarks], [s].[OrderDate], [s].[PaymentTerms], [s].[Priority], [s].[RequiredDeliveryDate], [s].[RowVersion], [s].[SalesOrderNumber], [s].[ShippingAddress], [s].[Status], [s].[TaxAmount], [s].[UpdatedAtUtc], [s].[UpdatedBy], [c].[Id] AS [Id0], [c].[BillingAddress] AS [BillingAddress0], [c].[City], [c].[ContactPerson] AS [ContactPerson0], [c].[Country], [c].[CreatedAtUtc] AS [CreatedAtUtc0], [c].[CreatedBy] AS [CreatedBy0], [c].[CreditDays], [c].[CustomerCode] AS [CustomerCode0], [c].[CustomerName] AS [CustomerName0], [c].[Email], [c].[GSTNumber], [c].[IsActive], [c].[PAN], [c].[PaymentTerms] AS [PaymentTerms0], [c].[Phone], [c].[PostalCode], [c].[Remarks], [c].[RowVersion] AS [RowVersion0], [c].[ShippingAddress] AS [ShippingAddress0], [c].[ShortName], [c].[State], [c].[UpdatedAtUtc] AS [UpdatedAtUtc0], [c].[UpdatedBy] AS [UpdatedBy0]
    FROM [sales].[SalesOrders] AS [s]
    INNER JOIN [sales].[Customers] AS [c] ON [s].[CustomerId] = [c].[Id]
    WHERE [s].[Id] = @__id_0
) AS [t]
LEFT JOIN [sales].[SalesOrderLines] AS [s0] ON [t].[Id] = [s0].[SalesOrderId]
ORDER BY [t].[Id], [t].[Id0]
[23:27:11 INF] HTTP GET /api/sales-orders/34cc9218-a2fa-4d02-870d-791792276082 responded 200 in 16.6034 ms
[23:30:06 INF] HTTP OPTIONS /api/customers responded 204 in 0.0326 ms
[23:30:06 INF] HTTP OPTIONS /api/lookups/grades responded 204 in 0.0199 ms
[23:30:06 INF] HTTP OPTIONS /api/sales-orders/next-number responded 204 in 0.0642 ms
[23:30:06 INF] Executed DbCommand (0ms) [Parameters=[@__isActive_0='?' (DbType = Boolean)], CommandType='Text', CommandTimeout='30']
SELECT COUNT(*)
FROM [sales].[Customers] AS [c]
WHERE [c].[IsActive] = @__isActive_0
[23:30:06 INF] Executed DbCommand (1ms) [Parameters=[], CommandType='Text', CommandTimeout='30']
SELECT [g].[Id], [g].[Code], [g].[Name], [g].[ThicknessMm], [g].[Category], [g].[CoreLossPerKg]
FROM [app].[Grades] AS [g]
WHERE [g].[IsActive] = CAST(1 AS bit)
ORDER BY [g].[Code]
[23:30:06 INF] Executed DbCommand (0ms) [Parameters=[@__isActive_0='?' (DbType = Boolean), @__p_1='?' (DbType = Int32), @__p_2='?' (DbType = Int32)], CommandType='Text', CommandTimeout='30']
SELECT [c].[Id], [c].[BillingAddress], [c].[City], [c].[ContactPerson], [c].[Country], [c].[CreatedAtUtc], [c].[CreatedBy], [c].[CreditDays], [c].[CustomerCode], [c].[CustomerName], [c].[Email], [c].[GSTNumber], [c].[IsActive], [c].[PAN], [c].[PaymentTerms], [c].[Phone], [c].[PostalCode], [c].[Remarks], [c].[RowVersion], [c].[ShippingAddress], [c].[ShortName], [c].[State], [c].[UpdatedAtUtc], [c].[UpdatedBy]
FROM [sales].[Customers] AS [c]
WHERE [c].[IsActive] = @__isActive_0
ORDER BY [c].[CustomerCode]
OFFSET @__p_1 ROWS FETCH NEXT @__p_2 ROWS ONLY
[23:30:06 INF] HTTP GET /api/lookups/grades responded 200 in 3.3250 ms
[23:30:06 INF] Executed DbCommand (0ms) [Parameters=[@__prefix_0_startswith='?' (Size = 30)], CommandType='Text', CommandTimeout='30']
SELECT TOP(1) [s].[SalesOrderNumber]
FROM [sales].[SalesOrders] AS [s]
WHERE [s].[SalesOrderNumber] LIKE @__prefix_0_startswith ESCAPE N'\'
ORDER BY [s].[SalesOrderNumber] DESC
[23:30:06 INF] HTTP GET /api/customers responded 200 in 5.5243 ms
[23:30:06 INF] HTTP GET /api/sales-orders/next-number responded 200 in 2.7486 ms
[23:30:06 INF] HTTP OPTIONS /api/sales-orders/34cc9218-a2fa-4d02-870d-791792276082 responded 204 in 0.0222 ms
[23:30:06 INF] Executed DbCommand (1ms) [Parameters=[@__id_0='?' (DbType = Guid)], CommandType='Text', CommandTimeout='30']
SELECT [t].[Id], [t].[BillingAddress], [t].[CancellationReason], [t].[CancelledBy], [t].[CancelledOn], [t].[ConfirmedBy], [t].[ConfirmedOn], [t].[ContactEmail], [t].[ContactPerson], [t].[ContactPhone], [t].[CreatedAtUtc], [t].[CreatedBy], [t].[Currency], [t].[CustomerCode], [t].[CustomerId], [t].[CustomerName], [t].[CustomerPODate], [t].[CustomerPONumber], [t].[CustomerRemarks], [t].[InternalRemarks], [t].[OrderDate], [t].[PaymentTerms], [t].[Priority], [t].[RequiredDeliveryDate], [t].[RowVersion], [t].[SalesOrderNumber], [t].[ShippingAddress], [t].[Status], [t].[TaxAmount], [t].[UpdatedAtUtc], [t].[UpdatedBy], [t].[Id0], [t].[BillingAddress0], [t].[City], [t].[ContactPerson0], [t].[Country], [t].[CreatedAtUtc0], [t].[CreatedBy0], [t].[CreditDays], [t].[CustomerCode0], [t].[CustomerName0], [t].[Email], [t].[GSTNumber], [t].[IsActive], [t].[PAN], [t].[PaymentTerms0], [t].[Phone], [t].[PostalCode], [t].[Remarks], [t].[RowVersion0], [t].[ShippingAddress0], [t].[ShortName], [t].[State], [t].[UpdatedAtUtc0], [t].[UpdatedBy0], [s0].[Id], [s0].[Category], [s0].[CoreLossPerKg], [s0].[CreatedOn], [s0].[CustomerItemReference], [s0].[Description], [s0].[DispatchedQuantity], [s0].[DrawingNumber], [s0].[DrawingRevision], [s0].[FulfilledQuantity], [s0].[GradeCode], [s0].[GradeId], [s0].[Length], [s0].[LineAmount], [s0].[LineNumber], [s0].[ModifiedOn], [s0].[OEMJobNumber], [s0].[OrderedQuantity], [s0].[ProductType], [s0].[QuantityUnit], [s0].[ReadyQuantity], [s0].[Remarks], [s0].[RequiredDeliveryDate], [s0].[SalesOrderId], [s0].[Thickness], [s0].[TransformerRating], [s0].[UnitPrice], [s0].[Width], [s0].[WorkOrderStatus]
FROM (
    SELECT TOP(1) [s].[Id], [s].[BillingAddress], [s].[CancellationReason], [s].[CancelledBy], [s].[CancelledOn], [s].[ConfirmedBy], [s].[ConfirmedOn], [s].[ContactEmail], [s].[ContactPerson], [s].[ContactPhone], [s].[CreatedAtUtc], [s].[CreatedBy], [s].[Currency], [s].[CustomerCode], [s].[CustomerId], [s].[CustomerName], [s].[CustomerPODate], [s].[CustomerPONumber], [s].[CustomerRemarks], [s].[InternalRemarks], [s].[OrderDate], [s].[PaymentTerms], [s].[Priority], [s].[RequiredDeliveryDate], [s].[RowVersion], [s].[SalesOrderNumber], [s].[ShippingAddress], [s].[Status], [s].[TaxAmount], [s].[UpdatedAtUtc], [s].[UpdatedBy], [c].[Id] AS [Id0], [c].[BillingAddress] AS [BillingAddress0], [c].[City], [c].[ContactPerson] AS [ContactPerson0], [c].[Country], [c].[CreatedAtUtc] AS [CreatedAtUtc0], [c].[CreatedBy] AS [CreatedBy0], [c].[CreditDays], [c].[CustomerCode] AS [CustomerCode0], [c].[CustomerName] AS [CustomerName0], [c].[Email], [c].[GSTNumber], [c].[IsActive], [c].[PAN], [c].[PaymentTerms] AS [PaymentTerms0], [c].[Phone], [c].[PostalCode], [c].[Remarks], [c].[RowVersion] AS [RowVersion0], [c].[ShippingAddress] AS [ShippingAddress0], [c].[ShortName], [c].[State], [c].[UpdatedAtUtc] AS [UpdatedAtUtc0], [c].[UpdatedBy] AS [UpdatedBy0]
    FROM [sales].[SalesOrders] AS [s]
    INNER JOIN [sales].[Customers] AS [c] ON [s].[CustomerId] = [c].[Id]
    WHERE [s].[Id] = @__id_0
) AS [t]
LEFT JOIN [sales].[SalesOrderLines] AS [s0] ON [t].[Id] = [s0].[SalesOrderId]
ORDER BY [t].[Id], [t].[Id0]
[23:30:06 INF] HTTP GET /api/sales-orders/34cc9218-a2fa-4d02-870d-791792276082 responded 200 in 4.5325 ms
[23:31:00 INF] HTTP OPTIONS /api/customers responded 204 in 0.0261 ms
[23:31:00 INF] HTTP OPTIONS /api/lookups/grades responded 204 in 0.0215 ms
[23:31:00 INF] HTTP OPTIONS /api/sales-orders/next-number responded 204 in 0.0182 ms
[23:31:00 INF] Executed DbCommand (1ms) [Parameters=[@__isActive_0='?' (DbType = Boolean)], CommandType='Text', CommandTimeout='30']
SELECT COUNT(*)
FROM [sales].[Customers] AS [c]
WHERE [c].[IsActive] = @__isActive_0
[23:31:00 INF] Executed DbCommand (1ms) [Parameters=[@__prefix_0_startswith='?' (Size = 30)], CommandType='Text', CommandTimeout='30']
SELECT TOP(1) [s].[SalesOrderNumber]
FROM [sales].[SalesOrders] AS [s]
WHERE [s].[SalesOrderNumber] LIKE @__prefix_0_startswith ESCAPE N'\'
ORDER BY [s].[SalesOrderNumber] DESC
[23:31:00 INF] HTTP GET /api/sales-orders/next-number responded 200 in 3.2441 ms
[23:31:00 INF] Executed DbCommand (0ms) [Parameters=[@__isActive_0='?' (DbType = Boolean), @__p_1='?' (DbType = Int32), @__p_2='?' (DbType = Int32)], CommandType='Text', CommandTimeout='30']
SELECT [c].[Id], [c].[BillingAddress], [c].[City], [c].[ContactPerson], [c].[Country], [c].[CreatedAtUtc], [c].[CreatedBy], [c].[CreditDays], [c].[CustomerCode], [c].[CustomerName], [c].[Email], [c].[GSTNumber], [c].[IsActive], [c].[PAN], [c].[PaymentTerms], [c].[Phone], [c].[PostalCode], [c].[Remarks], [c].[RowVersion], [c].[ShippingAddress], [c].[ShortName], [c].[State], [c].[UpdatedAtUtc], [c].[UpdatedBy]
FROM [sales].[Customers] AS [c]
WHERE [c].[IsActive] = @__isActive_0
ORDER BY [c].[CustomerCode]
OFFSET @__p_1 ROWS FETCH NEXT @__p_2 ROWS ONLY
[23:31:00 INF] HTTP GET /api/customers responded 200 in 5.5578 ms
[23:31:00 INF] Executed DbCommand (0ms) [Parameters=[], CommandType='Text', CommandTimeout='30']
SELECT [g].[Id], [g].[Code], [g].[Name], [g].[ThicknessMm], [g].[Category], [g].[CoreLossPerKg]
FROM [app].[Grades] AS [g]
WHERE [g].[IsActive] = CAST(1 AS bit)
ORDER BY [g].[Code]
[23:31:00 INF] HTTP GET /api/lookups/grades responded 200 in 7.3877 ms
[23:31:00 INF] HTTP OPTIONS /api/sales-orders/34cc9218-a2fa-4d02-870d-791792276082 responded 204 in 0.0292 ms
[23:31:00 INF] Executed DbCommand (1ms) [Parameters=[@__id_0='?' (DbType = Guid)], CommandType='Text', CommandTimeout='30']
SELECT [t].[Id], [t].[BillingAddress], [t].[CancellationReason], [t].[CancelledBy], [t].[CancelledOn], [t].[ConfirmedBy], [t].[ConfirmedOn], [t].[ContactEmail], [t].[ContactPerson], [t].[ContactPhone], [t].[CreatedAtUtc], [t].[CreatedBy], [t].[Currency], [t].[CustomerCode], [t].[CustomerId], [t].[CustomerName], [t].[CustomerPODate], [t].[CustomerPONumber], [t].[CustomerRemarks], [t].[InternalRemarks], [t].[OrderDate], [t].[PaymentTerms], [t].[Priority], [t].[RequiredDeliveryDate], [t].[RowVersion], [t].[SalesOrderNumber], [t].[ShippingAddress], [t].[Status], [t].[TaxAmount], [t].[UpdatedAtUtc], [t].[UpdatedBy], [t].[Id0], [t].[BillingAddress0], [t].[City], [t].[ContactPerson0], [t].[Country], [t].[CreatedAtUtc0], [t].[CreatedBy0], [t].[CreditDays], [t].[CustomerCode0], [t].[CustomerName0], [t].[Email], [t].[GSTNumber], [t].[IsActive], [t].[PAN], [t].[PaymentTerms0], [t].[Phone], [t].[PostalCode], [t].[Remarks], [t].[RowVersion0], [t].[ShippingAddress0], [t].[ShortName], [t].[State], [t].[UpdatedAtUtc0], [t].[UpdatedBy0], [s0].[Id], [s0].[Category], [s0].[CoreLossPerKg], [s0].[CreatedOn], [s0].[CustomerItemReference], [s0].[Description], [s0].[DispatchedQuantity], [s0].[DrawingNumber], [s0].[DrawingRevision], [s0].[FulfilledQuantity], [s0].[GradeCode], [s0].[GradeId], [s0].[Length], [s0].[LineAmount], [s0].[LineNumber], [s0].[ModifiedOn], [s0].[OEMJobNumber], [s0].[OrderedQuantity], [s0].[ProductType], [s0].[QuantityUnit], [s0].[ReadyQuantity], [s0].[Remarks], [s0].[RequiredDeliveryDate], [s0].[SalesOrderId], [s0].[Thickness], [s0].[TransformerRating], [s0].[UnitPrice], [s0].[Width], [s0].[WorkOrderStatus]
FROM (
    SELECT TOP(1) [s].[Id], [s].[BillingAddress], [s].[CancellationReason], [s].[CancelledBy], [s].[CancelledOn], [s].[ConfirmedBy], [s].[ConfirmedOn], [s].[ContactEmail], [s].[ContactPerson], [s].[ContactPhone], [s].[CreatedAtUtc], [s].[CreatedBy], [s].[Currency], [s].[CustomerCode], [s].[CustomerId], [s].[CustomerName], [s].[CustomerPODate], [s].[CustomerPONumber], [s].[CustomerRemarks], [s].[InternalRemarks], [s].[OrderDate], [s].[PaymentTerms], [s].[Priority], [s].[RequiredDeliveryDate], [s].[RowVersion], [s].[SalesOrderNumber], [s].[ShippingAddress], [s].[Status], [s].[TaxAmount], [s].[UpdatedAtUtc], [s].[UpdatedBy], [c].[Id] AS [Id0], [c].[BillingAddress] AS [BillingAddress0], [c].[City], [c].[ContactPerson] AS [ContactPerson0], [c].[Country], [c].[CreatedAtUtc] AS [CreatedAtUtc0], [c].[CreatedBy] AS [CreatedBy0], [c].[CreditDays], [c].[CustomerCode] AS [CustomerCode0], [c].[CustomerName] AS [CustomerName0], [c].[Email], [c].[GSTNumber], [c].[IsActive], [c].[PAN], [c].[PaymentTerms] AS [PaymentTerms0], [c].[Phone], [c].[PostalCode], [c].[Remarks], [c].[RowVersion] AS [RowVersion0], [c].[ShippingAddress] AS [ShippingAddress0], [c].[ShortName], [c].[State], [c].[UpdatedAtUtc] AS [UpdatedAtUtc0], [c].[UpdatedBy] AS [UpdatedBy0]
    FROM [sales].[SalesOrders] AS [s]
    INNER JOIN [sales].[Customers] AS [c] ON [s].[CustomerId] = [c].[Id]
    WHERE [s].[Id] = @__id_0
) AS [t]
LEFT JOIN [sales].[SalesOrderLines] AS [s0] ON [t].[Id] = [s0].[SalesOrderId]
ORDER BY [t].[Id], [t].[Id0]
[23:31:00 INF] HTTP GET /api/sales-orders/34cc9218-a2fa-4d02-870d-791792276082 responded 200 in 5.4408 ms
[23:31:42 INF] HTTP OPTIONS /api/customers responded 204 in 0.0344 ms
[23:31:42 INF] HTTP OPTIONS /api/lookups/grades responded 204 in 0.0224 ms
[23:31:42 INF] HTTP OPTIONS /api/sales-orders/next-number responded 204 in 0.0239 ms
[23:31:42 INF] Executed DbCommand (1ms) [Parameters=[@__isActive_0='?' (DbType = Boolean)], CommandType='Text', CommandTimeout='30']
SELECT COUNT(*)
FROM [sales].[Customers] AS [c]
WHERE [c].[IsActive] = @__isActive_0
[23:31:42 INF] Executed DbCommand (1ms) [Parameters=[], CommandType='Text', CommandTimeout='30']
SELECT [g].[Id], [g].[Code], [g].[Name], [g].[ThicknessMm], [g].[Category], [g].[CoreLossPerKg]
FROM [app].[Grades] AS [g]
WHERE [g].[IsActive] = CAST(1 AS bit)
ORDER BY [g].[Code]
[23:31:42 INF] Executed DbCommand (0ms) [Parameters=[@__isActive_0='?' (DbType = Boolean), @__p_1='?' (DbType = Int32), @__p_2='?' (DbType = Int32)], CommandType='Text', CommandTimeout='30']
SELECT [c].[Id], [c].[BillingAddress], [c].[City], [c].[ContactPerson], [c].[Country], [c].[CreatedAtUtc], [c].[CreatedBy], [c].[CreditDays], [c].[CustomerCode], [c].[CustomerName], [c].[Email], [c].[GSTNumber], [c].[IsActive], [c].[PAN], [c].[PaymentTerms], [c].[Phone], [c].[PostalCode], [c].[Remarks], [c].[RowVersion], [c].[ShippingAddress], [c].[ShortName], [c].[State], [c].[UpdatedAtUtc], [c].[UpdatedBy]
FROM [sales].[Customers] AS [c]
WHERE [c].[IsActive] = @__isActive_0
ORDER BY [c].[CustomerCode]
OFFSET @__p_1 ROWS FETCH NEXT @__p_2 ROWS ONLY
[23:31:42 INF] Executed DbCommand (1ms) [Parameters=[@__prefix_0_startswith='?' (Size = 30)], CommandType='Text', CommandTimeout='30']
SELECT TOP(1) [s].[SalesOrderNumber]
FROM [sales].[SalesOrders] AS [s]
WHERE [s].[SalesOrderNumber] LIKE @__prefix_0_startswith ESCAPE N'\'
ORDER BY [s].[SalesOrderNumber] DESC
[23:31:42 INF] HTTP GET /api/lookups/grades responded 200 in 2.4961 ms
[23:31:42 INF] HTTP GET /api/customers responded 200 in 3.9871 ms
[23:31:42 INF] HTTP GET /api/sales-orders/next-number responded 200 in 2.9506 ms
[23:31:42 INF] HTTP OPTIONS /api/sales-orders/34cc9218-a2fa-4d02-870d-791792276082 responded 204 in 0.0350 ms
[23:31:42 INF] Executed DbCommand (1ms) [Parameters=[@__id_0='?' (DbType = Guid)], CommandType='Text', CommandTimeout='30']
SELECT [t].[Id], [t].[BillingAddress], [t].[CancellationReason], [t].[CancelledBy], [t].[CancelledOn], [t].[ConfirmedBy], [t].[ConfirmedOn], [t].[ContactEmail], [t].[ContactPerson], [t].[ContactPhone], [t].[CreatedAtUtc], [t].[CreatedBy], [t].[Currency], [t].[CustomerCode], [t].[CustomerId], [t].[CustomerName], [t].[CustomerPODate], [t].[CustomerPONumber], [t].[CustomerRemarks], [t].[InternalRemarks], [t].[OrderDate], [t].[PaymentTerms], [t].[Priority], [t].[RequiredDeliveryDate], [t].[RowVersion], [t].[SalesOrderNumber], [t].[ShippingAddress], [t].[Status], [t].[TaxAmount], [t].[UpdatedAtUtc], [t].[UpdatedBy], [t].[Id0], [t].[BillingAddress0], [t].[City], [t].[ContactPerson0], [t].[Country], [t].[CreatedAtUtc0], [t].[CreatedBy0], [t].[CreditDays], [t].[CustomerCode0], [t].[CustomerName0], [t].[Email], [t].[GSTNumber], [t].[IsActive], [t].[PAN], [t].[PaymentTerms0], [t].[Phone], [t].[PostalCode], [t].[Remarks], [t].[RowVersion0], [t].[ShippingAddress0], [t].[ShortName], [t].[State], [t].[UpdatedAtUtc0], [t].[UpdatedBy0], [s0].[Id], [s0].[Category], [s0].[CoreLossPerKg], [s0].[CreatedOn], [s0].[CustomerItemReference], [s0].[Description], [s0].[DispatchedQuantity], [s0].[DrawingNumber], [s0].[DrawingRevision], [s0].[FulfilledQuantity], [s0].[GradeCode], [s0].[GradeId], [s0].[Length], [s0].[LineAmount], [s0].[LineNumber], [s0].[ModifiedOn], [s0].[OEMJobNumber], [s0].[OrderedQuantity], [s0].[ProductType], [s0].[QuantityUnit], [s0].[ReadyQuantity], [s0].[Remarks], [s0].[RequiredDeliveryDate], [s0].[SalesOrderId], [s0].[Thickness], [s0].[TransformerRating], [s0].[UnitPrice], [s0].[Width], [s0].[WorkOrderStatus]
FROM (
    SELECT TOP(1) [s].[Id], [s].[BillingAddress], [s].[CancellationReason], [s].[CancelledBy], [s].[CancelledOn], [s].[ConfirmedBy], [s].[ConfirmedOn], [s].[ContactEmail], [s].[ContactPerson], [s].[ContactPhone], [s].[CreatedAtUtc], [s].[CreatedBy], [s].[Currency], [s].[CustomerCode], [s].[CustomerId], [s].[CustomerName], [s].[CustomerPODate], [s].[CustomerPONumber], [s].[CustomerRemarks], [s].[InternalRemarks], [s].[OrderDate], [s].[PaymentTerms], [s].[Priority], [s].[RequiredDeliveryDate], [s].[RowVersion], [s].[SalesOrderNumber], [s].[ShippingAddress], [s].[Status], [s].[TaxAmount], [s].[UpdatedAtUtc], [s].[UpdatedBy], [c].[Id] AS [Id0], [c].[BillingAddress] AS [BillingAddress0], [c].[City], [c].[ContactPerson] AS [ContactPerson0], [c].[Country], [c].[CreatedAtUtc] AS [CreatedAtUtc0], [c].[CreatedBy] AS [CreatedBy0], [c].[CreditDays], [c].[CustomerCode] AS [CustomerCode0], [c].[CustomerName] AS [CustomerName0], [c].[Email], [c].[GSTNumber], [c].[IsActive], [c].[PAN], [c].[PaymentTerms] AS [PaymentTerms0], [c].[Phone], [c].[PostalCode], [c].[Remarks], [c].[RowVersion] AS [RowVersion0], [c].[ShippingAddress] AS [ShippingAddress0], [c].[ShortName], [c].[State], [c].[UpdatedAtUtc] AS [UpdatedAtUtc0], [c].[UpdatedBy] AS [UpdatedBy0]
    FROM [sales].[SalesOrders] AS [s]
    INNER JOIN [sales].[Customers] AS [c] ON [s].[CustomerId] = [c].[Id]
    WHERE [s].[Id] = @__id_0
) AS [t]
LEFT JOIN [sales].[SalesOrderLines] AS [s0] ON [t].[Id] = [s0].[SalesOrderId]
ORDER BY [t].[Id], [t].[Id0]
[23:31:42 INF] HTTP GET /api/sales-orders/34cc9218-a2fa-4d02-870d-791792276082 responded 200 in 3.1272 ms
[23:37:44 INF] HTTP OPTIONS /api/sales-orders/34cc9218-a2fa-4d02-870d-791792276082 responded 204 in 0.0681 ms
[23:37:44 ERR] Failed executing DbCommand (8ms) [Parameters=[@__id_0='?' (DbType = Guid)], CommandType='Text', CommandTimeout='30']
SELECT [t].[Id], [t].[BillingAddress], [t].[CancellationReason], [t].[CancelledBy], [t].[CancelledOn], [t].[ConfirmedBy], [t].[ConfirmedOn], [t].[ContactEmail], [t].[ContactPerson], [t].[ContactPhone], [t].[CreatedAtUtc], [t].[CreatedBy], [t].[Currency], [t].[CustomerCode], [t].[CustomerId], [t].[CustomerName], [t].[CustomerPODate], [t].[CustomerPONumber], [t].[CustomerRemarks], [t].[InternalRemarks], [t].[OrderDate], [t].[PaymentTerms], [t].[Priority], [t].[RequiredDeliveryDate], [t].[RowVersion], [t].[SalesOrderNumber], [t].[ShippingAddress], [t].[Status], [t].[TaxAmount], [t].[UpdatedAtUtc], [t].[UpdatedBy], [t].[Id0], [t].[BillingAddress0], [t].[City], [t].[ContactPerson0], [t].[Country], [t].[CreatedAtUtc0], [t].[CreatedBy0], [t].[CreditDays], [t].[CustomerCode0], [t].[CustomerName0], [t].[Email], [t].[GSTNumber], [t].[IsActive], [t].[PAN], [t].[PaymentTerms0], [t].[Phone], [t].[PostalCode], [t].[Remarks], [t].[RowVersion0], [t].[ShippingAddress0], [t].[ShortName], [t].[State], [t].[UpdatedAtUtc0], [t].[UpdatedBy0], [s0].[Id], [s0].[Category], [s0].[CoreLossPerKg], [s0].[CreatedOn], [s0].[CustomerItemReference], [s0].[Description], [s0].[DispatchedQuantity], [s0].[DrawingNumber], [s0].[DrawingRevision], [s0].[FulfilledQuantity], [s0].[GradeCode], [s0].[GradeId], [s0].[Length], [s0].[LineAmount], [s0].[LineNumber], [s0].[ModifiedOn], [s0].[OEMJobNumber], [s0].[OrderedQuantity], [s0].[ProductType], [s0].[QuantityUnit], [s0].[ReadyQuantity], [s0].[Remarks], [s0].[RequiredDeliveryDate], [s0].[SalesOrderId], [s0].[Thickness], [s0].[TransformerRating], [s0].[UnitPrice], [s0].[Width], [s0].[WorkOrderStatus]
FROM (
    SELECT TOP(1) [s].[Id], [s].[BillingAddress], [s].[CancellationReason], [s].[CancelledBy], [s].[CancelledOn], [s].[ConfirmedBy], [s].[ConfirmedOn], [s].[ContactEmail], [s].[ContactPerson], [s].[ContactPhone], [s].[CreatedAtUtc], [s].[CreatedBy], [s].[Currency], [s].[CustomerCode], [s].[CustomerId], [s].[CustomerName], [s].[CustomerPODate], [s].[CustomerPONumber], [s].[CustomerRemarks], [s].[InternalRemarks], [s].[OrderDate], [s].[PaymentTerms], [s].[Priority], [s].[RequiredDeliveryDate], [s].[RowVersion], [s].[SalesOrderNumber], [s].[ShippingAddress], [s].[Status], [s].[TaxAmount], [s].[UpdatedAtUtc], [s].[UpdatedBy], [c].[Id] AS [Id0], [c].[BillingAddress] AS [BillingAddress0], [c].[City], [c].[ContactPerson] AS [ContactPerson0], [c].[Country], [c].[CreatedAtUtc] AS [CreatedAtUtc0], [c].[CreatedBy] AS [CreatedBy0], [c].[CreditDays], [c].[CustomerCode] AS [CustomerCode0], [c].[CustomerName] AS [CustomerName0], [c].[Email], [c].[GSTNumber], [c].[IsActive], [c].[PAN], [c].[PaymentTerms] AS [PaymentTerms0], [c].[Phone], [c].[PostalCode], [c].[Remarks], [c].[RowVersion] AS [RowVersion0], [c].[ShippingAddress] AS [ShippingAddress0], [c].[ShortName], [c].[State], [c].[UpdatedAtUtc] AS [UpdatedAtUtc0], [c].[UpdatedBy] AS [UpdatedBy0]
    FROM [sales].[SalesOrders] AS [s]
    INNER JOIN [sales].[Customers] AS [c] ON [s].[CustomerId] = [c].[Id]
    WHERE [s].[Id] = @__id_0
) AS [t]
LEFT JOIN [sales].[SalesOrderLines] AS [s0] ON [t].[Id] = [s0].[SalesOrderId]
ORDER BY [t].[Id], [t].[Id0]
[23:37:44 ERR] An exception occurred while iterating over the results of a query for context type 'CoilManager.Persistence.ApplicationDbContext'.
Microsoft.Data.SqlClient.SqlException (0x80131904): Invalid object name 'sales.SalesOrders'.
   at System.Threading.Tasks.ContinuationResultTaskFromResultTask`2.InnerInvoke()
   at System.Threading.ExecutionContext.RunInternal(ExecutionContext executionContext, ContextCallback callback, Object state)
--- End of stack trace from previous location ---
   at System.Threading.ExecutionContext.RunInternal(ExecutionContext executionContext, ContextCallback callback, Object state)
   at System.Threading.Tasks.Task.ExecuteWithThreadLocal(Task& currentTaskSlot, Thread threadPoolThread)
--- End of stack trace from previous location ---
   at Microsoft.EntityFrameworkCore.Storage.RelationalCommand.ExecuteReaderAsync(RelationalCommandParameterObject parameterObject, CancellationToken cancellationToken)
   at Microsoft.EntityFrameworkCore.Storage.RelationalCommand.ExecuteReaderAsync(RelationalCommandParameterObject parameterObject, CancellationToken cancellationToken)
   at Microsoft.EntityFrameworkCore.Query.Internal.SingleQueryingEnumerable`1.AsyncEnumerator.InitializeReaderAsync(AsyncEnumerator enumerator, CancellationToken cancellationToken)
   at Microsoft.EntityFrameworkCore.SqlServer.Storage.Internal.SqlServerExecutionStrategy.ExecuteAsync[TState,TResult](TState state, Func`4 operation, Func`4 verifySucceeded, CancellationToken cancellationToken)
   at Microsoft.EntityFrameworkCore.Query.Internal.SingleQueryingEnumerable`1.AsyncEnumerator.MoveNextAsync()
ClientConnectionId:32a45417-e162-400b-a8e4-25ee6e629d83
Error Number:208,State:1,Class:16
Microsoft.Data.SqlClient.SqlException (0x80131904): Invalid object name 'sales.SalesOrders'.
   at System.Threading.Tasks.ContinuationResultTaskFromResultTask`2.InnerInvoke()
   at System.Threading.ExecutionContext.RunInternal(ExecutionContext executionContext, ContextCallback callback, Object state)
--- End of stack trace from previous location ---
   at System.Threading.ExecutionContext.RunInternal(ExecutionContext executionContext, ContextCallback callback, Object state)
   at System.Threading.Tasks.Task.ExecuteWithThreadLocal(Task& currentTaskSlot, Thread threadPoolThread)
--- End of stack trace from previous location ---
   at Microsoft.EntityFrameworkCore.Storage.RelationalCommand.ExecuteReaderAsync(RelationalCommandParameterObject parameterObject, CancellationToken cancellationToken)
   at Microsoft.EntityFrameworkCore.Storage.RelationalCommand.ExecuteReaderAsync(RelationalCommandParameterObject parameterObject, CancellationToken cancellationToken)
   at Microsoft.EntityFrameworkCore.Query.Internal.SingleQueryingEnumerable`1.AsyncEnumerator.InitializeReaderAsync(AsyncEnumerator enumerator, CancellationToken cancellationToken)
   at Microsoft.EntityFrameworkCore.SqlServer.Storage.Internal.SqlServerExecutionStrategy.ExecuteAsync[TState,TResult](TState state, Func`4 operation, Func`4 verifySucceeded, CancellationToken cancellationToken)
   at Microsoft.EntityFrameworkCore.Query.Internal.SingleQueryingEnumerable`1.AsyncEnumerator.MoveNextAsync()
ClientConnectionId:32a45417-e162-400b-a8e4-25ee6e629d83
Error Number:208,State:1,Class:16
[23:37:44 ERR] HTTP PUT /api/sales-orders/34cc9218-a2fa-4d02-870d-791792276082 responded 500 in 141.2802 ms
Microsoft.Data.SqlClient.SqlException (0x80131904): Invalid object name 'sales.SalesOrders'.
   at System.Threading.Tasks.ContinuationResultTaskFromResultTask`2.InnerInvoke()
   at System.Threading.ExecutionContext.RunInternal(ExecutionContext executionContext, ContextCallback callback, Object state)
--- End of stack trace from previous location ---
   at System.Threading.ExecutionContext.RunInternal(ExecutionContext executionContext, ContextCallback callback, Object state)
   at System.Threading.Tasks.Task.ExecuteWithThreadLocal(Task& currentTaskSlot, Thread threadPoolThread)
--- End of stack trace from previous location ---
   at Microsoft.EntityFrameworkCore.Storage.RelationalCommand.ExecuteReaderAsync(RelationalCommandParameterObject parameterObject, CancellationToken cancellationToken)
   at Microsoft.EntityFrameworkCore.Storage.RelationalCommand.ExecuteReaderAsync(RelationalCommandParameterObject parameterObject, CancellationToken cancellationToken)
   at Microsoft.EntityFrameworkCore.Query.Internal.SingleQueryingEnumerable`1.AsyncEnumerator.InitializeReaderAsync(AsyncEnumerator enumerator, CancellationToken cancellationToken)
   at Microsoft.EntityFrameworkCore.SqlServer.Storage.Internal.SqlServerExecutionStrategy.ExecuteAsync[TState,TResult](TState state, Func`4 operation, Func`4 verifySucceeded, CancellationToken cancellationToken)
   at Microsoft.EntityFrameworkCore.Query.Internal.SingleQueryingEnumerable`1.AsyncEnumerator.MoveNextAsync()
   at Microsoft.EntityFrameworkCore.Query.ShapedQueryCompilingExpressionVisitor.SingleOrDefaultAsync[TSource](IAsyncEnumerable`1 asyncEnumerable, CancellationToken cancellationToken)
   at Microsoft.EntityFrameworkCore.Query.ShapedQueryCompilingExpressionVisitor.SingleOrDefaultAsync[TSource](IAsyncEnumerable`1 asyncEnumerable, CancellationToken cancellationToken)
   at CoilManager.API.Controllers.SalesOrdersController.Update(Guid id, SaveSalesOrderRequest r, CancellationToken ct) in C:\VISHAL\Codes\CoilManager\src\CoilManager.API\Controllers\SalesOrdersController.cs:line 23
   at CoilManager.API.Controllers.SalesOrdersController.Update(Guid id, SaveSalesOrderRequest r, CancellationToken ct) in C:\VISHAL\Codes\CoilManager\src\CoilManager.API\Controllers\SalesOrdersController.cs:line 23
   at lambda_method110(Closure, Object)
   at Microsoft.AspNetCore.Mvc.Infrastructure.ActionMethodExecutor.AwaitableObjectResultExecutor.Execute(ActionContext actionContext, IActionResultTypeMapper mapper, ObjectMethodExecutor executor, Object controller, Object[] arguments)
   at Microsoft.AspNetCore.Mvc.Infrastructure.ControllerActionInvoker.<InvokeActionMethodAsync>g__Awaited|12_0(ControllerActionInvoker invoker, ValueTask`1 actionResultValueTask)
   at Microsoft.AspNetCore.Mvc.Infrastructure.ControllerActionInvoker.<InvokeNextActionFilterAsync>g__Awaited|10_0(ControllerActionInvoker invoker, Task lastTask, State next, Scope scope, Object state, Boolean isCompleted)
   at Microsoft.AspNetCore.Mvc.Infrastructure.ControllerActionInvoker.Rethrow(ActionExecutedContextSealed context)
   at Microsoft.AspNetCore.Mvc.Infrastructure.ControllerActionInvoker.Next(State& next, Scope& scope, Object& state, Boolean& isCompleted)
   at Microsoft.AspNetCore.Mvc.Infrastructure.ControllerActionInvoker.<InvokeInnerFilterAsync>g__Awaited|13_0(ControllerActionInvoker invoker, Task lastTask, State next, Scope scope, Object state, Boolean isCompleted)
   at Microsoft.AspNetCore.Mvc.Infrastructure.ResourceInvoker.<InvokeFilterPipelineAsync>g__Awaited|20_0(ResourceInvoker invoker, Task lastTask, State next, Scope scope, Object state, Boolean isCompleted)
   at Microsoft.AspNetCore.Mvc.Infrastructure.ResourceInvoker.<InvokeAsync>g__Awaited|17_0(ResourceInvoker invoker, Task task, IDisposable scope)
   at Microsoft.AspNetCore.Mvc.Infrastructure.ResourceInvoker.<InvokeAsync>g__Awaited|17_0(ResourceInvoker invoker, Task task, IDisposable scope)
   at Microsoft.AspNetCore.Authorization.AuthorizationMiddleware.Invoke(HttpContext context)
   at Microsoft.AspNetCore.Authentication.AuthenticationMiddleware.Invoke(HttpContext context)
   at Serilog.AspNetCore.RequestLoggingMiddleware.Invoke(HttpContext httpContext)
ClientConnectionId:32a45417-e162-400b-a8e4-25ee6e629d83
Error Number:208,State:1,Class:16
[23:37:44 ERR] Exception while processing PUT /api/sales-orders/34cc9218-a2fa-4d02-870d-791792276082.
Microsoft.Data.SqlClient.SqlException (0x80131904): Invalid object name 'sales.SalesOrders'.
   at System.Threading.Tasks.ContinuationResultTaskFromResultTask`2.InnerInvoke()
   at System.Threading.ExecutionContext.RunInternal(ExecutionContext executionContext, ContextCallback callback, Object state)
--- End of stack trace from previous location ---
   at System.Threading.ExecutionContext.RunInternal(ExecutionContext executionContext, ContextCallback callback, Object state)
   at System.Threading.Tasks.Task.ExecuteWithThreadLocal(Task& currentTaskSlot, Thread threadPoolThread)
--- End of stack trace from previous location ---
   at Microsoft.EntityFrameworkCore.Storage.RelationalCommand.ExecuteReaderAsync(RelationalCommandParameterObject parameterObject, CancellationToken cancellationToken)
   at Microsoft.EntityFrameworkCore.Storage.RelationalCommand.ExecuteReaderAsync(RelationalCommandParameterObject parameterObject, CancellationToken cancellationToken)
   at Microsoft.EntityFrameworkCore.Query.Internal.SingleQueryingEnumerable`1.AsyncEnumerator.InitializeReaderAsync(AsyncEnumerator enumerator, CancellationToken cancellationToken)
   at Microsoft.EntityFrameworkCore.SqlServer.Storage.Internal.SqlServerExecutionStrategy.ExecuteAsync[TState,TResult](TState state, Func`4 operation, Func`4 verifySucceeded, CancellationToken cancellationToken)
   at Microsoft.EntityFrameworkCore.Query.Internal.SingleQueryingEnumerable`1.AsyncEnumerator.MoveNextAsync()
   at Microsoft.EntityFrameworkCore.Query.ShapedQueryCompilingExpressionVisitor.SingleOrDefaultAsync[TSource](IAsyncEnumerable`1 asyncEnumerable, CancellationToken cancellationToken)
   at Microsoft.EntityFrameworkCore.Query.ShapedQueryCompilingExpressionVisitor.SingleOrDefaultAsync[TSource](IAsyncEnumerable`1 asyncEnumerable, CancellationToken cancellationToken)
   at CoilManager.API.Controllers.SalesOrdersController.Update(Guid id, SaveSalesOrderRequest r, CancellationToken ct) in C:\VISHAL\Codes\CoilManager\src\CoilManager.API\Controllers\SalesOrdersController.cs:line 23
   at CoilManager.API.Controllers.SalesOrdersController.Update(Guid id, SaveSalesOrderRequest r, CancellationToken ct) in C:\VISHAL\Codes\CoilManager\src\CoilManager.API\Controllers\SalesOrdersController.cs:line 23
   at lambda_method110(Closure, Object)
   at Microsoft.AspNetCore.Mvc.Infrastructure.ActionMethodExecutor.AwaitableObjectResultExecutor.Execute(ActionContext actionContext, IActionResultTypeMapper mapper, ObjectMethodExecutor executor, Object controller, Object[] arguments)
   at Microsoft.AspNetCore.Mvc.Infrastructure.ControllerActionInvoker.<InvokeActionMethodAsync>g__Awaited|12_0(ControllerActionInvoker invoker, ValueTask`1 actionResultValueTask)
   at Microsoft.AspNetCore.Mvc.Infrastructure.ControllerActionInvoker.<InvokeNextActionFilterAsync>g__Awaited|10_0(ControllerActionInvoker invoker, Task lastTask, State next, Scope scope, Object state, Boolean isCompleted)
   at Microsoft.AspNetCore.Mvc.Infrastructure.ControllerActionInvoker.Rethrow(ActionExecutedContextSealed context)
   at Microsoft.AspNetCore.Mvc.Infrastructure.ControllerActionInvoker.Next(State& next, Scope& scope, Object& state, Boolean& isCompleted)
   at Microsoft.AspNetCore.Mvc.Infrastructure.ControllerActionInvoker.<InvokeInnerFilterAsync>g__Awaited|13_0(ControllerActionInvoker invoker, Task lastTask, State next, Scope scope, Object state, Boolean isCompleted)
   at Microsoft.AspNetCore.Mvc.Infrastructure.ResourceInvoker.<InvokeFilterPipelineAsync>g__Awaited|20_0(ResourceInvoker invoker, Task lastTask, State next, Scope scope, Object state, Boolean isCompleted)
   at Microsoft.AspNetCore.Mvc.Infrastructure.ResourceInvoker.<InvokeAsync>g__Awaited|17_0(ResourceInvoker invoker, Task task, IDisposable scope)
   at Microsoft.AspNetCore.Mvc.Infrastructure.ResourceInvoker.<InvokeAsync>g__Awaited|17_0(ResourceInvoker invoker, Task task, IDisposable scope)
   at Microsoft.AspNetCore.Authorization.AuthorizationMiddleware.Invoke(HttpContext context)
   at Microsoft.AspNetCore.Authentication.AuthenticationMiddleware.Invoke(HttpContext context)
   at Serilog.AspNetCore.RequestLoggingMiddleware.Invoke(HttpContext httpContext)
   at Swashbuckle.AspNetCore.SwaggerUI.SwaggerUIMiddleware.Invoke(HttpContext httpContext)
   at Swashbuckle.AspNetCore.Swagger.SwaggerMiddleware.Invoke(HttpContext httpContext, ISwaggerProvider swaggerProvider)
   at CoilManager.API.Middleware.GlobalExceptionMiddleware.InvokeAsync(HttpContext context) in C:\VISHAL\Codes\CoilManager\src\CoilManager.API\Middleware\GlobalExceptionMiddleware.cs:line 27
ClientConnectionId:32a45417-e162-400b-a8e4-25ee6e629d83
Error Number:208,State:1,Class:16
[23:37:50 INF] HTTP OPTIONS /api/sales-orders responded 204 in 0.0557 ms
[23:37:50 ERR] Failed executing DbCommand (74ms) [Parameters=[], CommandType='Text', CommandTimeout='30']
SELECT COUNT(*)
FROM [sales].[SalesOrders] AS [s]
[23:37:50 ERR] An exception occurred while iterating over the results of a query for context type 'CoilManager.Persistence.ApplicationDbContext'.
Microsoft.Data.SqlClient.SqlException (0x80131904): Invalid object name 'sales.SalesOrders'.
   at System.Threading.Tasks.ContinuationResultTaskFromResultTask`2.InnerInvoke()
   at System.Threading.ExecutionContext.RunInternal(ExecutionContext executionContext, ContextCallback callback, Object state)
--- End of stack trace from previous location ---
   at System.Threading.ExecutionContext.RunInternal(ExecutionContext executionContext, ContextCallback callback, Object state)
   at System.Threading.Tasks.Task.ExecuteWithThreadLocal(Task& currentTaskSlot, Thread threadPoolThread)
--- End of stack trace from previous location ---
   at Microsoft.EntityFrameworkCore.Storage.RelationalCommand.ExecuteReaderAsync(RelationalCommandParameterObject parameterObject, CancellationToken cancellationToken)
   at Microsoft.EntityFrameworkCore.Storage.RelationalCommand.ExecuteReaderAsync(RelationalCommandParameterObject parameterObject, CancellationToken cancellationToken)
   at Microsoft.EntityFrameworkCore.Query.Internal.SingleQueryingEnumerable`1.AsyncEnumerator.InitializeReaderAsync(AsyncEnumerator enumerator, CancellationToken cancellationToken)
   at Microsoft.EntityFrameworkCore.SqlServer.Storage.Internal.SqlServerExecutionStrategy.ExecuteAsync[TState,TResult](TState state, Func`4 operation, Func`4 verifySucceeded, CancellationToken cancellationToken)
   at Microsoft.EntityFrameworkCore.Query.Internal.SingleQueryingEnumerable`1.AsyncEnumerator.MoveNextAsync()
ClientConnectionId:32a45417-e162-400b-a8e4-25ee6e629d83
Error Number:208,State:1,Class:16
Microsoft.Data.SqlClient.SqlException (0x80131904): Invalid object name 'sales.SalesOrders'.
   at System.Threading.Tasks.ContinuationResultTaskFromResultTask`2.InnerInvoke()
   at System.Threading.ExecutionContext.RunInternal(ExecutionContext executionContext, ContextCallback callback, Object state)
--- End of stack trace from previous location ---
   at System.Threading.ExecutionContext.RunInternal(ExecutionContext executionContext, ContextCallback callback, Object state)
   at System.Threading.Tasks.Task.ExecuteWithThreadLocal(Task& currentTaskSlot, Thread threadPoolThread)
--- End of stack trace from previous location ---
   at Microsoft.EntityFrameworkCore.Storage.RelationalCommand.ExecuteReaderAsync(RelationalCommandParameterObject parameterObject, CancellationToken cancellationToken)
   at Microsoft.EntityFrameworkCore.Storage.RelationalCommand.ExecuteReaderAsync(RelationalCommandParameterObject parameterObject, CancellationToken cancellationToken)
   at Microsoft.EntityFrameworkCore.Query.Internal.SingleQueryingEnumerable`1.AsyncEnumerator.InitializeReaderAsync(AsyncEnumerator enumerator, CancellationToken cancellationToken)
   at Microsoft.EntityFrameworkCore.SqlServer.Storage.Internal.SqlServerExecutionStrategy.ExecuteAsync[TState,TResult](TState state, Func`4 operation, Func`4 verifySucceeded, CancellationToken cancellationToken)
   at Microsoft.EntityFrameworkCore.Query.Internal.SingleQueryingEnumerable`1.AsyncEnumerator.MoveNextAsync()
ClientConnectionId:32a45417-e162-400b-a8e4-25ee6e629d83
Error Number:208,State:1,Class:16
[23:37:50 ERR] HTTP GET /api/sales-orders responded 500 in 92.3691 ms
Microsoft.Data.SqlClient.SqlException (0x80131904): Invalid object name 'sales.SalesOrders'.
   at System.Threading.Tasks.ContinuationResultTaskFromResultTask`2.InnerInvoke()
   at System.Threading.ExecutionContext.RunInternal(ExecutionContext executionContext, ContextCallback callback, Object state)
--- End of stack trace from previous location ---
   at System.Threading.ExecutionContext.RunInternal(ExecutionContext executionContext, ContextCallback callback, Object state)
   at System.Threading.Tasks.Task.ExecuteWithThreadLocal(Task& currentTaskSlot, Thread threadPoolThread)
--- End of stack trace from previous location ---
   at Microsoft.EntityFrameworkCore.Storage.RelationalCommand.ExecuteReaderAsync(RelationalCommandParameterObject parameterObject, CancellationToken cancellationToken)
   at Microsoft.EntityFrameworkCore.Storage.RelationalCommand.ExecuteReaderAsync(RelationalCommandParameterObject parameterObject, CancellationToken cancellationToken)
   at Microsoft.EntityFrameworkCore.Query.Internal.SingleQueryingEnumerable`1.AsyncEnumerator.InitializeReaderAsync(AsyncEnumerator enumerator, CancellationToken cancellationToken)
   at Microsoft.EntityFrameworkCore.SqlServer.Storage.Internal.SqlServerExecutionStrategy.ExecuteAsync[TState,TResult](TState state, Func`4 operation, Func`4 verifySucceeded, CancellationToken cancellationToken)
   at Microsoft.EntityFrameworkCore.Query.Internal.SingleQueryingEnumerable`1.AsyncEnumerator.MoveNextAsync()
   at Microsoft.EntityFrameworkCore.Query.ShapedQueryCompilingExpressionVisitor.SingleAsync[TSource](IAsyncEnumerable`1 asyncEnumerable, CancellationToken cancellationToken)
   at Microsoft.EntityFrameworkCore.Query.ShapedQueryCompilingExpressionVisitor.SingleAsync[TSource](IAsyncEnumerable`1 asyncEnumerable, CancellationToken cancellationToken)
   at CoilManager.API.Controllers.SalesOrdersController.List(String search, Nullable`1 customerId, Nullable`1 status, Nullable`1 priority, Nullable`1 orderDateFrom, Nullable`1 orderDateTo, Nullable`1 deliveryDateFrom, Nullable`1 deliveryDateTo, Nullable`1 productType, Int32 page, Int32 pageSize, CancellationToken ct) in C:\VISHAL\Codes\CoilManager\src\CoilManager.API\Controllers\SalesOrdersController.cs:line 18
   at lambda_method30(Closure, Object)
   at Microsoft.AspNetCore.Mvc.Infrastructure.ActionMethodExecutor.AwaitableObjectResultExecutor.Execute(ActionContext actionContext, IActionResultTypeMapper mapper, ObjectMethodExecutor executor, Object controller, Object[] arguments)
   at Microsoft.AspNetCore.Mvc.Infrastructure.ControllerActionInvoker.<InvokeActionMethodAsync>g__Awaited|12_0(ControllerActionInvoker invoker, ValueTask`1 actionResultValueTask)
   at Microsoft.AspNetCore.Mvc.Infrastructure.ControllerActionInvoker.<InvokeNextActionFilterAsync>g__Awaited|10_0(ControllerActionInvoker invoker, Task lastTask, State next, Scope scope, Object state, Boolean isCompleted)
   at Microsoft.AspNetCore.Mvc.Infrastructure.ControllerActionInvoker.Rethrow(ActionExecutedContextSealed context)
   at Microsoft.AspNetCore.Mvc.Infrastructure.ControllerActionInvoker.Next(State& next, Scope& scope, Object& state, Boolean& isCompleted)
   at Microsoft.AspNetCore.Mvc.Infrastructure.ControllerActionInvoker.<InvokeInnerFilterAsync>g__Awaited|13_0(ControllerActionInvoker invoker, Task lastTask, State next, Scope scope, Object state, Boolean isCompleted)
   at Microsoft.AspNetCore.Mvc.Infrastructure.ResourceInvoker.<InvokeFilterPipelineAsync>g__Awaited|20_0(ResourceInvoker invoker, Task lastTask, State next, Scope scope, Object state, Boolean isCompleted)
   at Microsoft.AspNetCore.Mvc.Infrastructure.ResourceInvoker.<InvokeAsync>g__Awaited|17_0(ResourceInvoker invoker, Task task, IDisposable scope)
   at Microsoft.AspNetCore.Mvc.Infrastructure.ResourceInvoker.<InvokeAsync>g__Awaited|17_0(ResourceInvoker invoker, Task task, IDisposable scope)
   at Microsoft.AspNetCore.Authorization.AuthorizationMiddleware.Invoke(HttpContext context)
   at Microsoft.AspNetCore.Authentication.AuthenticationMiddleware.Invoke(HttpContext context)
   at Serilog.AspNetCore.RequestLoggingMiddleware.Invoke(HttpContext httpContext)
ClientConnectionId:32a45417-e162-400b-a8e4-25ee6e629d83
Error Number:208,State:1,Class:16
[23:37:50 ERR] Exception while processing GET /api/sales-orders.
Microsoft.Data.SqlClient.SqlException (0x80131904): Invalid object name 'sales.SalesOrders'.
   at System.Threading.Tasks.ContinuationResultTaskFromResultTask`2.InnerInvoke()
   at System.Threading.ExecutionContext.RunInternal(ExecutionContext executionContext, ContextCallback callback, Object state)
--- End of stack trace from previous location ---
   at System.Threading.ExecutionContext.RunInternal(ExecutionContext executionContext, ContextCallback callback, Object state)
   at System.Threading.Tasks.Task.ExecuteWithThreadLocal(Task& currentTaskSlot, Thread threadPoolThread)
--- End of stack trace from previous location ---
   at Microsoft.EntityFrameworkCore.Storage.RelationalCommand.ExecuteReaderAsync(RelationalCommandParameterObject parameterObject, CancellationToken cancellationToken)
   at Microsoft.EntityFrameworkCore.Storage.RelationalCommand.ExecuteReaderAsync(RelationalCommandParameterObject parameterObject, CancellationToken cancellationToken)
   at Microsoft.EntityFrameworkCore.Query.Internal.SingleQueryingEnumerable`1.AsyncEnumerator.InitializeReaderAsync(AsyncEnumerator enumerator, CancellationToken cancellationToken)
   at Microsoft.EntityFrameworkCore.SqlServer.Storage.Internal.SqlServerExecutionStrategy.ExecuteAsync[TState,TResult](TState state, Func`4 operation, Func`4 verifySucceeded, CancellationToken cancellationToken)
   at Microsoft.EntityFrameworkCore.Query.Internal.SingleQueryingEnumerable`1.AsyncEnumerator.MoveNextAsync()
   at Microsoft.EntityFrameworkCore.Query.ShapedQueryCompilingExpressionVisitor.SingleAsync[TSource](IAsyncEnumerable`1 asyncEnumerable, CancellationToken cancellationToken)
   at Microsoft.EntityFrameworkCore.Query.ShapedQueryCompilingExpressionVisitor.SingleAsync[TSource](IAsyncEnumerable`1 asyncEnumerable, CancellationToken cancellationToken)
   at CoilManager.API.Controllers.SalesOrdersController.List(String search, Nullable`1 customerId, Nullable`1 status, Nullable`1 priority, Nullable`1 orderDateFrom, Nullable`1 orderDateTo, Nullable`1 deliveryDateFrom, Nullable`1 deliveryDateTo, Nullable`1 productType, Int32 page, Int32 pageSize, CancellationToken ct) in C:\VISHAL\Codes\CoilManager\src\CoilManager.API\Controllers\SalesOrdersController.cs:line 18
   at lambda_method30(Closure, Object)
   at Microsoft.AspNetCore.Mvc.Infrastructure.ActionMethodExecutor.AwaitableObjectResultExecutor.Execute(ActionContext actionContext, IActionResultTypeMapper mapper, ObjectMethodExecutor executor, Object controller, Object[] arguments)
   at Microsoft.AspNetCore.Mvc.Infrastructure.ControllerActionInvoker.<InvokeActionMethodAsync>g__Awaited|12_0(ControllerActionInvoker invoker, ValueTask`1 actionResultValueTask)
   at Microsoft.AspNetCore.Mvc.Infrastructure.ControllerActionInvoker.<InvokeNextActionFilterAsync>g__Awaited|10_0(ControllerActionInvoker invoker, Task lastTask, State next, Scope scope, Object state, Boolean isCompleted)
   at Microsoft.AspNetCore.Mvc.Infrastructure.ControllerActionInvoker.Rethrow(ActionExecutedContextSealed context)
   at Microsoft.AspNetCore.Mvc.Infrastructure.ControllerActionInvoker.Next(State& next, Scope& scope, Object& state, Boolean& isCompleted)
   at Microsoft.AspNetCore.Mvc.Infrastructure.ControllerActionInvoker.<InvokeInnerFilterAsync>g__Awaited|13_0(ControllerActionInvoker invoker, Task lastTask, State next, Scope scope, Object state, Boolean isCompleted)
   at Microsoft.AspNetCore.Mvc.Infrastructure.ResourceInvoker.<InvokeFilterPipelineAsync>g__Awaited|20_0(ResourceInvoker invoker, Task lastTask, State next, Scope scope, Object state, Boolean isCompleted)
   at Microsoft.AspNetCore.Mvc.Infrastructure.ResourceInvoker.<InvokeAsync>g__Awaited|17_0(ResourceInvoker invoker, Task task, IDisposable scope)
   at Microsoft.AspNetCore.Mvc.Infrastructure.ResourceInvoker.<InvokeAsync>g__Awaited|17_0(ResourceInvoker invoker, Task task, IDisposable scope)
   at Microsoft.AspNetCore.Authorization.AuthorizationMiddleware.Invoke(HttpContext context)
   at Microsoft.AspNetCore.Authentication.AuthenticationMiddleware.Invoke(HttpContext context)
   at Serilog.AspNetCore.RequestLoggingMiddleware.Invoke(HttpContext httpContext)
   at Swashbuckle.AspNetCore.SwaggerUI.SwaggerUIMiddleware.Invoke(HttpContext httpContext)
   at Swashbuckle.AspNetCore.Swagger.SwaggerMiddleware.Invoke(HttpContext httpContext, ISwaggerProvider swaggerProvider)
   at CoilManager.API.Middleware.GlobalExceptionMiddleware.InvokeAsync(HttpContext context) in C:\VISHAL\Codes\CoilManager\src\CoilManager.API\Middleware\GlobalExceptionMiddleware.cs:line 27
ClientConnectionId:32a45417-e162-400b-a8e4-25ee6e629d83
Error Number:208,State:1,Class:16
[23:38:20 INF] HTTP OPTIONS /api/sales-orders responded 204 in 0.0542 ms
[23:38:20 ERR] Failed executing DbCommand (4ms) [Parameters=[], CommandType='Text', CommandTimeout='30']
SELECT COUNT(*)
FROM [sales].[SalesOrders] AS [s]
[23:38:20 ERR] An exception occurred while iterating over the results of a query for context type 'CoilManager.Persistence.ApplicationDbContext'.
Microsoft.Data.SqlClient.SqlException (0x80131904): Invalid object name 'sales.SalesOrders'.
   at System.Threading.Tasks.ContinuationResultTaskFromResultTask`2.InnerInvoke()
   at System.Threading.ExecutionContext.RunInternal(ExecutionContext executionContext, ContextCallback callback, Object state)
--- End of stack trace from previous location ---
   at System.Threading.ExecutionContext.RunInternal(ExecutionContext executionContext, ContextCallback callback, Object state)
   at System.Threading.Tasks.Task.ExecuteWithThreadLocal(Task& currentTaskSlot, Thread threadPoolThread)
--- End of stack trace from previous location ---
   at Microsoft.EntityFrameworkCore.Storage.RelationalCommand.ExecuteReaderAsync(RelationalCommandParameterObject parameterObject, CancellationToken cancellationToken)
   at Microsoft.EntityFrameworkCore.Storage.RelationalCommand.ExecuteReaderAsync(RelationalCommandParameterObject parameterObject, CancellationToken cancellationToken)
   at Microsoft.EntityFrameworkCore.Query.Internal.SingleQueryingEnumerable`1.AsyncEnumerator.InitializeReaderAsync(AsyncEnumerator enumerator, CancellationToken cancellationToken)
   at Microsoft.EntityFrameworkCore.SqlServer.Storage.Internal.SqlServerExecutionStrategy.ExecuteAsync[TState,TResult](TState state, Func`4 operation, Func`4 verifySucceeded, CancellationToken cancellationToken)
   at Microsoft.EntityFrameworkCore.Query.Internal.SingleQueryingEnumerable`1.AsyncEnumerator.MoveNextAsync()
ClientConnectionId:32a45417-e162-400b-a8e4-25ee6e629d83
Error Number:208,State:1,Class:16
Microsoft.Data.SqlClient.SqlException (0x80131904): Invalid object name 'sales.SalesOrders'.
   at System.Threading.Tasks.ContinuationResultTaskFromResultTask`2.InnerInvoke()
   at System.Threading.ExecutionContext.RunInternal(ExecutionContext executionContext, ContextCallback callback, Object state)
--- End of stack trace from previous location ---
   at System.Threading.ExecutionContext.RunInternal(ExecutionContext executionContext, ContextCallback callback, Object state)
   at System.Threading.Tasks.Task.ExecuteWithThreadLocal(Task& currentTaskSlot, Thread threadPoolThread)
--- End of stack trace from previous location ---
   at Microsoft.EntityFrameworkCore.Storage.RelationalCommand.ExecuteReaderAsync(RelationalCommandParameterObject parameterObject, CancellationToken cancellationToken)
   at Microsoft.EntityFrameworkCore.Storage.RelationalCommand.ExecuteReaderAsync(RelationalCommandParameterObject parameterObject, CancellationToken cancellationToken)
   at Microsoft.EntityFrameworkCore.Query.Internal.SingleQueryingEnumerable`1.AsyncEnumerator.InitializeReaderAsync(AsyncEnumerator enumerator, CancellationToken cancellationToken)
   at Microsoft.EntityFrameworkCore.SqlServer.Storage.Internal.SqlServerExecutionStrategy.ExecuteAsync[TState,TResult](TState state, Func`4 operation, Func`4 verifySucceeded, CancellationToken cancellationToken)
   at Microsoft.EntityFrameworkCore.Query.Internal.SingleQueryingEnumerable`1.AsyncEnumerator.MoveNextAsync()
ClientConnectionId:32a45417-e162-400b-a8e4-25ee6e629d83
Error Number:208,State:1,Class:16
[23:38:20 ERR] HTTP GET /api/sales-orders responded 500 in 19.7006 ms
Microsoft.Data.SqlClient.SqlException (0x80131904): Invalid object name 'sales.SalesOrders'.
   at System.Threading.Tasks.ContinuationResultTaskFromResultTask`2.InnerInvoke()
   at System.Threading.ExecutionContext.RunInternal(ExecutionContext executionContext, ContextCallback callback, Object state)
--- End of stack trace from previous location ---
   at System.Threading.ExecutionContext.RunInternal(ExecutionContext executionContext, ContextCallback callback, Object state)
   at System.Threading.Tasks.Task.ExecuteWithThreadLocal(Task& currentTaskSlot, Thread threadPoolThread)
--- End of stack trace from previous location ---
   at Microsoft.EntityFrameworkCore.Storage.RelationalCommand.ExecuteReaderAsync(RelationalCommandParameterObject parameterObject, CancellationToken cancellationToken)
   at Microsoft.EntityFrameworkCore.Storage.RelationalCommand.ExecuteReaderAsync(RelationalCommandParameterObject parameterObject, CancellationToken cancellationToken)
   at Microsoft.EntityFrameworkCore.Query.Internal.SingleQueryingEnumerable`1.AsyncEnumerator.InitializeReaderAsync(AsyncEnumerator enumerator, CancellationToken cancellationToken)
   at Microsoft.EntityFrameworkCore.SqlServer.Storage.Internal.SqlServerExecutionStrategy.ExecuteAsync[TState,TResult](TState state, Func`4 operation, Func`4 verifySucceeded, CancellationToken cancellationToken)
   at Microsoft.EntityFrameworkCore.Query.Internal.SingleQueryingEnumerable`1.AsyncEnumerator.MoveNextAsync()
   at Microsoft.EntityFrameworkCore.Query.ShapedQueryCompilingExpressionVisitor.SingleAsync[TSource](IAsyncEnumerable`1 asyncEnumerable, CancellationToken cancellationToken)
   at Microsoft.EntityFrameworkCore.Query.ShapedQueryCompilingExpressionVisitor.SingleAsync[TSource](IAsyncEnumerable`1 asyncEnumerable, CancellationToken cancellationToken)
   at CoilManager.API.Controllers.SalesOrdersController.List(String search, Nullable`1 customerId, Nullable`1 status, Nullable`1 priority, Nullable`1 orderDateFrom, Nullable`1 orderDateTo, Nullable`1 deliveryDateFrom, Nullable`1 deliveryDateTo, Nullable`1 productType, Int32 page, Int32 pageSize, CancellationToken ct) in C:\VISHAL\Codes\CoilManager\src\CoilManager.API\Controllers\SalesOrdersController.cs:line 18
   at lambda_method30(Closure, Object)
   at Microsoft.AspNetCore.Mvc.Infrastructure.ActionMethodExecutor.AwaitableObjectResultExecutor.Execute(ActionContext actionContext, IActionResultTypeMapper mapper, ObjectMethodExecutor executor, Object controller, Object[] arguments)
   at Microsoft.AspNetCore.Mvc.Infrastructure.ControllerActionInvoker.<InvokeActionMethodAsync>g__Awaited|12_0(ControllerActionInvoker invoker, ValueTask`1 actionResultValueTask)
   at Microsoft.AspNetCore.Mvc.Infrastructure.ControllerActionInvoker.<InvokeNextActionFilterAsync>g__Awaited|10_0(ControllerActionInvoker invoker, Task lastTask, State next, Scope scope, Object state, Boolean isCompleted)
   at Microsoft.AspNetCore.Mvc.Infrastructure.ControllerActionInvoker.Rethrow(ActionExecutedContextSealed context)
   at Microsoft.AspNetCore.Mvc.Infrastructure.ControllerActionInvoker.Next(State& next, Scope& scope, Object& state, Boolean& isCompleted)
   at Microsoft.AspNetCore.Mvc.Infrastructure.ControllerActionInvoker.<InvokeInnerFilterAsync>g__Awaited|13_0(ControllerActionInvoker invoker, Task lastTask, State next, Scope scope, Object state, Boolean isCompleted)
   at Microsoft.AspNetCore.Mvc.Infrastructure.ResourceInvoker.<InvokeFilterPipelineAsync>g__Awaited|20_0(ResourceInvoker invoker, Task lastTask, State next, Scope scope, Object state, Boolean isCompleted)
   at Microsoft.AspNetCore.Mvc.Infrastructure.ResourceInvoker.<InvokeAsync>g__Awaited|17_0(ResourceInvoker invoker, Task task, IDisposable scope)
   at Microsoft.AspNetCore.Mvc.Infrastructure.ResourceInvoker.<InvokeAsync>g__Awaited|17_0(ResourceInvoker invoker, Task task, IDisposable scope)
   at Microsoft.AspNetCore.Authorization.AuthorizationMiddleware.Invoke(HttpContext context)
   at Microsoft.AspNetCore.Authentication.AuthenticationMiddleware.Invoke(HttpContext context)
   at Serilog.AspNetCore.RequestLoggingMiddleware.Invoke(HttpContext httpContext)
ClientConnectionId:32a45417-e162-400b-a8e4-25ee6e629d83
Error Number:208,State:1,Class:16
[23:38:20 ERR] Exception while processing GET /api/sales-orders.
Microsoft.Data.SqlClient.SqlException (0x80131904): Invalid object name 'sales.SalesOrders'.
   at System.Threading.Tasks.ContinuationResultTaskFromResultTask`2.InnerInvoke()
   at System.Threading.ExecutionContext.RunInternal(ExecutionContext executionContext, ContextCallback callback, Object state)
--- End of stack trace from previous location ---
   at System.Threading.ExecutionContext.RunInternal(ExecutionContext executionContext, ContextCallback callback, Object state)
   at System.Threading.Tasks.Task.ExecuteWithThreadLocal(Task& currentTaskSlot, Thread threadPoolThread)
--- End of stack trace from previous location ---
   at Microsoft.EntityFrameworkCore.Storage.RelationalCommand.ExecuteReaderAsync(RelationalCommandParameterObject parameterObject, CancellationToken cancellationToken)
   at Microsoft.EntityFrameworkCore.Storage.RelationalCommand.ExecuteReaderAsync(RelationalCommandParameterObject parameterObject, CancellationToken cancellationToken)
   at Microsoft.EntityFrameworkCore.Query.Internal.SingleQueryingEnumerable`1.AsyncEnumerator.InitializeReaderAsync(AsyncEnumerator enumerator, CancellationToken cancellationToken)
   at Microsoft.EntityFrameworkCore.SqlServer.Storage.Internal.SqlServerExecutionStrategy.ExecuteAsync[TState,TResult](TState state, Func`4 operation, Func`4 verifySucceeded, CancellationToken cancellationToken)
   at Microsoft.EntityFrameworkCore.Query.Internal.SingleQueryingEnumerable`1.AsyncEnumerator.MoveNextAsync()
   at Microsoft.EntityFrameworkCore.Query.ShapedQueryCompilingExpressionVisitor.SingleAsync[TSource](IAsyncEnumerable`1 asyncEnumerable, CancellationToken cancellationToken)
   at Microsoft.EntityFrameworkCore.Query.ShapedQueryCompilingExpressionVisitor.SingleAsync[TSource](IAsyncEnumerable`1 asyncEnumerable, CancellationToken cancellationToken)
   at CoilManager.API.Controllers.SalesOrdersController.List(String search, Nullable`1 customerId, Nullable`1 status, Nullable`1 priority, Nullable`1 orderDateFrom, Nullable`1 orderDateTo, Nullable`1 deliveryDateFrom, Nullable`1 deliveryDateTo, Nullable`1 productType, Int32 page, Int32 pageSize, CancellationToken ct) in C:\VISHAL\Codes\CoilManager\src\CoilManager.API\Controllers\SalesOrdersController.cs:line 18
   at lambda_method30(Closure, Object)
   at Microsoft.AspNetCore.Mvc.Infrastructure.ActionMethodExecutor.AwaitableObjectResultExecutor.Execute(ActionContext actionContext, IActionResultTypeMapper mapper, ObjectMethodExecutor executor, Object controller, Object[] arguments)
   at Microsoft.AspNetCore.Mvc.Infrastructure.ControllerActionInvoker.<InvokeActionMethodAsync>g__Awaited|12_0(ControllerActionInvoker invoker, ValueTask`1 actionResultValueTask)
   at Microsoft.AspNetCore.Mvc.Infrastructure.ControllerActionInvoker.<InvokeNextActionFilterAsync>g__Awaited|10_0(ControllerActionInvoker invoker, Task lastTask, State next, Scope scope, Object state, Boolean isCompleted)
   at Microsoft.AspNetCore.Mvc.Infrastructure.ControllerActionInvoker.Rethrow(ActionExecutedContextSealed context)
   at Microsoft.AspNetCore.Mvc.Infrastructure.ControllerActionInvoker.Next(State& next, Scope& scope, Object& state, Boolean& isCompleted)
   at Microsoft.AspNetCore.Mvc.Infrastructure.ControllerActionInvoker.<InvokeInnerFilterAsync>g__Awaited|13_0(ControllerActionInvoker invoker, Task lastTask, State next, Scope scope, Object state, Boolean isCompleted)
   at Microsoft.AspNetCore.Mvc.Infrastructure.ResourceInvoker.<InvokeFilterPipelineAsync>g__Awaited|20_0(ResourceInvoker invoker, Task lastTask, State next, Scope scope, Object state, Boolean isCompleted)
   at Microsoft.AspNetCore.Mvc.Infrastructure.ResourceInvoker.<InvokeAsync>g__Awaited|17_0(ResourceInvoker invoker, Task task, IDisposable scope)
   at Microsoft.AspNetCore.Mvc.Infrastructure.ResourceInvoker.<InvokeAsync>g__Awaited|17_0(ResourceInvoker invoker, Task task, IDisposable scope)
   at Microsoft.AspNetCore.Authorization.AuthorizationMiddleware.Invoke(HttpContext context)
   at Microsoft.AspNetCore.Authentication.AuthenticationMiddleware.Invoke(HttpContext context)
   at Serilog.AspNetCore.RequestLoggingMiddleware.Invoke(HttpContext httpContext)
   at Swashbuckle.AspNetCore.SwaggerUI.SwaggerUIMiddleware.Invoke(HttpContext httpContext)
   at Swashbuckle.AspNetCore.Swagger.SwaggerMiddleware.Invoke(HttpContext httpContext, ISwaggerProvider swaggerProvider)
   at CoilManager.API.Middleware.GlobalExceptionMiddleware.InvokeAsync(HttpContext context) in C:\VISHAL\Codes\CoilManager\src\CoilManager.API\Middleware\GlobalExceptionMiddleware.cs:line 27
ClientConnectionId:32a45417-e162-400b-a8e4-25ee6e629d83
Error Number:208,State:1,Class:16
[23:39:25 INF] HTTP OPTIONS /api/sales-orders responded 204 in 0.0209 ms
[23:39:25 ERR] Failed executing DbCommand (1ms) [Parameters=[], CommandType='Text', CommandTimeout='30']
SELECT COUNT(*)
FROM [sales].[SalesOrders] AS [s]
[23:39:25 ERR] An exception occurred while iterating over the results of a query for context type 'CoilManager.Persistence.ApplicationDbContext'.
Microsoft.Data.SqlClient.SqlException (0x80131904): Invalid object name 'sales.SalesOrders'.
   at System.Threading.Tasks.ContinuationResultTaskFromResultTask`2.InnerInvoke()
   at System.Threading.ExecutionContext.RunInternal(ExecutionContext executionContext, ContextCallback callback, Object state)
--- End of stack trace from previous location ---
   at System.Threading.ExecutionContext.RunInternal(ExecutionContext executionContext, ContextCallback callback, Object state)
   at System.Threading.Tasks.Task.ExecuteWithThreadLocal(Task& currentTaskSlot, Thread threadPoolThread)
--- End of stack trace from previous location ---
   at Microsoft.EntityFrameworkCore.Storage.RelationalCommand.ExecuteReaderAsync(RelationalCommandParameterObject parameterObject, CancellationToken cancellationToken)
   at Microsoft.EntityFrameworkCore.Storage.RelationalCommand.ExecuteReaderAsync(RelationalCommandParameterObject parameterObject, CancellationToken cancellationToken)
   at Microsoft.EntityFrameworkCore.Query.Internal.SingleQueryingEnumerable`1.AsyncEnumerator.InitializeReaderAsync(AsyncEnumerator enumerator, CancellationToken cancellationToken)
   at Microsoft.EntityFrameworkCore.SqlServer.Storage.Internal.SqlServerExecutionStrategy.ExecuteAsync[TState,TResult](TState state, Func`4 operation, Func`4 verifySucceeded, CancellationToken cancellationToken)
   at Microsoft.EntityFrameworkCore.Query.Internal.SingleQueryingEnumerable`1.AsyncEnumerator.MoveNextAsync()
ClientConnectionId:32a45417-e162-400b-a8e4-25ee6e629d83
Error Number:208,State:1,Class:16
Microsoft.Data.SqlClient.SqlException (0x80131904): Invalid object name 'sales.SalesOrders'.
   at System.Threading.Tasks.ContinuationResultTaskFromResultTask`2.InnerInvoke()
   at System.Threading.ExecutionContext.RunInternal(ExecutionContext executionContext, ContextCallback callback, Object state)
--- End of stack trace from previous location ---
   at System.Threading.ExecutionContext.RunInternal(ExecutionContext executionContext, ContextCallback callback, Object state)
   at System.Threading.Tasks.Task.ExecuteWithThreadLocal(Task& currentTaskSlot, Thread threadPoolThread)
--- End of stack trace from previous location ---
   at Microsoft.EntityFrameworkCore.Storage.RelationalCommand.ExecuteReaderAsync(RelationalCommandParameterObject parameterObject, CancellationToken cancellationToken)
   at Microsoft.EntityFrameworkCore.Storage.RelationalCommand.ExecuteReaderAsync(RelationalCommandParameterObject parameterObject, CancellationToken cancellationToken)
   at Microsoft.EntityFrameworkCore.Query.Internal.SingleQueryingEnumerable`1.AsyncEnumerator.InitializeReaderAsync(AsyncEnumerator enumerator, CancellationToken cancellationToken)
   at Microsoft.EntityFrameworkCore.SqlServer.Storage.Internal.SqlServerExecutionStrategy.ExecuteAsync[TState,TResult](TState state, Func`4 operation, Func`4 verifySucceeded, CancellationToken cancellationToken)
   at Microsoft.EntityFrameworkCore.Query.Internal.SingleQueryingEnumerable`1.AsyncEnumerator.MoveNextAsync()
ClientConnectionId:32a45417-e162-400b-a8e4-25ee6e629d83
Error Number:208,State:1,Class:16
[23:39:25 ERR] HTTP GET /api/sales-orders responded 500 in 4.6693 ms
Microsoft.Data.SqlClient.SqlException (0x80131904): Invalid object name 'sales.SalesOrders'.
   at System.Threading.Tasks.ContinuationResultTaskFromResultTask`2.InnerInvoke()
   at System.Threading.ExecutionContext.RunInternal(ExecutionContext executionContext, ContextCallback callback, Object state)
--- End of stack trace from previous location ---
   at System.Threading.ExecutionContext.RunInternal(ExecutionContext executionContext, ContextCallback callback, Object state)
   at System.Threading.Tasks.Task.ExecuteWithThreadLocal(Task& currentTaskSlot, Thread threadPoolThread)
--- End of stack trace from previous location ---
   at Microsoft.EntityFrameworkCore.Storage.RelationalCommand.ExecuteReaderAsync(RelationalCommandParameterObject parameterObject, CancellationToken cancellationToken)
   at Microsoft.EntityFrameworkCore.Storage.RelationalCommand.ExecuteReaderAsync(RelationalCommandParameterObject parameterObject, CancellationToken cancellationToken)
   at Microsoft.EntityFrameworkCore.Query.Internal.SingleQueryingEnumerable`1.AsyncEnumerator.InitializeReaderAsync(AsyncEnumerator enumerator, CancellationToken cancellationToken)
   at Microsoft.EntityFrameworkCore.SqlServer.Storage.Internal.SqlServerExecutionStrategy.ExecuteAsync[TState,TResult](TState state, Func`4 operation, Func`4 verifySucceeded, CancellationToken cancellationToken)
   at Microsoft.EntityFrameworkCore.Query.Internal.SingleQueryingEnumerable`1.AsyncEnumerator.MoveNextAsync()
   at Microsoft.EntityFrameworkCore.Query.ShapedQueryCompilingExpressionVisitor.SingleAsync[TSource](IAsyncEnumerable`1 asyncEnumerable, CancellationToken cancellationToken)
   at Microsoft.EntityFrameworkCore.Query.ShapedQueryCompilingExpressionVisitor.SingleAsync[TSource](IAsyncEnumerable`1 asyncEnumerable, CancellationToken cancellationToken)
   at CoilManager.API.Controllers.SalesOrdersController.List(String search, Nullable`1 customerId, Nullable`1 status, Nullable`1 priority, Nullable`1 orderDateFrom, Nullable`1 orderDateTo, Nullable`1 deliveryDateFrom, Nullable`1 deliveryDateTo, Nullable`1 productType, Int32 page, Int32 pageSize, CancellationToken ct) in C:\VISHAL\Codes\CoilManager\src\CoilManager.API\Controllers\SalesOrdersController.cs:line 18
   at lambda_method30(Closure, Object)
   at Microsoft.AspNetCore.Mvc.Infrastructure.ActionMethodExecutor.AwaitableObjectResultExecutor.Execute(ActionContext actionContext, IActionResultTypeMapper mapper, ObjectMethodExecutor executor, Object controller, Object[] arguments)
   at Microsoft.AspNetCore.Mvc.Infrastructure.ControllerActionInvoker.<InvokeActionMethodAsync>g__Awaited|12_0(ControllerActionInvoker invoker, ValueTask`1 actionResultValueTask)
   at Microsoft.AspNetCore.Mvc.Infrastructure.ControllerActionInvoker.<InvokeNextActionFilterAsync>g__Awaited|10_0(ControllerActionInvoker invoker, Task lastTask, State next, Scope scope, Object state, Boolean isCompleted)
   at Microsoft.AspNetCore.Mvc.Infrastructure.ControllerActionInvoker.Rethrow(ActionExecutedContextSealed context)
   at Microsoft.AspNetCore.Mvc.Infrastructure.ControllerActionInvoker.Next(State& next, Scope& scope, Object& state, Boolean& isCompleted)
   at Microsoft.AspNetCore.Mvc.Infrastructure.ControllerActionInvoker.<InvokeInnerFilterAsync>g__Awaited|13_0(ControllerActionInvoker invoker, Task lastTask, State next, Scope scope, Object state, Boolean isCompleted)
   at Microsoft.AspNetCore.Mvc.Infrastructure.ResourceInvoker.<InvokeFilterPipelineAsync>g__Awaited|20_0(ResourceInvoker invoker, Task lastTask, State next, Scope scope, Object state, Boolean isCompleted)
   at Microsoft.AspNetCore.Mvc.Infrastructure.ResourceInvoker.<InvokeAsync>g__Awaited|17_0(ResourceInvoker invoker, Task task, IDisposable scope)
   at Microsoft.AspNetCore.Mvc.Infrastructure.ResourceInvoker.<InvokeAsync>g__Awaited|17_0(ResourceInvoker invoker, Task task, IDisposable scope)
   at Microsoft.AspNetCore.Authorization.AuthorizationMiddleware.Invoke(HttpContext context)
   at Microsoft.AspNetCore.Authentication.AuthenticationMiddleware.Invoke(HttpContext context)
   at Serilog.AspNetCore.RequestLoggingMiddleware.Invoke(HttpContext httpContext)
ClientConnectionId:32a45417-e162-400b-a8e4-25ee6e629d83
Error Number:208,State:1,Class:16
[23:39:25 ERR] Exception while processing GET /api/sales-orders.
Microsoft.Data.SqlClient.SqlException (0x80131904): Invalid object name 'sales.SalesOrders'.
   at System.Threading.Tasks.ContinuationResultTaskFromResultTask`2.InnerInvoke()
   at System.Threading.ExecutionContext.RunInternal(ExecutionContext executionContext, ContextCallback callback, Object state)
--- End of stack trace from previous location ---
   at System.Threading.ExecutionContext.RunInternal(ExecutionContext executionContext, ContextCallback callback, Object state)
   at System.Threading.Tasks.Task.ExecuteWithThreadLocal(Task& currentTaskSlot, Thread threadPoolThread)
--- End of stack trace from previous location ---
   at Microsoft.EntityFrameworkCore.Storage.RelationalCommand.ExecuteReaderAsync(RelationalCommandParameterObject parameterObject, CancellationToken cancellationToken)
   at Microsoft.EntityFrameworkCore.Storage.RelationalCommand.ExecuteReaderAsync(RelationalCommandParameterObject parameterObject, CancellationToken cancellationToken)
   at Microsoft.EntityFrameworkCore.Query.Internal.SingleQueryingEnumerable`1.AsyncEnumerator.InitializeReaderAsync(AsyncEnumerator enumerator, CancellationToken cancellationToken)
   at Microsoft.EntityFrameworkCore.SqlServer.Storage.Internal.SqlServerExecutionStrategy.ExecuteAsync[TState,TResult](TState state, Func`4 operation, Func`4 verifySucceeded, CancellationToken cancellationToken)
   at Microsoft.EntityFrameworkCore.Query.Internal.SingleQueryingEnumerable`1.AsyncEnumerator.MoveNextAsync()
   at Microsoft.EntityFrameworkCore.Query.ShapedQueryCompilingExpressionVisitor.SingleAsync[TSource](IAsyncEnumerable`1 asyncEnumerable, CancellationToken cancellationToken)
   at Microsoft.EntityFrameworkCore.Query.ShapedQueryCompilingExpressionVisitor.SingleAsync[TSource](IAsyncEnumerable`1 asyncEnumerable, CancellationToken cancellationToken)
   at CoilManager.API.Controllers.SalesOrdersController.List(String search, Nullable`1 customerId, Nullable`1 status, Nullable`1 priority, Nullable`1 orderDateFrom, Nullable`1 orderDateTo, Nullable`1 deliveryDateFrom, Nullable`1 deliveryDateTo, Nullable`1 productType, Int32 page, Int32 pageSize, CancellationToken ct) in C:\VISHAL\Codes\CoilManager\src\CoilManager.API\Controllers\SalesOrdersController.cs:line 18
   at lambda_method30(Closure, Object)
   at Microsoft.AspNetCore.Mvc.Infrastructure.ActionMethodExecutor.AwaitableObjectResultExecutor.Execute(ActionContext actionContext, IActionResultTypeMapper mapper, ObjectMethodExecutor executor, Object controller, Object[] arguments)
   at Microsoft.AspNetCore.Mvc.Infrastructure.ControllerActionInvoker.<InvokeActionMethodAsync>g__Awaited|12_0(ControllerActionInvoker invoker, ValueTask`1 actionResultValueTask)
   at Microsoft.AspNetCore.Mvc.Infrastructure.ControllerActionInvoker.<InvokeNextActionFilterAsync>g__Awaited|10_0(ControllerActionInvoker invoker, Task lastTask, State next, Scope scope, Object state, Boolean isCompleted)
   at Microsoft.AspNetCore.Mvc.Infrastructure.ControllerActionInvoker.Rethrow(ActionExecutedContextSealed context)
   at Microsoft.AspNetCore.Mvc.Infrastructure.ControllerActionInvoker.Next(State& next, Scope& scope, Object& state, Boolean& isCompleted)
   at Microsoft.AspNetCore.Mvc.Infrastructure.ControllerActionInvoker.<InvokeInnerFilterAsync>g__Awaited|13_0(ControllerActionInvoker invoker, Task lastTask, State next, Scope scope, Object state, Boolean isCompleted)
   at Microsoft.AspNetCore.Mvc.Infrastructure.ResourceInvoker.<InvokeFilterPipelineAsync>g__Awaited|20_0(ResourceInvoker invoker, Task lastTask, State next, Scope scope, Object state, Boolean isCompleted)
   at Microsoft.AspNetCore.Mvc.Infrastructure.ResourceInvoker.<InvokeAsync>g__Awaited|17_0(ResourceInvoker invoker, Task task, IDisposable scope)
   at Microsoft.AspNetCore.Mvc.Infrastructure.ResourceInvoker.<InvokeAsync>g__Awaited|17_0(ResourceInvoker invoker, Task task, IDisposable scope)
   at Microsoft.AspNetCore.Authorization.AuthorizationMiddleware.Invoke(HttpContext context)
   at Microsoft.AspNetCore.Authentication.AuthenticationMiddleware.Invoke(HttpContext context)
   at Serilog.AspNetCore.RequestLoggingMiddleware.Invoke(HttpContext httpContext)
   at Swashbuckle.AspNetCore.SwaggerUI.SwaggerUIMiddleware.Invoke(HttpContext httpContext)
   at Swashbuckle.AspNetCore.Swagger.SwaggerMiddleware.Invoke(HttpContext httpContext, ISwaggerProvider swaggerProvider)
   at CoilManager.API.Middleware.GlobalExceptionMiddleware.InvokeAsync(HttpContext context) in C:\VISHAL\Codes\CoilManager\src\CoilManager.API\Middleware\GlobalExceptionMiddleware.cs:line 27
ClientConnectionId:32a45417-e162-400b-a8e4-25ee6e629d83
Error Number:208,State:1,Class:16
[23:41:25 INF] HTTP OPTIONS /api/sales-orders responded 204 in 0.0355 ms
[23:41:25 ERR] Failed executing DbCommand (1ms) [Parameters=[], CommandType='Text', CommandTimeout='30']
SELECT COUNT(*)
FROM [sales].[SalesOrders] AS [s]
[23:41:25 ERR] An exception occurred while iterating over the results of a query for context type 'CoilManager.Persistence.ApplicationDbContext'.
Microsoft.Data.SqlClient.SqlException (0x80131904): Invalid object name 'sales.SalesOrders'.
   at System.Threading.Tasks.ContinuationResultTaskFromResultTask`2.InnerInvoke()
   at System.Threading.ExecutionContext.RunInternal(ExecutionContext executionContext, ContextCallback callback, Object state)
--- End of stack trace from previous location ---
   at System.Threading.ExecutionContext.RunInternal(ExecutionContext executionContext, ContextCallback callback, Object state)
   at System.Threading.Tasks.Task.ExecuteWithThreadLocal(Task& currentTaskSlot, Thread threadPoolThread)
--- End of stack trace from previous location ---
   at Microsoft.EntityFrameworkCore.Storage.RelationalCommand.ExecuteReaderAsync(RelationalCommandParameterObject parameterObject, CancellationToken cancellationToken)
   at Microsoft.EntityFrameworkCore.Storage.RelationalCommand.ExecuteReaderAsync(RelationalCommandParameterObject parameterObject, CancellationToken cancellationToken)
   at Microsoft.EntityFrameworkCore.Query.Internal.SingleQueryingEnumerable`1.AsyncEnumerator.InitializeReaderAsync(AsyncEnumerator enumerator, CancellationToken cancellationToken)
   at Microsoft.EntityFrameworkCore.SqlServer.Storage.Internal.SqlServerExecutionStrategy.ExecuteAsync[TState,TResult](TState state, Func`4 operation, Func`4 verifySucceeded, CancellationToken cancellationToken)
   at Microsoft.EntityFrameworkCore.Query.Internal.SingleQueryingEnumerable`1.AsyncEnumerator.MoveNextAsync()
ClientConnectionId:32a45417-e162-400b-a8e4-25ee6e629d83
Error Number:208,State:1,Class:16
Microsoft.Data.SqlClient.SqlException (0x80131904): Invalid object name 'sales.SalesOrders'.
   at System.Threading.Tasks.ContinuationResultTaskFromResultTask`2.InnerInvoke()
   at System.Threading.ExecutionContext.RunInternal(ExecutionContext executionContext, ContextCallback callback, Object state)
--- End of stack trace from previous location ---
   at System.Threading.ExecutionContext.RunInternal(ExecutionContext executionContext, ContextCallback callback, Object state)
   at System.Threading.Tasks.Task.ExecuteWithThreadLocal(Task& currentTaskSlot, Thread threadPoolThread)
--- End of stack trace from previous location ---
   at Microsoft.EntityFrameworkCore.Storage.RelationalCommand.ExecuteReaderAsync(RelationalCommandParameterObject parameterObject, CancellationToken cancellationToken)
   at Microsoft.EntityFrameworkCore.Storage.RelationalCommand.ExecuteReaderAsync(RelationalCommandParameterObject parameterObject, CancellationToken cancellationToken)
   at Microsoft.EntityFrameworkCore.Query.Internal.SingleQueryingEnumerable`1.AsyncEnumerator.InitializeReaderAsync(AsyncEnumerator enumerator, CancellationToken cancellationToken)
   at Microsoft.EntityFrameworkCore.SqlServer.Storage.Internal.SqlServerExecutionStrategy.ExecuteAsync[TState,TResult](TState state, Func`4 operation, Func`4 verifySucceeded, CancellationToken cancellationToken)
   at Microsoft.EntityFrameworkCore.Query.Internal.SingleQueryingEnumerable`1.AsyncEnumerator.MoveNextAsync()
ClientConnectionId:32a45417-e162-400b-a8e4-25ee6e629d83
Error Number:208,State:1,Class:16
[23:41:25 ERR] HTTP GET /api/sales-orders responded 500 in 6.4422 ms
Microsoft.Data.SqlClient.SqlException (0x80131904): Invalid object name 'sales.SalesOrders'.
   at System.Threading.Tasks.ContinuationResultTaskFromResultTask`2.InnerInvoke()
   at System.Threading.ExecutionContext.RunInternal(ExecutionContext executionContext, ContextCallback callback, Object state)
--- End of stack trace from previous location ---
   at System.Threading.ExecutionContext.RunInternal(ExecutionContext executionContext, ContextCallback callback, Object state)
   at System.Threading.Tasks.Task.ExecuteWithThreadLocal(Task& currentTaskSlot, Thread threadPoolThread)
--- End of stack trace from previous location ---
   at Microsoft.EntityFrameworkCore.Storage.RelationalCommand.ExecuteReaderAsync(RelationalCommandParameterObject parameterObject, CancellationToken cancellationToken)
   at Microsoft.EntityFrameworkCore.Storage.RelationalCommand.ExecuteReaderAsync(RelationalCommandParameterObject parameterObject, CancellationToken cancellationToken)
   at Microsoft.EntityFrameworkCore.Query.Internal.SingleQueryingEnumerable`1.AsyncEnumerator.InitializeReaderAsync(AsyncEnumerator enumerator, CancellationToken cancellationToken)
   at Microsoft.EntityFrameworkCore.SqlServer.Storage.Internal.SqlServerExecutionStrategy.ExecuteAsync[TState,TResult](TState state, Func`4 operation, Func`4 verifySucceeded, CancellationToken cancellationToken)
   at Microsoft.EntityFrameworkCore.Query.Internal.SingleQueryingEnumerable`1.AsyncEnumerator.MoveNextAsync()
   at Microsoft.EntityFrameworkCore.Query.ShapedQueryCompilingExpressionVisitor.SingleAsync[TSource](IAsyncEnumerable`1 asyncEnumerable, CancellationToken cancellationToken)
   at Microsoft.EntityFrameworkCore.Query.ShapedQueryCompilingExpressionVisitor.SingleAsync[TSource](IAsyncEnumerable`1 asyncEnumerable, CancellationToken cancellationToken)
   at CoilManager.API.Controllers.SalesOrdersController.List(String search, Nullable`1 customerId, Nullable`1 status, Nullable`1 priority, Nullable`1 orderDateFrom, Nullable`1 orderDateTo, Nullable`1 deliveryDateFrom, Nullable`1 deliveryDateTo, Nullable`1 productType, Int32 page, Int32 pageSize, CancellationToken ct) in C:\VISHAL\Codes\CoilManager\src\CoilManager.API\Controllers\SalesOrdersController.cs:line 18
   at lambda_method30(Closure, Object)
   at Microsoft.AspNetCore.Mvc.Infrastructure.ActionMethodExecutor.AwaitableObjectResultExecutor.Execute(ActionContext actionContext, IActionResultTypeMapper mapper, ObjectMethodExecutor executor, Object controller, Object[] arguments)
   at Microsoft.AspNetCore.Mvc.Infrastructure.ControllerActionInvoker.<InvokeActionMethodAsync>g__Awaited|12_0(ControllerActionInvoker invoker, ValueTask`1 actionResultValueTask)
   at Microsoft.AspNetCore.Mvc.Infrastructure.ControllerActionInvoker.<InvokeNextActionFilterAsync>g__Awaited|10_0(ControllerActionInvoker invoker, Task lastTask, State next, Scope scope, Object state, Boolean isCompleted)
   at Microsoft.AspNetCore.Mvc.Infrastructure.ControllerActionInvoker.Rethrow(ActionExecutedContextSealed context)
   at Microsoft.AspNetCore.Mvc.Infrastructure.ControllerActionInvoker.Next(State& next, Scope& scope, Object& state, Boolean& isCompleted)
   at Microsoft.AspNetCore.Mvc.Infrastructure.ControllerActionInvoker.<InvokeInnerFilterAsync>g__Awaited|13_0(ControllerActionInvoker invoker, Task lastTask, State next, Scope scope, Object state, Boolean isCompleted)
   at Microsoft.AspNetCore.Mvc.Infrastructure.ResourceInvoker.<InvokeFilterPipelineAsync>g__Awaited|20_0(ResourceInvoker invoker, Task lastTask, State next, Scope scope, Object state, Boolean isCompleted)
   at Microsoft.AspNetCore.Mvc.Infrastructure.ResourceInvoker.<InvokeAsync>g__Awaited|17_0(ResourceInvoker invoker, Task task, IDisposable scope)
   at Microsoft.AspNetCore.Mvc.Infrastructure.ResourceInvoker.<InvokeAsync>g__Awaited|17_0(ResourceInvoker invoker, Task task, IDisposable scope)
   at Microsoft.AspNetCore.Authorization.AuthorizationMiddleware.Invoke(HttpContext context)
   at Microsoft.AspNetCore.Authentication.AuthenticationMiddleware.Invoke(HttpContext context)
   at Serilog.AspNetCore.RequestLoggingMiddleware.Invoke(HttpContext httpContext)
ClientConnectionId:32a45417-e162-400b-a8e4-25ee6e629d83
Error Number:208,State:1,Class:16
[23:41:25 ERR] Exception while processing GET /api/sales-orders.
Microsoft.Data.SqlClient.SqlException (0x80131904): Invalid object name 'sales.SalesOrders'.
   at System.Threading.Tasks.ContinuationResultTaskFromResultTask`2.InnerInvoke()
   at System.Threading.ExecutionContext.RunInternal(ExecutionContext executionContext, ContextCallback callback, Object state)
--- End of stack trace from previous location ---
   at System.Threading.ExecutionContext.RunInternal(ExecutionContext executionContext, ContextCallback callback, Object state)
   at System.Threading.Tasks.Task.ExecuteWithThreadLocal(Task& currentTaskSlot, Thread threadPoolThread)
--- End of stack trace from previous location ---
   at Microsoft.EntityFrameworkCore.Storage.RelationalCommand.ExecuteReaderAsync(RelationalCommandParameterObject parameterObject, CancellationToken cancellationToken)
   at Microsoft.EntityFrameworkCore.Storage.RelationalCommand.ExecuteReaderAsync(RelationalCommandParameterObject parameterObject, CancellationToken cancellationToken)
   at Microsoft.EntityFrameworkCore.Query.Internal.SingleQueryingEnumerable`1.AsyncEnumerator.InitializeReaderAsync(AsyncEnumerator enumerator, CancellationToken cancellationToken)
   at Microsoft.EntityFrameworkCore.SqlServer.Storage.Internal.SqlServerExecutionStrategy.ExecuteAsync[TState,TResult](TState state, Func`4 operation, Func`4 verifySucceeded, CancellationToken cancellationToken)
   at Microsoft.EntityFrameworkCore.Query.Internal.SingleQueryingEnumerable`1.AsyncEnumerator.MoveNextAsync()
   at Microsoft.EntityFrameworkCore.Query.ShapedQueryCompilingExpressionVisitor.SingleAsync[TSource](IAsyncEnumerable`1 asyncEnumerable, CancellationToken cancellationToken)
   at Microsoft.EntityFrameworkCore.Query.ShapedQueryCompilingExpressionVisitor.SingleAsync[TSource](IAsyncEnumerable`1 asyncEnumerable, CancellationToken cancellationToken)
   at CoilManager.API.Controllers.SalesOrdersController.List(String search, Nullable`1 customerId, Nullable`1 status, Nullable`1 priority, Nullable`1 orderDateFrom, Nullable`1 orderDateTo, Nullable`1 deliveryDateFrom, Nullable`1 deliveryDateTo, Nullable`1 productType, Int32 page, Int32 pageSize, CancellationToken ct) in C:\VISHAL\Codes\CoilManager\src\CoilManager.API\Controllers\SalesOrdersController.cs:line 18
   at lambda_method30(Closure, Object)
   at Microsoft.AspNetCore.Mvc.Infrastructure.ActionMethodExecutor.AwaitableObjectResultExecutor.Execute(ActionContext actionContext, IActionResultTypeMapper mapper, ObjectMethodExecutor executor, Object controller, Object[] arguments)
   at Microsoft.AspNetCore.Mvc.Infrastructure.ControllerActionInvoker.<InvokeActionMethodAsync>g__Awaited|12_0(ControllerActionInvoker invoker, ValueTask`1 actionResultValueTask)
   at Microsoft.AspNetCore.Mvc.Infrastructure.ControllerActionInvoker.<InvokeNextActionFilterAsync>g__Awaited|10_0(ControllerActionInvoker invoker, Task lastTask, State next, Scope scope, Object state, Boolean isCompleted)
   at Microsoft.AspNetCore.Mvc.Infrastructure.ControllerActionInvoker.Rethrow(ActionExecutedContextSealed context)
   at Microsoft.AspNetCore.Mvc.Infrastructure.ControllerActionInvoker.Next(State& next, Scope& scope, Object& state, Boolean& isCompleted)
   at Microsoft.AspNetCore.Mvc.Infrastructure.ControllerActionInvoker.<InvokeInnerFilterAsync>g__Awaited|13_0(ControllerActionInvoker invoker, Task lastTask, State next, Scope scope, Object state, Boolean isCompleted)
   at Microsoft.AspNetCore.Mvc.Infrastructure.ResourceInvoker.<InvokeFilterPipelineAsync>g__Awaited|20_0(ResourceInvoker invoker, Task lastTask, State next, Scope scope, Object state, Boolean isCompleted)
   at Microsoft.AspNetCore.Mvc.Infrastructure.ResourceInvoker.<InvokeAsync>g__Awaited|17_0(ResourceInvoker invoker, Task task, IDisposable scope)
   at Microsoft.AspNetCore.Mvc.Infrastructure.ResourceInvoker.<InvokeAsync>g__Awaited|17_0(ResourceInvoker invoker, Task task, IDisposable scope)
   at Microsoft.AspNetCore.Authorization.AuthorizationMiddleware.Invoke(HttpContext context)
   at Microsoft.AspNetCore.Authentication.AuthenticationMiddleware.Invoke(HttpContext context)
   at Serilog.AspNetCore.RequestLoggingMiddleware.Invoke(HttpContext httpContext)
   at Swashbuckle.AspNetCore.SwaggerUI.SwaggerUIMiddleware.Invoke(HttpContext httpContext)
   at Swashbuckle.AspNetCore.Swagger.SwaggerMiddleware.Invoke(HttpContext httpContext, ISwaggerProvider swaggerProvider)
   at CoilManager.API.Middleware.GlobalExceptionMiddleware.InvokeAsync(HttpContext context) in C:\VISHAL\Codes\CoilManager\src\CoilManager.API\Middleware\GlobalExceptionMiddleware.cs:line 27
ClientConnectionId:32a45417-e162-400b-a8e4-25ee6e629d83
Error Number:208,State:1,Class:16
[23:41:28 ERR] Failed executing DbCommand (2ms) [Parameters=[], CommandType='Text', CommandTimeout='30']
SELECT COUNT(*)
FROM [sales].[SalesOrders] AS [s]
[23:41:28 ERR] An exception occurred while iterating over the results of a query for context type 'CoilManager.Persistence.ApplicationDbContext'.
Microsoft.Data.SqlClient.SqlException (0x80131904): Invalid object name 'sales.SalesOrders'.
   at System.Threading.Tasks.ContinuationResultTaskFromResultTask`2.InnerInvoke()
   at System.Threading.ExecutionContext.RunInternal(ExecutionContext executionContext, ContextCallback callback, Object state)
--- End of stack trace from previous location ---
   at System.Threading.ExecutionContext.RunInternal(ExecutionContext executionContext, ContextCallback callback, Object state)
   at System.Threading.Tasks.Task.ExecuteWithThreadLocal(Task& currentTaskSlot, Thread threadPoolThread)
--- End of stack trace from previous location ---
   at Microsoft.EntityFrameworkCore.Storage.RelationalCommand.ExecuteReaderAsync(RelationalCommandParameterObject parameterObject, CancellationToken cancellationToken)
   at Microsoft.EntityFrameworkCore.Storage.RelationalCommand.ExecuteReaderAsync(RelationalCommandParameterObject parameterObject, CancellationToken cancellationToken)
   at Microsoft.EntityFrameworkCore.Query.Internal.SingleQueryingEnumerable`1.AsyncEnumerator.InitializeReaderAsync(AsyncEnumerator enumerator, CancellationToken cancellationToken)
   at Microsoft.EntityFrameworkCore.SqlServer.Storage.Internal.SqlServerExecutionStrategy.ExecuteAsync[TState,TResult](TState state, Func`4 operation, Func`4 verifySucceeded, CancellationToken cancellationToken)
   at Microsoft.EntityFrameworkCore.Query.Internal.SingleQueryingEnumerable`1.AsyncEnumerator.MoveNextAsync()
ClientConnectionId:32a45417-e162-400b-a8e4-25ee6e629d83
Error Number:208,State:1,Class:16
Microsoft.Data.SqlClient.SqlException (0x80131904): Invalid object name 'sales.SalesOrders'.
   at System.Threading.Tasks.ContinuationResultTaskFromResultTask`2.InnerInvoke()
   at System.Threading.ExecutionContext.RunInternal(ExecutionContext executionContext, ContextCallback callback, Object state)
--- End of stack trace from previous location ---
   at System.Threading.ExecutionContext.RunInternal(ExecutionContext executionContext, ContextCallback callback, Object state)
   at System.Threading.Tasks.Task.ExecuteWithThreadLocal(Task& currentTaskSlot, Thread threadPoolThread)
--- End of stack trace from previous location ---
   at Microsoft.EntityFrameworkCore.Storage.RelationalCommand.ExecuteReaderAsync(RelationalCommandParameterObject parameterObject, CancellationToken cancellationToken)
   at Microsoft.EntityFrameworkCore.Storage.RelationalCommand.ExecuteReaderAsync(RelationalCommandParameterObject parameterObject, CancellationToken cancellationToken)
   at Microsoft.EntityFrameworkCore.Query.Internal.SingleQueryingEnumerable`1.AsyncEnumerator.InitializeReaderAsync(AsyncEnumerator enumerator, CancellationToken cancellationToken)
   at Microsoft.EntityFrameworkCore.SqlServer.Storage.Internal.SqlServerExecutionStrategy.ExecuteAsync[TState,TResult](TState state, Func`4 operation, Func`4 verifySucceeded, CancellationToken cancellationToken)
   at Microsoft.EntityFrameworkCore.Query.Internal.SingleQueryingEnumerable`1.AsyncEnumerator.MoveNextAsync()
ClientConnectionId:32a45417-e162-400b-a8e4-25ee6e629d83
Error Number:208,State:1,Class:16
[23:41:28 ERR] HTTP GET /api/sales-orders responded 500 in 7.1675 ms
Microsoft.Data.SqlClient.SqlException (0x80131904): Invalid object name 'sales.SalesOrders'.
   at System.Threading.Tasks.ContinuationResultTaskFromResultTask`2.InnerInvoke()
   at System.Threading.ExecutionContext.RunInternal(ExecutionContext executionContext, ContextCallback callback, Object state)
--- End of stack trace from previous location ---
   at System.Threading.ExecutionContext.RunInternal(ExecutionContext executionContext, ContextCallback callback, Object state)
   at System.Threading.Tasks.Task.ExecuteWithThreadLocal(Task& currentTaskSlot, Thread threadPoolThread)
--- End of stack trace from previous location ---
   at Microsoft.EntityFrameworkCore.Storage.RelationalCommand.ExecuteReaderAsync(RelationalCommandParameterObject parameterObject, CancellationToken cancellationToken)
   at Microsoft.EntityFrameworkCore.Storage.RelationalCommand.ExecuteReaderAsync(RelationalCommandParameterObject parameterObject, CancellationToken cancellationToken)
   at Microsoft.EntityFrameworkCore.Query.Internal.SingleQueryingEnumerable`1.AsyncEnumerator.InitializeReaderAsync(AsyncEnumerator enumerator, CancellationToken cancellationToken)
   at Microsoft.EntityFrameworkCore.SqlServer.Storage.Internal.SqlServerExecutionStrategy.ExecuteAsync[TState,TResult](TState state, Func`4 operation, Func`4 verifySucceeded, CancellationToken cancellationToken)
   at Microsoft.EntityFrameworkCore.Query.Internal.SingleQueryingEnumerable`1.AsyncEnumerator.MoveNextAsync()
   at Microsoft.EntityFrameworkCore.Query.ShapedQueryCompilingExpressionVisitor.SingleAsync[TSource](IAsyncEnumerable`1 asyncEnumerable, CancellationToken cancellationToken)
   at Microsoft.EntityFrameworkCore.Query.ShapedQueryCompilingExpressionVisitor.SingleAsync[TSource](IAsyncEnumerable`1 asyncEnumerable, CancellationToken cancellationToken)
   at CoilManager.API.Controllers.SalesOrdersController.List(String search, Nullable`1 customerId, Nullable`1 status, Nullable`1 priority, Nullable`1 orderDateFrom, Nullable`1 orderDateTo, Nullable`1 deliveryDateFrom, Nullable`1 deliveryDateTo, Nullable`1 productType, Int32 page, Int32 pageSize, CancellationToken ct) in C:\VISHAL\Codes\CoilManager\src\CoilManager.API\Controllers\SalesOrdersController.cs:line 18
   at lambda_method30(Closure, Object)
   at Microsoft.AspNetCore.Mvc.Infrastructure.ActionMethodExecutor.AwaitableObjectResultExecutor.Execute(ActionContext actionContext, IActionResultTypeMapper mapper, ObjectMethodExecutor executor, Object controller, Object[] arguments)
   at Microsoft.AspNetCore.Mvc.Infrastructure.ControllerActionInvoker.<InvokeActionMethodAsync>g__Awaited|12_0(ControllerActionInvoker invoker, ValueTask`1 actionResultValueTask)
   at Microsoft.AspNetCore.Mvc.Infrastructure.ControllerActionInvoker.<InvokeNextActionFilterAsync>g__Awaited|10_0(ControllerActionInvoker invoker, Task lastTask, State next, Scope scope, Object state, Boolean isCompleted)
   at Microsoft.AspNetCore.Mvc.Infrastructure.ControllerActionInvoker.Rethrow(ActionExecutedContextSealed context)
   at Microsoft.AspNetCore.Mvc.Infrastructure.ControllerActionInvoker.Next(State& next, Scope& scope, Object& state, Boolean& isCompleted)
   at Microsoft.AspNetCore.Mvc.Infrastructure.ControllerActionInvoker.<InvokeInnerFilterAsync>g__Awaited|13_0(ControllerActionInvoker invoker, Task lastTask, State next, Scope scope, Object state, Boolean isCompleted)
   at Microsoft.AspNetCore.Mvc.Infrastructure.ResourceInvoker.<InvokeFilterPipelineAsync>g__Awaited|20_0(ResourceInvoker invoker, Task lastTask, State next, Scope scope, Object state, Boolean isCompleted)
   at Microsoft.AspNetCore.Mvc.Infrastructure.ResourceInvoker.<InvokeAsync>g__Awaited|17_0(ResourceInvoker invoker, Task task, IDisposable scope)
   at Microsoft.AspNetCore.Mvc.Infrastructure.ResourceInvoker.<InvokeAsync>g__Awaited|17_0(ResourceInvoker invoker, Task task, IDisposable scope)
   at Microsoft.AspNetCore.Authorization.AuthorizationMiddleware.Invoke(HttpContext context)
   at Microsoft.AspNetCore.Authentication.AuthenticationMiddleware.Invoke(HttpContext context)
   at Serilog.AspNetCore.RequestLoggingMiddleware.Invoke(HttpContext httpContext)
ClientConnectionId:32a45417-e162-400b-a8e4-25ee6e629d83
Error Number:208,State:1,Class:16
[23:41:28 ERR] Exception while processing GET /api/sales-orders.
Microsoft.Data.SqlClient.SqlException (0x80131904): Invalid object name 'sales.SalesOrders'.
   at System.Threading.Tasks.ContinuationResultTaskFromResultTask`2.InnerInvoke()
   at System.Threading.ExecutionContext.RunInternal(ExecutionContext executionContext, ContextCallback callback, Object state)
--- End of stack trace from previous location ---
   at System.Threading.ExecutionContext.RunInternal(ExecutionContext executionContext, ContextCallback callback, Object state)
   at System.Threading.Tasks.Task.ExecuteWithThreadLocal(Task& currentTaskSlot, Thread threadPoolThread)
--- End of stack trace from previous location ---
   at Microsoft.EntityFrameworkCore.Storage.RelationalCommand.ExecuteReaderAsync(RelationalCommandParameterObject parameterObject, CancellationToken cancellationToken)
   at Microsoft.EntityFrameworkCore.Storage.RelationalCommand.ExecuteReaderAsync(RelationalCommandParameterObject parameterObject, CancellationToken cancellationToken)
   at Microsoft.EntityFrameworkCore.Query.Internal.SingleQueryingEnumerable`1.AsyncEnumerator.InitializeReaderAsync(AsyncEnumerator enumerator, CancellationToken cancellationToken)
   at Microsoft.EntityFrameworkCore.SqlServer.Storage.Internal.SqlServerExecutionStrategy.ExecuteAsync[TState,TResult](TState state, Func`4 operation, Func`4 verifySucceeded, CancellationToken cancellationToken)
   at Microsoft.EntityFrameworkCore.Query.Internal.SingleQueryingEnumerable`1.AsyncEnumerator.MoveNextAsync()
   at Microsoft.EntityFrameworkCore.Query.ShapedQueryCompilingExpressionVisitor.SingleAsync[TSource](IAsyncEnumerable`1 asyncEnumerable, CancellationToken cancellationToken)
   at Microsoft.EntityFrameworkCore.Query.ShapedQueryCompilingExpressionVisitor.SingleAsync[TSource](IAsyncEnumerable`1 asyncEnumerable, CancellationToken cancellationToken)
   at CoilManager.API.Controllers.SalesOrdersController.List(String search, Nullable`1 customerId, Nullable`1 status, Nullable`1 priority, Nullable`1 orderDateFrom, Nullable`1 orderDateTo, Nullable`1 deliveryDateFrom, Nullable`1 deliveryDateTo, Nullable`1 productType, Int32 page, Int32 pageSize, CancellationToken ct) in C:\VISHAL\Codes\CoilManager\src\CoilManager.API\Controllers\SalesOrdersController.cs:line 18
   at lambda_method30(Closure, Object)
   at Microsoft.AspNetCore.Mvc.Infrastructure.ActionMethodExecutor.AwaitableObjectResultExecutor.Execute(ActionContext actionContext, IActionResultTypeMapper mapper, ObjectMethodExecutor executor, Object controller, Object[] arguments)
   at Microsoft.AspNetCore.Mvc.Infrastructure.ControllerActionInvoker.<InvokeActionMethodAsync>g__Awaited|12_0(ControllerActionInvoker invoker, ValueTask`1 actionResultValueTask)
   at Microsoft.AspNetCore.Mvc.Infrastructure.ControllerActionInvoker.<InvokeNextActionFilterAsync>g__Awaited|10_0(ControllerActionInvoker invoker, Task lastTask, State next, Scope scope, Object state, Boolean isCompleted)
   at Microsoft.AspNetCore.Mvc.Infrastructure.ControllerActionInvoker.Rethrow(ActionExecutedContextSealed context)
   at Microsoft.AspNetCore.Mvc.Infrastructure.ControllerActionInvoker.Next(State& next, Scope& scope, Object& state, Boolean& isCompleted)
   at Microsoft.AspNetCore.Mvc.Infrastructure.ControllerActionInvoker.<InvokeInnerFilterAsync>g__Awaited|13_0(ControllerActionInvoker invoker, Task lastTask, State next, Scope scope, Object state, Boolean isCompleted)
   at Microsoft.AspNetCore.Mvc.Infrastructure.ResourceInvoker.<InvokeFilterPipelineAsync>g__Awaited|20_0(ResourceInvoker invoker, Task lastTask, State next, Scope scope, Object state, Boolean isCompleted)
   at Microsoft.AspNetCore.Mvc.Infrastructure.ResourceInvoker.<InvokeAsync>g__Awaited|17_0(ResourceInvoker invoker, Task task, IDisposable scope)
   at Microsoft.AspNetCore.Mvc.Infrastructure.ResourceInvoker.<InvokeAsync>g__Awaited|17_0(ResourceInvoker invoker, Task task, IDisposable scope)
   at Microsoft.AspNetCore.Authorization.AuthorizationMiddleware.Invoke(HttpContext context)
   at Microsoft.AspNetCore.Authentication.AuthenticationMiddleware.Invoke(HttpContext context)
   at Serilog.AspNetCore.RequestLoggingMiddleware.Invoke(HttpContext httpContext)
   at Swashbuckle.AspNetCore.SwaggerUI.SwaggerUIMiddleware.Invoke(HttpContext httpContext)
   at Swashbuckle.AspNetCore.Swagger.SwaggerMiddleware.Invoke(HttpContext httpContext, ISwaggerProvider swaggerProvider)
   at CoilManager.API.Middleware.GlobalExceptionMiddleware.InvokeAsync(HttpContext context) in C:\VISHAL\Codes\CoilManager\src\CoilManager.API\Middleware\GlobalExceptionMiddleware.cs:line 27
ClientConnectionId:32a45417-e162-400b-a8e4-25ee6e629d83
Error Number:208,State:1,Class:16
[23:41:30 INF] HTTP OPTIONS /api/customers responded 204 in 0.0173 ms
[23:41:30 ERR] Failed executing DbCommand (1ms) [Parameters=[], CommandType='Text', CommandTimeout='30']
SELECT COUNT(*)
FROM [sales].[Customers] AS [c]
[23:41:30 ERR] An exception occurred while iterating over the results of a query for context type 'CoilManager.Persistence.ApplicationDbContext'.
Microsoft.Data.SqlClient.SqlException (0x80131904): Invalid object name 'sales.Customers'.
   at System.Threading.Tasks.ContinuationResultTaskFromResultTask`2.InnerInvoke()
   at System.Threading.ExecutionContext.RunInternal(ExecutionContext executionContext, ContextCallback callback, Object state)
--- End of stack trace from previous location ---
   at System.Threading.ExecutionContext.RunInternal(ExecutionContext executionContext, ContextCallback callback, Object state)
   at System.Threading.Tasks.Task.ExecuteWithThreadLocal(Task& currentTaskSlot, Thread threadPoolThread)
--- End of stack trace from previous location ---
   at Microsoft.EntityFrameworkCore.Storage.RelationalCommand.ExecuteReaderAsync(RelationalCommandParameterObject parameterObject, CancellationToken cancellationToken)
   at Microsoft.EntityFrameworkCore.Storage.RelationalCommand.ExecuteReaderAsync(RelationalCommandParameterObject parameterObject, CancellationToken cancellationToken)
   at Microsoft.EntityFrameworkCore.Query.Internal.SingleQueryingEnumerable`1.AsyncEnumerator.InitializeReaderAsync(AsyncEnumerator enumerator, CancellationToken cancellationToken)
   at Microsoft.EntityFrameworkCore.SqlServer.Storage.Internal.SqlServerExecutionStrategy.ExecuteAsync[TState,TResult](TState state, Func`4 operation, Func`4 verifySucceeded, CancellationToken cancellationToken)
   at Microsoft.EntityFrameworkCore.Query.Internal.SingleQueryingEnumerable`1.AsyncEnumerator.MoveNextAsync()
ClientConnectionId:32a45417-e162-400b-a8e4-25ee6e629d83
Error Number:208,State:1,Class:16
Microsoft.Data.SqlClient.SqlException (0x80131904): Invalid object name 'sales.Customers'.
   at System.Threading.Tasks.ContinuationResultTaskFromResultTask`2.InnerInvoke()
   at System.Threading.ExecutionContext.RunInternal(ExecutionContext executionContext, ContextCallback callback, Object state)
--- End of stack trace from previous location ---
   at System.Threading.ExecutionContext.RunInternal(ExecutionContext executionContext, ContextCallback callback, Object state)
   at System.Threading.Tasks.Task.ExecuteWithThreadLocal(Task& currentTaskSlot, Thread threadPoolThread)
--- End of stack trace from previous location ---
   at Microsoft.EntityFrameworkCore.Storage.RelationalCommand.ExecuteReaderAsync(RelationalCommandParameterObject parameterObject, CancellationToken cancellationToken)
   at Microsoft.EntityFrameworkCore.Storage.RelationalCommand.ExecuteReaderAsync(RelationalCommandParameterObject parameterObject, CancellationToken cancellationToken)
   at Microsoft.EntityFrameworkCore.Query.Internal.SingleQueryingEnumerable`1.AsyncEnumerator.InitializeReaderAsync(AsyncEnumerator enumerator, CancellationToken cancellationToken)
   at Microsoft.EntityFrameworkCore.SqlServer.Storage.Internal.SqlServerExecutionStrategy.ExecuteAsync[TState,TResult](TState state, Func`4 operation, Func`4 verifySucceeded, CancellationToken cancellationToken)
   at Microsoft.EntityFrameworkCore.Query.Internal.SingleQueryingEnumerable`1.AsyncEnumerator.MoveNextAsync()
ClientConnectionId:32a45417-e162-400b-a8e4-25ee6e629d83
Error Number:208,State:1,Class:16
[23:41:30 ERR] HTTP GET /api/customers responded 500 in 9.6554 ms
Microsoft.Data.SqlClient.SqlException (0x80131904): Invalid object name 'sales.Customers'.
   at System.Threading.Tasks.ContinuationResultTaskFromResultTask`2.InnerInvoke()
   at System.Threading.ExecutionContext.RunInternal(ExecutionContext executionContext, ContextCallback callback, Object state)
--- End of stack trace from previous location ---
   at System.Threading.ExecutionContext.RunInternal(ExecutionContext executionContext, ContextCallback callback, Object state)
   at System.Threading.Tasks.Task.ExecuteWithThreadLocal(Task& currentTaskSlot, Thread threadPoolThread)
--- End of stack trace from previous location ---
   at Microsoft.EntityFrameworkCore.Storage.RelationalCommand.ExecuteReaderAsync(RelationalCommandParameterObject parameterObject, CancellationToken cancellationToken)
   at Microsoft.EntityFrameworkCore.Storage.RelationalCommand.ExecuteReaderAsync(RelationalCommandParameterObject parameterObject, CancellationToken cancellationToken)
   at Microsoft.EntityFrameworkCore.Query.Internal.SingleQueryingEnumerable`1.AsyncEnumerator.InitializeReaderAsync(AsyncEnumerator enumerator, CancellationToken cancellationToken)
   at Microsoft.EntityFrameworkCore.SqlServer.Storage.Internal.SqlServerExecutionStrategy.ExecuteAsync[TState,TResult](TState state, Func`4 operation, Func`4 verifySucceeded, CancellationToken cancellationToken)
   at Microsoft.EntityFrameworkCore.Query.Internal.SingleQueryingEnumerable`1.AsyncEnumerator.MoveNextAsync()
   at Microsoft.EntityFrameworkCore.Query.ShapedQueryCompilingExpressionVisitor.SingleAsync[TSource](IAsyncEnumerable`1 asyncEnumerable, CancellationToken cancellationToken)
   at Microsoft.EntityFrameworkCore.Query.ShapedQueryCompilingExpressionVisitor.SingleAsync[TSource](IAsyncEnumerable`1 asyncEnumerable, CancellationToken cancellationToken)
   at CoilManager.API.Controllers.CustomersController.List(String search, Nullable`1 isActive, String city, String state, String country, Int32 page, Int32 pageSize, CancellationToken ct) in C:\VISHAL\Codes\CoilManager\src\CoilManager.API\Controllers\CustomersController.cs:line 16
   at lambda_method69(Closure, Object)
   at Microsoft.AspNetCore.Mvc.Infrastructure.ActionMethodExecutor.AwaitableObjectResultExecutor.Execute(ActionContext actionContext, IActionResultTypeMapper mapper, ObjectMethodExecutor executor, Object controller, Object[] arguments)
   at Microsoft.AspNetCore.Mvc.Infrastructure.ControllerActionInvoker.<InvokeActionMethodAsync>g__Awaited|12_0(ControllerActionInvoker invoker, ValueTask`1 actionResultValueTask)
   at Microsoft.AspNetCore.Mvc.Infrastructure.ControllerActionInvoker.<InvokeNextActionFilterAsync>g__Awaited|10_0(ControllerActionInvoker invoker, Task lastTask, State next, Scope scope, Object state, Boolean isCompleted)
   at Microsoft.AspNetCore.Mvc.Infrastructure.ControllerActionInvoker.Rethrow(ActionExecutedContextSealed context)
   at Microsoft.AspNetCore.Mvc.Infrastructure.ControllerActionInvoker.Next(State& next, Scope& scope, Object& state, Boolean& isCompleted)
   at Microsoft.AspNetCore.Mvc.Infrastructure.ControllerActionInvoker.<InvokeInnerFilterAsync>g__Awaited|13_0(ControllerActionInvoker invoker, Task lastTask, State next, Scope scope, Object state, Boolean isCompleted)
   at Microsoft.AspNetCore.Mvc.Infrastructure.ResourceInvoker.<InvokeFilterPipelineAsync>g__Awaited|20_0(ResourceInvoker invoker, Task lastTask, State next, Scope scope, Object state, Boolean isCompleted)
   at Microsoft.AspNetCore.Mvc.Infrastructure.ResourceInvoker.<InvokeAsync>g__Awaited|17_0(ResourceInvoker invoker, Task task, IDisposable scope)
   at Microsoft.AspNetCore.Mvc.Infrastructure.ResourceInvoker.<InvokeAsync>g__Awaited|17_0(ResourceInvoker invoker, Task task, IDisposable scope)
   at Microsoft.AspNetCore.Authorization.AuthorizationMiddleware.Invoke(HttpContext context)
   at Microsoft.AspNetCore.Authentication.AuthenticationMiddleware.Invoke(HttpContext context)
   at Serilog.AspNetCore.RequestLoggingMiddleware.Invoke(HttpContext httpContext)
ClientConnectionId:32a45417-e162-400b-a8e4-25ee6e629d83
Error Number:208,State:1,Class:16
[23:41:30 ERR] Exception while processing GET /api/customers.
Microsoft.Data.SqlClient.SqlException (0x80131904): Invalid object name 'sales.Customers'.
   at System.Threading.Tasks.ContinuationResultTaskFromResultTask`2.InnerInvoke()
   at System.Threading.ExecutionContext.RunInternal(ExecutionContext executionContext, ContextCallback callback, Object state)
--- End of stack trace from previous location ---
   at System.Threading.ExecutionContext.RunInternal(ExecutionContext executionContext, ContextCallback callback, Object state)
   at System.Threading.Tasks.Task.ExecuteWithThreadLocal(Task& currentTaskSlot, Thread threadPoolThread)
--- End of stack trace from previous location ---
   at Microsoft.EntityFrameworkCore.Storage.RelationalCommand.ExecuteReaderAsync(RelationalCommandParameterObject parameterObject, CancellationToken cancellationToken)
   at Microsoft.EntityFrameworkCore.Storage.RelationalCommand.ExecuteReaderAsync(RelationalCommandParameterObject parameterObject, CancellationToken cancellationToken)
   at Microsoft.EntityFrameworkCore.Query.Internal.SingleQueryingEnumerable`1.AsyncEnumerator.InitializeReaderAsync(AsyncEnumerator enumerator, CancellationToken cancellationToken)
   at Microsoft.EntityFrameworkCore.SqlServer.Storage.Internal.SqlServerExecutionStrategy.ExecuteAsync[TState,TResult](TState state, Func`4 operation, Func`4 verifySucceeded, CancellationToken cancellationToken)
   at Microsoft.EntityFrameworkCore.Query.Internal.SingleQueryingEnumerable`1.AsyncEnumerator.MoveNextAsync()
   at Microsoft.EntityFrameworkCore.Query.ShapedQueryCompilingExpressionVisitor.SingleAsync[TSource](IAsyncEnumerable`1 asyncEnumerable, CancellationToken cancellationToken)
   at Microsoft.EntityFrameworkCore.Query.ShapedQueryCompilingExpressionVisitor.SingleAsync[TSource](IAsyncEnumerable`1 asyncEnumerable, CancellationToken cancellationToken)
   at CoilManager.API.Controllers.CustomersController.List(String search, Nullable`1 isActive, String city, String state, String country, Int32 page, Int32 pageSize, CancellationToken ct) in C:\VISHAL\Codes\CoilManager\src\CoilManager.API\Controllers\CustomersController.cs:line 16
   at lambda_method69(Closure, Object)
   at Microsoft.AspNetCore.Mvc.Infrastructure.ActionMethodExecutor.AwaitableObjectResultExecutor.Execute(ActionContext actionContext, IActionResultTypeMapper mapper, ObjectMethodExecutor executor, Object controller, Object[] arguments)
   at Microsoft.AspNetCore.Mvc.Infrastructure.ControllerActionInvoker.<InvokeActionMethodAsync>g__Awaited|12_0(ControllerActionInvoker invoker, ValueTask`1 actionResultValueTask)
   at Microsoft.AspNetCore.Mvc.Infrastructure.ControllerActionInvoker.<InvokeNextActionFilterAsync>g__Awaited|10_0(ControllerActionInvoker invoker, Task lastTask, State next, Scope scope, Object state, Boolean isCompleted)
   at Microsoft.AspNetCore.Mvc.Infrastructure.ControllerActionInvoker.Rethrow(ActionExecutedContextSealed context)
   at Microsoft.AspNetCore.Mvc.Infrastructure.ControllerActionInvoker.Next(State& next, Scope& scope, Object& state, Boolean& isCompleted)
   at Microsoft.AspNetCore.Mvc.Infrastructure.ControllerActionInvoker.<InvokeInnerFilterAsync>g__Awaited|13_0(ControllerActionInvoker invoker, Task lastTask, State next, Scope scope, Object state, Boolean isCompleted)
   at Microsoft.AspNetCore.Mvc.Infrastructure.ResourceInvoker.<InvokeFilterPipelineAsync>g__Awaited|20_0(ResourceInvoker invoker, Task lastTask, State next, Scope scope, Object state, Boolean isCompleted)
   at Microsoft.AspNetCore.Mvc.Infrastructure.ResourceInvoker.<InvokeAsync>g__Awaited|17_0(ResourceInvoker invoker, Task task, IDisposable scope)
   at Microsoft.AspNetCore.Mvc.Infrastructure.ResourceInvoker.<InvokeAsync>g__Awaited|17_0(ResourceInvoker invoker, Task task, IDisposable scope)
   at Microsoft.AspNetCore.Authorization.AuthorizationMiddleware.Invoke(HttpContext context)
   at Microsoft.AspNetCore.Authentication.AuthenticationMiddleware.Invoke(HttpContext context)
   at Serilog.AspNetCore.RequestLoggingMiddleware.Invoke(HttpContext httpContext)
   at Swashbuckle.AspNetCore.SwaggerUI.SwaggerUIMiddleware.Invoke(HttpContext httpContext)
   at Swashbuckle.AspNetCore.Swagger.SwaggerMiddleware.Invoke(HttpContext httpContext, ISwaggerProvider swaggerProvider)
   at CoilManager.API.Middleware.GlobalExceptionMiddleware.InvokeAsync(HttpContext context) in C:\VISHAL\Codes\CoilManager\src\CoilManager.API\Middleware\GlobalExceptionMiddleware.cs:line 27
ClientConnectionId:32a45417-e162-400b-a8e4-25ee6e629d83
Error Number:208,State:1,Class:16
[23:41:31 INF] HTTP OPTIONS /api/sales-orders responded 204 in 0.0184 ms
[23:41:31 ERR] Failed executing DbCommand (1ms) [Parameters=[], CommandType='Text', CommandTimeout='30']
SELECT COUNT(*)
FROM [sales].[SalesOrders] AS [s]
[23:41:31 ERR] An exception occurred while iterating over the results of a query for context type 'CoilManager.Persistence.ApplicationDbContext'.
Microsoft.Data.SqlClient.SqlException (0x80131904): Invalid object name 'sales.SalesOrders'.
   at System.Threading.Tasks.ContinuationResultTaskFromResultTask`2.InnerInvoke()
   at System.Threading.ExecutionContext.RunInternal(ExecutionContext executionContext, ContextCallback callback, Object state)
--- End of stack trace from previous location ---
   at System.Threading.ExecutionContext.RunInternal(ExecutionContext executionContext, ContextCallback callback, Object state)
   at System.Threading.Tasks.Task.ExecuteWithThreadLocal(Task& currentTaskSlot, Thread threadPoolThread)
--- End of stack trace from previous location ---
   at Microsoft.EntityFrameworkCore.Storage.RelationalCommand.ExecuteReaderAsync(RelationalCommandParameterObject parameterObject, CancellationToken cancellationToken)
   at Microsoft.EntityFrameworkCore.Storage.RelationalCommand.ExecuteReaderAsync(RelationalCommandParameterObject parameterObject, CancellationToken cancellationToken)
   at Microsoft.EntityFrameworkCore.Query.Internal.SingleQueryingEnumerable`1.AsyncEnumerator.InitializeReaderAsync(AsyncEnumerator enumerator, CancellationToken cancellationToken)
   at Microsoft.EntityFrameworkCore.SqlServer.Storage.Internal.SqlServerExecutionStrategy.ExecuteAsync[TState,TResult](TState state, Func`4 operation, Func`4 verifySucceeded, CancellationToken cancellationToken)
   at Microsoft.EntityFrameworkCore.Query.Internal.SingleQueryingEnumerable`1.AsyncEnumerator.MoveNextAsync()
ClientConnectionId:32a45417-e162-400b-a8e4-25ee6e629d83
Error Number:208,State:1,Class:16
Microsoft.Data.SqlClient.SqlException (0x80131904): Invalid object name 'sales.SalesOrders'.
   at System.Threading.Tasks.ContinuationResultTaskFromResultTask`2.InnerInvoke()
   at System.Threading.ExecutionContext.RunInternal(ExecutionContext executionContext, ContextCallback callback, Object state)
--- End of stack trace from previous location ---
   at System.Threading.ExecutionContext.RunInternal(ExecutionContext executionContext, ContextCallback callback, Object state)
   at System.Threading.Tasks.Task.ExecuteWithThreadLocal(Task& currentTaskSlot, Thread threadPoolThread)
--- End of stack trace from previous location ---
   at Microsoft.EntityFrameworkCore.Storage.RelationalCommand.ExecuteReaderAsync(RelationalCommandParameterObject parameterObject, CancellationToken cancellationToken)
   at Microsoft.EntityFrameworkCore.Storage.RelationalCommand.ExecuteReaderAsync(RelationalCommandParameterObject parameterObject, CancellationToken cancellationToken)
   at Microsoft.EntityFrameworkCore.Query.Internal.SingleQueryingEnumerable`1.AsyncEnumerator.InitializeReaderAsync(AsyncEnumerator enumerator, CancellationToken cancellationToken)
   at Microsoft.EntityFrameworkCore.SqlServer.Storage.Internal.SqlServerExecutionStrategy.ExecuteAsync[TState,TResult](TState state, Func`4 operation, Func`4 verifySucceeded, CancellationToken cancellationToken)
   at Microsoft.EntityFrameworkCore.Query.Internal.SingleQueryingEnumerable`1.AsyncEnumerator.MoveNextAsync()
ClientConnectionId:32a45417-e162-400b-a8e4-25ee6e629d83
Error Number:208,State:1,Class:16
[23:41:31 ERR] HTTP GET /api/sales-orders responded 500 in 4.5510 ms
Microsoft.Data.SqlClient.SqlException (0x80131904): Invalid object name 'sales.SalesOrders'.
   at System.Threading.Tasks.ContinuationResultTaskFromResultTask`2.InnerInvoke()
   at System.Threading.ExecutionContext.RunInternal(ExecutionContext executionContext, ContextCallback callback, Object state)
--- End of stack trace from previous location ---
   at System.Threading.ExecutionContext.RunInternal(ExecutionContext executionContext, ContextCallback callback, Object state)
   at System.Threading.Tasks.Task.ExecuteWithThreadLocal(Task& currentTaskSlot, Thread threadPoolThread)
--- End of stack trace from previous location ---
   at Microsoft.EntityFrameworkCore.Storage.RelationalCommand.ExecuteReaderAsync(RelationalCommandParameterObject parameterObject, CancellationToken cancellationToken)
   at Microsoft.EntityFrameworkCore.Storage.RelationalCommand.ExecuteReaderAsync(RelationalCommandParameterObject parameterObject, CancellationToken cancellationToken)
   at Microsoft.EntityFrameworkCore.Query.Internal.SingleQueryingEnumerable`1.AsyncEnumerator.InitializeReaderAsync(AsyncEnumerator enumerator, CancellationToken cancellationToken)
   at Microsoft.EntityFrameworkCore.SqlServer.Storage.Internal.SqlServerExecutionStrategy.ExecuteAsync[TState,TResult](TState state, Func`4 operation, Func`4 verifySucceeded, CancellationToken cancellationToken)
   at Microsoft.EntityFrameworkCore.Query.Internal.SingleQueryingEnumerable`1.AsyncEnumerator.MoveNextAsync()
   at Microsoft.EntityFrameworkCore.Query.ShapedQueryCompilingExpressionVisitor.SingleAsync[TSource](IAsyncEnumerable`1 asyncEnumerable, CancellationToken cancellationToken)
   at Microsoft.EntityFrameworkCore.Query.ShapedQueryCompilingExpressionVisitor.SingleAsync[TSource](IAsyncEnumerable`1 asyncEnumerable, CancellationToken cancellationToken)
   at CoilManager.API.Controllers.SalesOrdersController.List(String search, Nullable`1 customerId, Nullable`1 status, Nullable`1 priority, Nullable`1 orderDateFrom, Nullable`1 orderDateTo, Nullable`1 deliveryDateFrom, Nullable`1 deliveryDateTo, Nullable`1 productType, Int32 page, Int32 pageSize, CancellationToken ct) in C:\VISHAL\Codes\CoilManager\src\CoilManager.API\Controllers\SalesOrdersController.cs:line 18
   at lambda_method30(Closure, Object)
   at Microsoft.AspNetCore.Mvc.Infrastructure.ActionMethodExecutor.AwaitableObjectResultExecutor.Execute(ActionContext actionContext, IActionResultTypeMapper mapper, ObjectMethodExecutor executor, Object controller, Object[] arguments)
   at Microsoft.AspNetCore.Mvc.Infrastructure.ControllerActionInvoker.<InvokeActionMethodAsync>g__Awaited|12_0(ControllerActionInvoker invoker, ValueTask`1 actionResultValueTask)
   at Microsoft.AspNetCore.Mvc.Infrastructure.ControllerActionInvoker.<InvokeNextActionFilterAsync>g__Awaited|10_0(ControllerActionInvoker invoker, Task lastTask, State next, Scope scope, Object state, Boolean isCompleted)
   at Microsoft.AspNetCore.Mvc.Infrastructure.ControllerActionInvoker.Rethrow(ActionExecutedContextSealed context)
   at Microsoft.AspNetCore.Mvc.Infrastructure.ControllerActionInvoker.Next(State& next, Scope& scope, Object& state, Boolean& isCompleted)
   at Microsoft.AspNetCore.Mvc.Infrastructure.ControllerActionInvoker.<InvokeInnerFilterAsync>g__Awaited|13_0(ControllerActionInvoker invoker, Task lastTask, State next, Scope scope, Object state, Boolean isCompleted)
   at Microsoft.AspNetCore.Mvc.Infrastructure.ResourceInvoker.<InvokeFilterPipelineAsync>g__Awaited|20_0(ResourceInvoker invoker, Task lastTask, State next, Scope scope, Object state, Boolean isCompleted)
   at Microsoft.AspNetCore.Mvc.Infrastructure.ResourceInvoker.<InvokeAsync>g__Awaited|17_0(ResourceInvoker invoker, Task task, IDisposable scope)
   at Microsoft.AspNetCore.Mvc.Infrastructure.ResourceInvoker.<InvokeAsync>g__Awaited|17_0(ResourceInvoker invoker, Task task, IDisposable scope)
   at Microsoft.AspNetCore.Authorization.AuthorizationMiddleware.Invoke(HttpContext context)
   at Microsoft.AspNetCore.Authentication.AuthenticationMiddleware.Invoke(HttpContext context)
   at Serilog.AspNetCore.RequestLoggingMiddleware.Invoke(HttpContext httpContext)
ClientConnectionId:32a45417-e162-400b-a8e4-25ee6e629d83
Error Number:208,State:1,Class:16
[23:41:31 ERR] Exception while processing GET /api/sales-orders.
Microsoft.Data.SqlClient.SqlException (0x80131904): Invalid object name 'sales.SalesOrders'.
   at System.Threading.Tasks.ContinuationResultTaskFromResultTask`2.InnerInvoke()
   at System.Threading.ExecutionContext.RunInternal(ExecutionContext executionContext, ContextCallback callback, Object state)
--- End of stack trace from previous location ---
   at System.Threading.ExecutionContext.RunInternal(ExecutionContext executionContext, ContextCallback callback, Object state)
   at System.Threading.Tasks.Task.ExecuteWithThreadLocal(Task& currentTaskSlot, Thread threadPoolThread)
--- End of stack trace from previous location ---
   at Microsoft.EntityFrameworkCore.Storage.RelationalCommand.ExecuteReaderAsync(RelationalCommandParameterObject parameterObject, CancellationToken cancellationToken)
   at Microsoft.EntityFrameworkCore.Storage.RelationalCommand.ExecuteReaderAsync(RelationalCommandParameterObject parameterObject, CancellationToken cancellationToken)
   at Microsoft.EntityFrameworkCore.Query.Internal.SingleQueryingEnumerable`1.AsyncEnumerator.InitializeReaderAsync(AsyncEnumerator enumerator, CancellationToken cancellationToken)
   at Microsoft.EntityFrameworkCore.SqlServer.Storage.Internal.SqlServerExecutionStrategy.ExecuteAsync[TState,TResult](TState state, Func`4 operation, Func`4 verifySucceeded, CancellationToken cancellationToken)
   at Microsoft.EntityFrameworkCore.Query.Internal.SingleQueryingEnumerable`1.AsyncEnumerator.MoveNextAsync()
   at Microsoft.EntityFrameworkCore.Query.ShapedQueryCompilingExpressionVisitor.SingleAsync[TSource](IAsyncEnumerable`1 asyncEnumerable, CancellationToken cancellationToken)
   at Microsoft.EntityFrameworkCore.Query.ShapedQueryCompilingExpressionVisitor.SingleAsync[TSource](IAsyncEnumerable`1 asyncEnumerable, CancellationToken cancellationToken)
   at CoilManager.API.Controllers.SalesOrdersController.List(String search, Nullable`1 customerId, Nullable`1 status, Nullable`1 priority, Nullable`1 orderDateFrom, Nullable`1 orderDateTo, Nullable`1 deliveryDateFrom, Nullable`1 deliveryDateTo, Nullable`1 productType, Int32 page, Int32 pageSize, CancellationToken ct) in C:\VISHAL\Codes\CoilManager\src\CoilManager.API\Controllers\SalesOrdersController.cs:line 18
   at lambda_method30(Closure, Object)
   at Microsoft.AspNetCore.Mvc.Infrastructure.ActionMethodExecutor.AwaitableObjectResultExecutor.Execute(ActionContext actionContext, IActionResultTypeMapper mapper, ObjectMethodExecutor executor, Object controller, Object[] arguments)
   at Microsoft.AspNetCore.Mvc.Infrastructure.ControllerActionInvoker.<InvokeActionMethodAsync>g__Awaited|12_0(ControllerActionInvoker invoker, ValueTask`1 actionResultValueTask)
   at Microsoft.AspNetCore.Mvc.Infrastructure.ControllerActionInvoker.<InvokeNextActionFilterAsync>g__Awaited|10_0(ControllerActionInvoker invoker, Task lastTask, State next, Scope scope, Object state, Boolean isCompleted)
   at Microsoft.AspNetCore.Mvc.Infrastructure.ControllerActionInvoker.Rethrow(ActionExecutedContextSealed context)
   at Microsoft.AspNetCore.Mvc.Infrastructure.ControllerActionInvoker.Next(State& next, Scope& scope, Object& state, Boolean& isCompleted)
   at Microsoft.AspNetCore.Mvc.Infrastructure.ControllerActionInvoker.<InvokeInnerFilterAsync>g__Awaited|13_0(ControllerActionInvoker invoker, Task lastTask, State next, Scope scope, Object state, Boolean isCompleted)
   at Microsoft.AspNetCore.Mvc.Infrastructure.ResourceInvoker.<InvokeFilterPipelineAsync>g__Awaited|20_0(ResourceInvoker invoker, Task lastTask, State next, Scope scope, Object state, Boolean isCompleted)
   at Microsoft.AspNetCore.Mvc.Infrastructure.ResourceInvoker.<InvokeAsync>g__Awaited|17_0(ResourceInvoker invoker, Task task, IDisposable scope)
   at Microsoft.AspNetCore.Mvc.Infrastructure.ResourceInvoker.<InvokeAsync>g__Awaited|17_0(ResourceInvoker invoker, Task task, IDisposable scope)
   at Microsoft.AspNetCore.Authorization.AuthorizationMiddleware.Invoke(HttpContext context)
   at Microsoft.AspNetCore.Authentication.AuthenticationMiddleware.Invoke(HttpContext context)
   at Serilog.AspNetCore.RequestLoggingMiddleware.Invoke(HttpContext httpContext)
   at Swashbuckle.AspNetCore.SwaggerUI.SwaggerUIMiddleware.Invoke(HttpContext httpContext)
   at Swashbuckle.AspNetCore.Swagger.SwaggerMiddleware.Invoke(HttpContext httpContext, ISwaggerProvider swaggerProvider)
   at CoilManager.API.Middleware.GlobalExceptionMiddleware.InvokeAsync(HttpContext context) in C:\VISHAL\Codes\CoilManager\src\CoilManager.API\Middleware\GlobalExceptionMiddleware.cs:line 27
ClientConnectionId:32a45417-e162-400b-a8e4-25ee6e629d83
Error Number:208,State:1,Class:16
[23:41:39 INF] HTTP OPTIONS /api/sales-orders responded 204 in 0.0183 ms
[23:41:39 ERR] Failed executing DbCommand (1ms) [Parameters=[], CommandType='Text', CommandTimeout='30']
SELECT COUNT(*)
FROM [sales].[SalesOrders] AS [s]
[23:41:39 ERR] An exception occurred while iterating over the results of a query for context type 'CoilManager.Persistence.ApplicationDbContext'.
Microsoft.Data.SqlClient.SqlException (0x80131904): Invalid object name 'sales.SalesOrders'.
   at System.Threading.Tasks.ContinuationResultTaskFromResultTask`2.InnerInvoke()
   at System.Threading.ExecutionContext.RunInternal(ExecutionContext executionContext, ContextCallback callback, Object state)
--- End of stack trace from previous location ---
   at System.Threading.ExecutionContext.RunInternal(ExecutionContext executionContext, ContextCallback callback, Object state)
   at System.Threading.Tasks.Task.ExecuteWithThreadLocal(Task& currentTaskSlot, Thread threadPoolThread)
--- End of stack trace from previous location ---
   at Microsoft.EntityFrameworkCore.Storage.RelationalCommand.ExecuteReaderAsync(RelationalCommandParameterObject parameterObject, CancellationToken cancellationToken)
   at Microsoft.EntityFrameworkCore.Storage.RelationalCommand.ExecuteReaderAsync(RelationalCommandParameterObject parameterObject, CancellationToken cancellationToken)
   at Microsoft.EntityFrameworkCore.Query.Internal.SingleQueryingEnumerable`1.AsyncEnumerator.InitializeReaderAsync(AsyncEnumerator enumerator, CancellationToken cancellationToken)
   at Microsoft.EntityFrameworkCore.SqlServer.Storage.Internal.SqlServerExecutionStrategy.ExecuteAsync[TState,TResult](TState state, Func`4 operation, Func`4 verifySucceeded, CancellationToken cancellationToken)
   at Microsoft.EntityFrameworkCore.Query.Internal.SingleQueryingEnumerable`1.AsyncEnumerator.MoveNextAsync()
ClientConnectionId:32a45417-e162-400b-a8e4-25ee6e629d83
Error Number:208,State:1,Class:16
Microsoft.Data.SqlClient.SqlException (0x80131904): Invalid object name 'sales.SalesOrders'.
   at System.Threading.Tasks.ContinuationResultTaskFromResultTask`2.InnerInvoke()
   at System.Threading.ExecutionContext.RunInternal(ExecutionContext executionContext, ContextCallback callback, Object state)
--- End of stack trace from previous location ---
   at System.Threading.ExecutionContext.RunInternal(ExecutionContext executionContext, ContextCallback callback, Object state)
   at System.Threading.Tasks.Task.ExecuteWithThreadLocal(Task& currentTaskSlot, Thread threadPoolThread)
--- End of stack trace from previous location ---
   at Microsoft.EntityFrameworkCore.Storage.RelationalCommand.ExecuteReaderAsync(RelationalCommandParameterObject parameterObject, CancellationToken cancellationToken)
   at Microsoft.EntityFrameworkCore.Storage.RelationalCommand.ExecuteReaderAsync(RelationalCommandParameterObject parameterObject, CancellationToken cancellationToken)
   at Microsoft.EntityFrameworkCore.Query.Internal.SingleQueryingEnumerable`1.AsyncEnumerator.InitializeReaderAsync(AsyncEnumerator enumerator, CancellationToken cancellationToken)
   at Microsoft.EntityFrameworkCore.SqlServer.Storage.Internal.SqlServerExecutionStrategy.ExecuteAsync[TState,TResult](TState state, Func`4 operation, Func`4 verifySucceeded, CancellationToken cancellationToken)
   at Microsoft.EntityFrameworkCore.Query.Internal.SingleQueryingEnumerable`1.AsyncEnumerator.MoveNextAsync()
ClientConnectionId:32a45417-e162-400b-a8e4-25ee6e629d83
Error Number:208,State:1,Class:16
[23:41:39 ERR] HTTP GET /api/sales-orders responded 500 in 6.1176 ms
Microsoft.Data.SqlClient.SqlException (0x80131904): Invalid object name 'sales.SalesOrders'.
   at System.Threading.Tasks.ContinuationResultTaskFromResultTask`2.InnerInvoke()
   at System.Threading.ExecutionContext.RunInternal(ExecutionContext executionContext, ContextCallback callback, Object state)
--- End of stack trace from previous location ---
   at System.Threading.ExecutionContext.RunInternal(ExecutionContext executionContext, ContextCallback callback, Object state)
   at System.Threading.Tasks.Task.ExecuteWithThreadLocal(Task& currentTaskSlot, Thread threadPoolThread)
--- End of stack trace from previous location ---
   at Microsoft.EntityFrameworkCore.Storage.RelationalCommand.ExecuteReaderAsync(RelationalCommandParameterObject parameterObject, CancellationToken cancellationToken)
   at Microsoft.EntityFrameworkCore.Storage.RelationalCommand.ExecuteReaderAsync(RelationalCommandParameterObject parameterObject, CancellationToken cancellationToken)
   at Microsoft.EntityFrameworkCore.Query.Internal.SingleQueryingEnumerable`1.AsyncEnumerator.InitializeReaderAsync(AsyncEnumerator enumerator, CancellationToken cancellationToken)
   at Microsoft.EntityFrameworkCore.SqlServer.Storage.Internal.SqlServerExecutionStrategy.ExecuteAsync[TState,TResult](TState state, Func`4 operation, Func`4 verifySucceeded, CancellationToken cancellationToken)
   at Microsoft.EntityFrameworkCore.Query.Internal.SingleQueryingEnumerable`1.AsyncEnumerator.MoveNextAsync()
   at Microsoft.EntityFrameworkCore.Query.ShapedQueryCompilingExpressionVisitor.SingleAsync[TSource](IAsyncEnumerable`1 asyncEnumerable, CancellationToken cancellationToken)
   at Microsoft.EntityFrameworkCore.Query.ShapedQueryCompilingExpressionVisitor.SingleAsync[TSource](IAsyncEnumerable`1 asyncEnumerable, CancellationToken cancellationToken)
   at CoilManager.API.Controllers.SalesOrdersController.List(String search, Nullable`1 customerId, Nullable`1 status, Nullable`1 priority, Nullable`1 orderDateFrom, Nullable`1 orderDateTo, Nullable`1 deliveryDateFrom, Nullable`1 deliveryDateTo, Nullable`1 productType, Int32 page, Int32 pageSize, CancellationToken ct) in C:\VISHAL\Codes\CoilManager\src\CoilManager.API\Controllers\SalesOrdersController.cs:line 18
   at lambda_method30(Closure, Object)
   at Microsoft.AspNetCore.Mvc.Infrastructure.ActionMethodExecutor.AwaitableObjectResultExecutor.Execute(ActionContext actionContext, IActionResultTypeMapper mapper, ObjectMethodExecutor executor, Object controller, Object[] arguments)
   at Microsoft.AspNetCore.Mvc.Infrastructure.ControllerActionInvoker.<InvokeActionMethodAsync>g__Awaited|12_0(ControllerActionInvoker invoker, ValueTask`1 actionResultValueTask)
   at Microsoft.AspNetCore.Mvc.Infrastructure.ControllerActionInvoker.<InvokeNextActionFilterAsync>g__Awaited|10_0(ControllerActionInvoker invoker, Task lastTask, State next, Scope scope, Object state, Boolean isCompleted)
   at Microsoft.AspNetCore.Mvc.Infrastructure.ControllerActionInvoker.Rethrow(ActionExecutedContextSealed context)
   at Microsoft.AspNetCore.Mvc.Infrastructure.ControllerActionInvoker.Next(State& next, Scope& scope, Object& state, Boolean& isCompleted)
   at Microsoft.AspNetCore.Mvc.Infrastructure.ControllerActionInvoker.<InvokeInnerFilterAsync>g__Awaited|13_0(ControllerActionInvoker invoker, Task lastTask, State next, Scope scope, Object state, Boolean isCompleted)
   at Microsoft.AspNetCore.Mvc.Infrastructure.ResourceInvoker.<InvokeFilterPipelineAsync>g__Awaited|20_0(ResourceInvoker invoker, Task lastTask, State next, Scope scope, Object state, Boolean isCompleted)
   at Microsoft.AspNetCore.Mvc.Infrastructure.ResourceInvoker.<InvokeAsync>g__Awaited|17_0(ResourceInvoker invoker, Task task, IDisposable scope)
   at Microsoft.AspNetCore.Mvc.Infrastructure.ResourceInvoker.<InvokeAsync>g__Awaited|17_0(ResourceInvoker invoker, Task task, IDisposable scope)
   at Microsoft.AspNetCore.Authorization.AuthorizationMiddleware.Invoke(HttpContext context)
   at Microsoft.AspNetCore.Authentication.AuthenticationMiddleware.Invoke(HttpContext context)
   at Serilog.AspNetCore.RequestLoggingMiddleware.Invoke(HttpContext httpContext)
ClientConnectionId:32a45417-e162-400b-a8e4-25ee6e629d83
Error Number:208,State:1,Class:16
[23:41:39 ERR] Exception while processing GET /api/sales-orders.
Microsoft.Data.SqlClient.SqlException (0x80131904): Invalid object name 'sales.SalesOrders'.
   at System.Threading.Tasks.ContinuationResultTaskFromResultTask`2.InnerInvoke()
   at System.Threading.ExecutionContext.RunInternal(ExecutionContext executionContext, ContextCallback callback, Object state)
--- End of stack trace from previous location ---
   at System.Threading.ExecutionContext.RunInternal(ExecutionContext executionContext, ContextCallback callback, Object state)
   at System.Threading.Tasks.Task.ExecuteWithThreadLocal(Task& currentTaskSlot, Thread threadPoolThread)
--- End of stack trace from previous location ---
   at Microsoft.EntityFrameworkCore.Storage.RelationalCommand.ExecuteReaderAsync(RelationalCommandParameterObject parameterObject, CancellationToken cancellationToken)
   at Microsoft.EntityFrameworkCore.Storage.RelationalCommand.ExecuteReaderAsync(RelationalCommandParameterObject parameterObject, CancellationToken cancellationToken)
   at Microsoft.EntityFrameworkCore.Query.Internal.SingleQueryingEnumerable`1.AsyncEnumerator.InitializeReaderAsync(AsyncEnumerator enumerator, CancellationToken cancellationToken)
   at Microsoft.EntityFrameworkCore.SqlServer.Storage.Internal.SqlServerExecutionStrategy.ExecuteAsync[TState,TResult](TState state, Func`4 operation, Func`4 verifySucceeded, CancellationToken cancellationToken)
   at Microsoft.EntityFrameworkCore.Query.Internal.SingleQueryingEnumerable`1.AsyncEnumerator.MoveNextAsync()
   at Microsoft.EntityFrameworkCore.Query.ShapedQueryCompilingExpressionVisitor.SingleAsync[TSource](IAsyncEnumerable`1 asyncEnumerable, CancellationToken cancellationToken)
   at Microsoft.EntityFrameworkCore.Query.ShapedQueryCompilingExpressionVisitor.SingleAsync[TSource](IAsyncEnumerable`1 asyncEnumerable, CancellationToken cancellationToken)
   at CoilManager.API.Controllers.SalesOrdersController.List(String search, Nullable`1 customerId, Nullable`1 status, Nullable`1 priority, Nullable`1 orderDateFrom, Nullable`1 orderDateTo, Nullable`1 deliveryDateFrom, Nullable`1 deliveryDateTo, Nullable`1 productType, Int32 page, Int32 pageSize, CancellationToken ct) in C:\VISHAL\Codes\CoilManager\src\CoilManager.API\Controllers\SalesOrdersController.cs:line 18
   at lambda_method30(Closure, Object)
   at Microsoft.AspNetCore.Mvc.Infrastructure.ActionMethodExecutor.AwaitableObjectResultExecutor.Execute(ActionContext actionContext, IActionResultTypeMapper mapper, ObjectMethodExecutor executor, Object controller, Object[] arguments)
   at Microsoft.AspNetCore.Mvc.Infrastructure.ControllerActionInvoker.<InvokeActionMethodAsync>g__Awaited|12_0(ControllerActionInvoker invoker, ValueTask`1 actionResultValueTask)
   at Microsoft.AspNetCore.Mvc.Infrastructure.ControllerActionInvoker.<InvokeNextActionFilterAsync>g__Awaited|10_0(ControllerActionInvoker invoker, Task lastTask, State next, Scope scope, Object state, Boolean isCompleted)
   at Microsoft.AspNetCore.Mvc.Infrastructure.ControllerActionInvoker.Rethrow(ActionExecutedContextSealed context)
   at Microsoft.AspNetCore.Mvc.Infrastructure.ControllerActionInvoker.Next(State& next, Scope& scope, Object& state, Boolean& isCompleted)
   at Microsoft.AspNetCore.Mvc.Infrastructure.ControllerActionInvoker.<InvokeInnerFilterAsync>g__Awaited|13_0(ControllerActionInvoker invoker, Task lastTask, State next, Scope scope, Object state, Boolean isCompleted)
   at Microsoft.AspNetCore.Mvc.Infrastructure.ResourceInvoker.<InvokeFilterPipelineAsync>g__Awaited|20_0(ResourceInvoker invoker, Task lastTask, State next, Scope scope, Object state, Boolean isCompleted)
   at Microsoft.AspNetCore.Mvc.Infrastructure.ResourceInvoker.<InvokeAsync>g__Awaited|17_0(ResourceInvoker invoker, Task task, IDisposable scope)
   at Microsoft.AspNetCore.Mvc.Infrastructure.ResourceInvoker.<InvokeAsync>g__Awaited|17_0(ResourceInvoker invoker, Task task, IDisposable scope)
   at Microsoft.AspNetCore.Authorization.AuthorizationMiddleware.Invoke(HttpContext context)
   at Microsoft.AspNetCore.Authentication.AuthenticationMiddleware.Invoke(HttpContext context)
   at Serilog.AspNetCore.RequestLoggingMiddleware.Invoke(HttpContext httpContext)
   at Swashbuckle.AspNetCore.SwaggerUI.SwaggerUIMiddleware.Invoke(HttpContext httpContext)
   at Swashbuckle.AspNetCore.Swagger.SwaggerMiddleware.Invoke(HttpContext httpContext, ISwaggerProvider swaggerProvider)
   at CoilManager.API.Middleware.GlobalExceptionMiddleware.InvokeAsync(HttpContext context) in C:\VISHAL\Codes\CoilManager\src\CoilManager.API\Middleware\GlobalExceptionMiddleware.cs:line 27
ClientConnectionId:32a45417-e162-400b-a8e4-25ee6e629d83
Error Number:208,State:1,Class:16
[23:42:33 INF] HTTP GET /health responded 200 in 4.9552 ms
[23:42:42 INF] HTTP OPTIONS /api/sales-orders responded 204 in 0.0212 ms
[23:42:42 INF] HTTP GET /api/sales-orders responded 401 in 0.6087 ms
[23:42:42 INF] HTTP OPTIONS /api/auth/refresh responded 204 in 0.0464 ms
[23:42:42 INF] Executed DbCommand (8ms) [Parameters=[@__hash_0='?' (Size = 128)], CommandType='Text', CommandTimeout='30']
SELECT TOP(2) [u].[Id], [u].[Browser], [u].[Device], [u].[IpAddress], [u].[LastActivityAtUtc], [u].[LoginAtUtc], [u].[RefreshTokenExpiresAtUtc], [u].[RefreshTokenHash], [u].[ReplacedByTokenHash], [u].[RevokedAtUtc], [u].[UserId], [i].[Id], [i].[AccessFailedCount], [i].[ConcurrencyStamp], [i].[CreatedAtUtc], [i].[CreatedBy], [i].[DisplayName], [i].[Email], [i].[EmailConfirmed], [i].[IsActive], [i].[JobTitle], [i].[LastLoginAtUtc], [i].[LockoutEnabled], [i].[LockoutEnd], [i].[ModifiedAtUtc], [i].[ModifiedBy], [i].[MustChangePassword], [i].[NormalizedEmail], [i].[NormalizedUserName], [i].[PasswordHash], [i].[PhoneNumber], [i].[PhoneNumberConfirmed], [i].[SecurityStamp], [i].[TwoFactorEnabled], [i].[UserName]
FROM [auth].[UserSessions] AS [u]
INNER JOIN [auth].[IdentityUsers] AS [i] ON [u].[UserId] = [i].[Id]
WHERE [u].[RefreshTokenHash] = @__hash_0
[23:42:42 INF] Executed DbCommand (7ms) [Parameters=[@__userId_0='?' (DbType = Guid)], CommandType='Text', CommandTimeout='30']
SELECT [i0].[Name]
FROM [auth].[IdentityUserRoles] AS [i]
INNER JOIN [auth].[IdentityRoles] AS [i0] ON [i].[RoleId] = [i0].[Id]
WHERE [i].[UserId] = @__userId_0
[23:42:42 INF] Executed DbCommand (22ms) [Parameters=[@__roleNames_0='?' (Size = 4000)], CommandType='Text', CommandTimeout='30']
SELECT DISTINCT [p].[Name]
FROM [auth].[RolePermissions] AS [r]
INNER JOIN [auth].[IdentityRoles] AS [i] ON [r].[RoleId] = [i].[Id]
INNER JOIN [auth].[Permissions] AS [p] ON [r].[PermissionId] = [p].[Id]
WHERE [i].[Name] IN (
    SELECT [r0].[value]
    FROM OPENJSON(@__roleNames_0) WITH ([value] nvarchar(256) '$') AS [r0]
)
[23:42:42 INF] Executed DbCommand (3ms) [Parameters=[@p2='?' (DbType = Guid), @p0='?' (Size = 4000), @p1='?' (DbType = DateTimeOffset), @p3='?' (DbType = Guid), @p4='?' (Size = 4000), @p5='?' (Size = 4000), @p6='?' (Size = 4000), @p7='?' (DbType = DateTimeOffset), @p8='?' (DbType = DateTimeOffset), @p9='?' (DbType = DateTimeOffset), @p10='?' (Size = 128), @p11='?' (Size = 4000), @p12='?' (DbType = DateTimeOffset), @p13='?' (DbType = Guid)], CommandType='Text', CommandTimeout='30']
SET NOCOUNT ON;
UPDATE [auth].[UserSessions] SET [ReplacedByTokenHash] = @p0, [RevokedAtUtc] = @p1
OUTPUT 1
WHERE [Id] = @p2;
INSERT INTO [auth].[UserSessions] ([Id], [Browser], [Device], [IpAddress], [LastActivityAtUtc], [LoginAtUtc], [RefreshTokenExpiresAtUtc], [RefreshTokenHash], [ReplacedByTokenHash], [RevokedAtUtc], [UserId])
VALUES (@p3, @p4, @p5, @p6, @p7, @p8, @p9, @p10, @p11, @p12, @p13);
[23:42:42 INF] HTTP POST /api/auth/refresh responded 200 in 59.4649 ms
[23:42:42 ERR] Failed executing DbCommand (1ms) [Parameters=[], CommandType='Text', CommandTimeout='30']
SELECT COUNT(*)
FROM [sales].[SalesOrders] AS [s]
[23:42:42 ERR] An exception occurred while iterating over the results of a query for context type 'CoilManager.Persistence.ApplicationDbContext'.
Microsoft.Data.SqlClient.SqlException (0x80131904): Invalid object name 'sales.SalesOrders'.
   at System.Threading.Tasks.ContinuationResultTaskFromResultTask`2.InnerInvoke()
   at System.Threading.ExecutionContext.RunInternal(ExecutionContext executionContext, ContextCallback callback, Object state)
--- End of stack trace from previous location ---
   at System.Threading.ExecutionContext.RunInternal(ExecutionContext executionContext, ContextCallback callback, Object state)
   at System.Threading.Tasks.Task.ExecuteWithThreadLocal(Task& currentTaskSlot, Thread threadPoolThread)
--- End of stack trace from previous location ---
   at Microsoft.EntityFrameworkCore.Storage.RelationalCommand.ExecuteReaderAsync(RelationalCommandParameterObject parameterObject, CancellationToken cancellationToken)
   at Microsoft.EntityFrameworkCore.Storage.RelationalCommand.ExecuteReaderAsync(RelationalCommandParameterObject parameterObject, CancellationToken cancellationToken)
   at Microsoft.EntityFrameworkCore.Query.Internal.SingleQueryingEnumerable`1.AsyncEnumerator.InitializeReaderAsync(AsyncEnumerator enumerator, CancellationToken cancellationToken)
   at Microsoft.EntityFrameworkCore.SqlServer.Storage.Internal.SqlServerExecutionStrategy.ExecuteAsync[TState,TResult](TState state, Func`4 operation, Func`4 verifySucceeded, CancellationToken cancellationToken)
   at Microsoft.EntityFrameworkCore.Query.Internal.SingleQueryingEnumerable`1.AsyncEnumerator.MoveNextAsync()
ClientConnectionId:32a45417-e162-400b-a8e4-25ee6e629d83
Error Number:208,State:1,Class:16
Microsoft.Data.SqlClient.SqlException (0x80131904): Invalid object name 'sales.SalesOrders'.
   at System.Threading.Tasks.ContinuationResultTaskFromResultTask`2.InnerInvoke()
   at System.Threading.ExecutionContext.RunInternal(ExecutionContext executionContext, ContextCallback callback, Object state)
--- End of stack trace from previous location ---
   at System.Threading.ExecutionContext.RunInternal(ExecutionContext executionContext, ContextCallback callback, Object state)
   at System.Threading.Tasks.Task.ExecuteWithThreadLocal(Task& currentTaskSlot, Thread threadPoolThread)
--- End of stack trace from previous location ---
   at Microsoft.EntityFrameworkCore.Storage.RelationalCommand.ExecuteReaderAsync(RelationalCommandParameterObject parameterObject, CancellationToken cancellationToken)
   at Microsoft.EntityFrameworkCore.Storage.RelationalCommand.ExecuteReaderAsync(RelationalCommandParameterObject parameterObject, CancellationToken cancellationToken)
   at Microsoft.EntityFrameworkCore.Query.Internal.SingleQueryingEnumerable`1.AsyncEnumerator.InitializeReaderAsync(AsyncEnumerator enumerator, CancellationToken cancellationToken)
   at Microsoft.EntityFrameworkCore.SqlServer.Storage.Internal.SqlServerExecutionStrategy.ExecuteAsync[TState,TResult](TState state, Func`4 operation, Func`4 verifySucceeded, CancellationToken cancellationToken)
   at Microsoft.EntityFrameworkCore.Query.Internal.SingleQueryingEnumerable`1.AsyncEnumerator.MoveNextAsync()
ClientConnectionId:32a45417-e162-400b-a8e4-25ee6e629d83
Error Number:208,State:1,Class:16
[23:42:42 ERR] HTTP GET /api/sales-orders responded 500 in 5.2864 ms
Microsoft.Data.SqlClient.SqlException (0x80131904): Invalid object name 'sales.SalesOrders'.
   at System.Threading.Tasks.ContinuationResultTaskFromResultTask`2.InnerInvoke()
   at System.Threading.ExecutionContext.RunInternal(ExecutionContext executionContext, ContextCallback callback, Object state)
--- End of stack trace from previous location ---
   at System.Threading.ExecutionContext.RunInternal(ExecutionContext executionContext, ContextCallback callback, Object state)
   at System.Threading.Tasks.Task.ExecuteWithThreadLocal(Task& currentTaskSlot, Thread threadPoolThread)
--- End of stack trace from previous location ---
   at Microsoft.EntityFrameworkCore.Storage.RelationalCommand.ExecuteReaderAsync(RelationalCommandParameterObject parameterObject, CancellationToken cancellationToken)
   at Microsoft.EntityFrameworkCore.Storage.RelationalCommand.ExecuteReaderAsync(RelationalCommandParameterObject parameterObject, CancellationToken cancellationToken)
   at Microsoft.EntityFrameworkCore.Query.Internal.SingleQueryingEnumerable`1.AsyncEnumerator.InitializeReaderAsync(AsyncEnumerator enumerator, CancellationToken cancellationToken)
   at Microsoft.EntityFrameworkCore.SqlServer.Storage.Internal.SqlServerExecutionStrategy.ExecuteAsync[TState,TResult](TState state, Func`4 operation, Func`4 verifySucceeded, CancellationToken cancellationToken)
   at Microsoft.EntityFrameworkCore.Query.Internal.SingleQueryingEnumerable`1.AsyncEnumerator.MoveNextAsync()
   at Microsoft.EntityFrameworkCore.Query.ShapedQueryCompilingExpressionVisitor.SingleAsync[TSource](IAsyncEnumerable`1 asyncEnumerable, CancellationToken cancellationToken)
   at Microsoft.EntityFrameworkCore.Query.ShapedQueryCompilingExpressionVisitor.SingleAsync[TSource](IAsyncEnumerable`1 asyncEnumerable, CancellationToken cancellationToken)
   at CoilManager.API.Controllers.SalesOrdersController.List(String search, Nullable`1 customerId, Nullable`1 status, Nullable`1 priority, Nullable`1 orderDateFrom, Nullable`1 orderDateTo, Nullable`1 deliveryDateFrom, Nullable`1 deliveryDateTo, Nullable`1 productType, Int32 page, Int32 pageSize, CancellationToken ct) in C:\VISHAL\Codes\CoilManager\src\CoilManager.API\Controllers\SalesOrdersController.cs:line 18
   at lambda_method30(Closure, Object)
   at Microsoft.AspNetCore.Mvc.Infrastructure.ActionMethodExecutor.AwaitableObjectResultExecutor.Execute(ActionContext actionContext, IActionResultTypeMapper mapper, ObjectMethodExecutor executor, Object controller, Object[] arguments)
   at Microsoft.AspNetCore.Mvc.Infrastructure.ControllerActionInvoker.<InvokeActionMethodAsync>g__Awaited|12_0(ControllerActionInvoker invoker, ValueTask`1 actionResultValueTask)
   at Microsoft.AspNetCore.Mvc.Infrastructure.ControllerActionInvoker.<InvokeNextActionFilterAsync>g__Awaited|10_0(ControllerActionInvoker invoker, Task lastTask, State next, Scope scope, Object state, Boolean isCompleted)
   at Microsoft.AspNetCore.Mvc.Infrastructure.ControllerActionInvoker.Rethrow(ActionExecutedContextSealed context)
   at Microsoft.AspNetCore.Mvc.Infrastructure.ControllerActionInvoker.Next(State& next, Scope& scope, Object& state, Boolean& isCompleted)
   at Microsoft.AspNetCore.Mvc.Infrastructure.ControllerActionInvoker.<InvokeInnerFilterAsync>g__Awaited|13_0(ControllerActionInvoker invoker, Task lastTask, State next, Scope scope, Object state, Boolean isCompleted)
   at Microsoft.AspNetCore.Mvc.Infrastructure.ResourceInvoker.<InvokeFilterPipelineAsync>g__Awaited|20_0(ResourceInvoker invoker, Task lastTask, State next, Scope scope, Object state, Boolean isCompleted)
   at Microsoft.AspNetCore.Mvc.Infrastructure.ResourceInvoker.<InvokeAsync>g__Awaited|17_0(ResourceInvoker invoker, Task task, IDisposable scope)
   at Microsoft.AspNetCore.Mvc.Infrastructure.ResourceInvoker.<InvokeAsync>g__Awaited|17_0(ResourceInvoker invoker, Task task, IDisposable scope)
   at Microsoft.AspNetCore.Authorization.AuthorizationMiddleware.Invoke(HttpContext context)
   at Microsoft.AspNetCore.Authentication.AuthenticationMiddleware.Invoke(HttpContext context)
   at Serilog.AspNetCore.RequestLoggingMiddleware.Invoke(HttpContext httpContext)
ClientConnectionId:32a45417-e162-400b-a8e4-25ee6e629d83
Error Number:208,State:1,Class:16
[23:42:42 ERR] Exception while processing GET /api/sales-orders.
Microsoft.Data.SqlClient.SqlException (0x80131904): Invalid object name 'sales.SalesOrders'.
   at System.Threading.Tasks.ContinuationResultTaskFromResultTask`2.InnerInvoke()
   at System.Threading.ExecutionContext.RunInternal(ExecutionContext executionContext, ContextCallback callback, Object state)
--- End of stack trace from previous location ---
   at System.Threading.ExecutionContext.RunInternal(ExecutionContext executionContext, ContextCallback callback, Object state)
   at System.Threading.Tasks.Task.ExecuteWithThreadLocal(Task& currentTaskSlot, Thread threadPoolThread)
--- End of stack trace from previous location ---
   at Microsoft.EntityFrameworkCore.Storage.RelationalCommand.ExecuteReaderAsync(RelationalCommandParameterObject parameterObject, CancellationToken cancellationToken)
   at Microsoft.EntityFrameworkCore.Storage.RelationalCommand.ExecuteReaderAsync(RelationalCommandParameterObject parameterObject, CancellationToken cancellationToken)
   at Microsoft.EntityFrameworkCore.Query.Internal.SingleQueryingEnumerable`1.AsyncEnumerator.InitializeReaderAsync(AsyncEnumerator enumerator, CancellationToken cancellationToken)
   at Microsoft.EntityFrameworkCore.SqlServer.Storage.Internal.SqlServerExecutionStrategy.ExecuteAsync[TState,TResult](TState state, Func`4 operation, Func`4 verifySucceeded, CancellationToken cancellationToken)
   at Microsoft.EntityFrameworkCore.Query.Internal.SingleQueryingEnumerable`1.AsyncEnumerator.MoveNextAsync()
   at Microsoft.EntityFrameworkCore.Query.ShapedQueryCompilingExpressionVisitor.SingleAsync[TSource](IAsyncEnumerable`1 asyncEnumerable, CancellationToken cancellationToken)
   at Microsoft.EntityFrameworkCore.Query.ShapedQueryCompilingExpressionVisitor.SingleAsync[TSource](IAsyncEnumerable`1 asyncEnumerable, CancellationToken cancellationToken)
   at CoilManager.API.Controllers.SalesOrdersController.List(String search, Nullable`1 customerId, Nullable`1 status, Nullable`1 priority, Nullable`1 orderDateFrom, Nullable`1 orderDateTo, Nullable`1 deliveryDateFrom, Nullable`1 deliveryDateTo, Nullable`1 productType, Int32 page, Int32 pageSize, CancellationToken ct) in C:\VISHAL\Codes\CoilManager\src\CoilManager.API\Controllers\SalesOrdersController.cs:line 18
   at lambda_method30(Closure, Object)
   at Microsoft.AspNetCore.Mvc.Infrastructure.ActionMethodExecutor.AwaitableObjectResultExecutor.Execute(ActionContext actionContext, IActionResultTypeMapper mapper, ObjectMethodExecutor executor, Object controller, Object[] arguments)
   at Microsoft.AspNetCore.Mvc.Infrastructure.ControllerActionInvoker.<InvokeActionMethodAsync>g__Awaited|12_0(ControllerActionInvoker invoker, ValueTask`1 actionResultValueTask)
   at Microsoft.AspNetCore.Mvc.Infrastructure.ControllerActionInvoker.<InvokeNextActionFilterAsync>g__Awaited|10_0(ControllerActionInvoker invoker, Task lastTask, State next, Scope scope, Object state, Boolean isCompleted)
   at Microsoft.AspNetCore.Mvc.Infrastructure.ControllerActionInvoker.Rethrow(ActionExecutedContextSealed context)
   at Microsoft.AspNetCore.Mvc.Infrastructure.ControllerActionInvoker.Next(State& next, Scope& scope, Object& state, Boolean& isCompleted)
   at Microsoft.AspNetCore.Mvc.Infrastructure.ControllerActionInvoker.<InvokeInnerFilterAsync>g__Awaited|13_0(ControllerActionInvoker invoker, Task lastTask, State next, Scope scope, Object state, Boolean isCompleted)
   at Microsoft.AspNetCore.Mvc.Infrastructure.ResourceInvoker.<InvokeFilterPipelineAsync>g__Awaited|20_0(ResourceInvoker invoker, Task lastTask, State next, Scope scope, Object state, Boolean isCompleted)
   at Microsoft.AspNetCore.Mvc.Infrastructure.ResourceInvoker.<InvokeAsync>g__Awaited|17_0(ResourceInvoker invoker, Task task, IDisposable scope)
   at Microsoft.AspNetCore.Mvc.Infrastructure.ResourceInvoker.<InvokeAsync>g__Awaited|17_0(ResourceInvoker invoker, Task task, IDisposable scope)
   at Microsoft.AspNetCore.Authorization.AuthorizationMiddleware.Invoke(HttpContext context)
   at Microsoft.AspNetCore.Authentication.AuthenticationMiddleware.Invoke(HttpContext context)
   at Serilog.AspNetCore.RequestLoggingMiddleware.Invoke(HttpContext httpContext)
   at Swashbuckle.AspNetCore.SwaggerUI.SwaggerUIMiddleware.Invoke(HttpContext httpContext)
   at Swashbuckle.AspNetCore.Swagger.SwaggerMiddleware.Invoke(HttpContext httpContext, ISwaggerProvider swaggerProvider)
   at CoilManager.API.Middleware.GlobalExceptionMiddleware.InvokeAsync(HttpContext context) in C:\VISHAL\Codes\CoilManager\src\CoilManager.API\Middleware\GlobalExceptionMiddleware.cs:line 27
ClientConnectionId:32a45417-e162-400b-a8e4-25ee6e629d83
Error Number:208,State:1,Class:16
[23:43:01 INF] HTTP OPTIONS /api/auth/login responded 204 in 0.0374 ms
[23:43:01 INF] Executed DbCommand (3ms) [Parameters=[@__normalizedEmail_0='?' (Size = 256)], CommandType='Text', CommandTimeout='30']
SELECT TOP(2) [i].[Id], [i].[AccessFailedCount], [i].[ConcurrencyStamp], [i].[CreatedAtUtc], [i].[CreatedBy], [i].[DisplayName], [i].[Email], [i].[EmailConfirmed], [i].[IsActive], [i].[JobTitle], [i].[LastLoginAtUtc], [i].[LockoutEnabled], [i].[LockoutEnd], [i].[ModifiedAtUtc], [i].[ModifiedBy], [i].[MustChangePassword], [i].[NormalizedEmail], [i].[NormalizedUserName], [i].[PasswordHash], [i].[PhoneNumber], [i].[PhoneNumberConfirmed], [i].[SecurityStamp], [i].[TwoFactorEnabled], [i].[UserName]
FROM [auth].[IdentityUsers] AS [i]
WHERE [i].[NormalizedEmail] = @__normalizedEmail_0
[23:43:01 INF] Executed DbCommand (0ms) [Parameters=[@__userId_0='?' (DbType = Guid)], CommandType='Text', CommandTimeout='30']
SELECT [i0].[Name]
FROM [auth].[IdentityUserRoles] AS [i]
INNER JOIN [auth].[IdentityRoles] AS [i0] ON [i].[RoleId] = [i0].[Id]
WHERE [i].[UserId] = @__userId_0
[23:43:01 INF] Executed DbCommand (1ms) [Parameters=[@__roleNames_0='?' (Size = 4000)], CommandType='Text', CommandTimeout='30']
SELECT DISTINCT [p].[Name]
FROM [auth].[RolePermissions] AS [r]
INNER JOIN [auth].[IdentityRoles] AS [i] ON [r].[RoleId] = [i].[Id]
INNER JOIN [auth].[Permissions] AS [p] ON [r].[PermissionId] = [p].[Id]
WHERE [i].[Name] IN (
    SELECT [r0].[value]
    FROM OPENJSON(@__roleNames_0) WITH ([value] nvarchar(256) '$') AS [r0]
)
[23:43:01 INF] Executed DbCommand (7ms) [Parameters=[@p0='?' (DbType = Guid), @p1='?' (Size = 4000), @p2='?' (Size = 4000), @p3='?' (Size = 4000), @p4='?' (Size = 4000), @p5='?' (Size = 4000), @p6='?' (Size = 4000), @p7='?' (DbType = DateTimeOffset), @p8='?' (Size = 4000), @p9='?' (DbType = Guid), @p11='?' (DbType = Guid), @p12='?' (Size = 4000), @p10='?' (DbType = DateTimeOffset), @p13='?' (DbType = Guid), @p14='?' (Size = 4000), @p15='?' (Size = 4000), @p16='?' (Size = 4000), @p17='?' (DbType = DateTimeOffset), @p18='?' (DbType = DateTimeOffset), @p19='?' (DbType = DateTimeOffset), @p20='?' (Size = 128), @p21='?' (Size = 4000), @p22='?' (DbType = DateTimeOffset), @p23='?' (DbType = Guid)], CommandType='Text', CommandTimeout='30']
SET NOCOUNT ON;
INSERT INTO [audit].[AuditLogs] ([Id], [Action], [Category], [CorrelationId], [Details], [IpAddress], [Outcome], [TimestampUtc], [UserEmail], [UserId])
VALUES (@p0, @p1, @p2, @p3, @p4, @p5, @p6, @p7, @p8, @p9);
UPDATE [auth].[IdentityUsers] SET [LastLoginAtUtc] = @p10
OUTPUT 1
WHERE [Id] = @p11 AND [ConcurrencyStamp] = @p12;
INSERT INTO [auth].[UserSessions] ([Id], [Browser], [Device], [IpAddress], [LastActivityAtUtc], [LoginAtUtc], [RefreshTokenExpiresAtUtc], [RefreshTokenHash], [ReplacedByTokenHash], [RevokedAtUtc], [UserId])
VALUES (@p13, @p14, @p15, @p16, @p17, @p18, @p19, @p20, @p21, @p22, @p23);
[23:43:01 INF] HTTP POST /api/auth/login responded 200 in 161.9476 ms
[23:43:01 INF] HTTP OPTIONS /api/dashboard/operations responded 204 in 0.0477 ms
[23:43:01 INF] Executed DbCommand (10ms) [Parameters=[], CommandType='Text', CommandTimeout='30']
SELECT [r].[Id], [r].[BISLicNumber], [r].[Category], [r].[CoilNumber], [r].[CoreLossPerKg], [r].[CreatedAtUtc], [r].[CreatedBy], [r].[DeletedAtUtc], [r].[DeletedBy], [r].[GradeId], [r].[HeatNumber], [r].[InvoiceNo], [r].[IsDeleted], [r].[Length], [r].[ManufacturerId], [r].[MillTCNo], [r].[PONumber], [r].[RawCoilNumber], [r].[ReceivedDate], [r].[RowVersion], [r].[Status], [r].[SupplierId], [r].[Thickness], [r].[ThicknessMm], [r].[UpdatedAtUtc], [r].[UpdatedBy], [r].[WarehouseLocation], [r].[WattLossPerKg], [r].[Weight], [r].[Width], [s].[Id], [s].[Address], [s].[Code], [s].[ContactNo], [s].[CreatedAtUtc], [s].[CreatedBy], [s].[Description], [s].[Email], [s].[GST], [s].[IsActive], [s].[Name], [s].[RowVersion], [s].[UpdatedAtUtc], [s].[UpdatedBy], [m].[Id], [m].[Code], [m].[Country], [m].[CreatedAtUtc], [m].[CreatedBy], [m].[Description], [m].[IsActive], [m].[Name], [m].[RowVersion], [m].[UpdatedAtUtc], [m].[UpdatedBy], [g].[Id], [g].[Category], [g].[Code], [g].[CoreLossPerKg], [g].[CreatedAtUtc], [g].[CreatedBy], [g].[Description], [g].[IsActive], [g].[Name], [g].[RowVersion], [g].[ThicknessMm], [g].[UpdatedAtUtc], [g].[UpdatedBy]
FROM [app].[RawCoils] AS [r]
INNER JOIN [app].[Suppliers] AS [s] ON [r].[SupplierId] = [s].[Id]
INNER JOIN [app].[Manufacturers] AS [m] ON [r].[ManufacturerId] = [m].[Id]
INNER JOIN [app].[Grades] AS [g] ON [r].[GradeId] = [g].[Id]
WHERE [r].[IsDeleted] = CAST(0 AS bit)
[23:43:01 INF] Executed DbCommand (14ms) [Parameters=[], CommandType='Text', CommandTimeout='30']
SELECT [s].[Id], [s].[CancelledBy], [s].[CancelledOn], [s].[CompletedBy], [s].[CompletedOn], [s].[CreatedAtUtc], [s].[CreatedBy], [s].[KnifeThickness], [s].[LeftEdgeTrim], [s].[MachineId], [s].[MotherCoilId], [s].[PlannerId], [s].[PlanningDate], [s].[ProductionType], [s].[ReleasedBy], [s].[ReleasedOn], [s].[Remarks], [s].[RightEdgeTrim], [s].[RowVersion], [s].[Shift], [s].[SlittingJobNo], [s].[StartedBy], [s].[StartedOn], [s].[Status], [s].[UpdatedAtUtc], [s].[UpdatedBy], [s].[WorkOrderId], [s].[WorkOrderNumber], [s].[WorkOrderOperationId], [t].[Id], [t].[BISLicNumber], [t].[Category], [t].[CoilNumber], [t].[CoreLossPerKg], [t].[CreatedAtUtc], [t].[CreatedBy], [t].[DeletedAtUtc], [t].[DeletedBy], [t].[GradeId], [t].[HeatNumber], [t].[InvoiceNo], [t].[IsDeleted], [t].[Length], [t].[ManufacturerId], [t].[MillTCNo], [t].[PONumber], [t].[RawCoilNumber], [t].[ReceivedDate], [t].[RowVersion], [t].[Status], [t].[SupplierId], [t].[Thickness], [t].[ThicknessMm], [t].[UpdatedAtUtc], [t].[UpdatedBy], [t].[WarehouseLocation], [t].[WattLossPerKg], [t].[Weight], [t].[Width], [s0].[Id], [s0].[Address], [s0].[Code], [s0].[ContactNo], [s0].[CreatedAtUtc], [s0].[CreatedBy], [s0].[Description], [s0].[Email], [s0].[GST], [s0].[IsActive], [s0].[Name], [s0].[RowVersion], [s0].[UpdatedAtUtc], [s0].[UpdatedBy], [m].[Id], [m].[Code], [m].[Country], [m].[CreatedAtUtc], [m].[CreatedBy], [m].[Description], [m].[IsActive], [m].[Name], [m].[RowVersion], [m].[UpdatedAtUtc], [m].[UpdatedBy], [g].[Id], [g].[Category], [g].[Code], [g].[CoreLossPerKg], [g].[CreatedAtUtc], [g].[CreatedBy], [g].[Description], [g].[IsActive], [g].[Name], [g].[RowVersion], [g].[ThicknessMm], [g].[UpdatedAtUtc], [g].[UpdatedBy], [s1].[Id], [s1].[ActualWeight], [s1].[ActualWidth], [s1].[EstimatedWeight], [s1].[Remarks], [s1].[SequenceNo], [s1].[SlitCoilId], [s1].[SlittingJobId], [s1].[Status], [s1].[Width]
FROM [app].[SlittingJobs] AS [s]
INNER JOIN (
    SELECT [r].[Id], [r].[BISLicNumber], [r].[Category], [r].[CoilNumber], [r].[CoreLossPerKg], [r].[CreatedAtUtc], [r].[CreatedBy], [r].[DeletedAtUtc], [r].[DeletedBy], [r].[GradeId], [r].[HeatNumber], [r].[InvoiceNo], [r].[IsDeleted], [r].[Length], [r].[ManufacturerId], [r].[MillTCNo], [r].[PONumber], [r].[RawCoilNumber], [r].[ReceivedDate], [r].[RowVersion], [r].[Status], [r].[SupplierId], [r].[Thickness], [r].[ThicknessMm], [r].[UpdatedAtUtc], [r].[UpdatedBy], [r].[WarehouseLocation], [r].[WattLossPerKg], [r].[Weight], [r].[Width]
    FROM [app].[RawCoils] AS [r]
    WHERE [r].[IsDeleted] = CAST(0 AS bit)
) AS [t] ON [s].[MotherCoilId] = [t].[Id]
INNER JOIN [app].[Suppliers] AS [s0] ON [t].[SupplierId] = [s0].[Id]
INNER JOIN [app].[Manufacturers] AS [m] ON [t].[ManufacturerId] = [m].[Id]
INNER JOIN [app].[Grades] AS [g] ON [t].[GradeId] = [g].[Id]
LEFT JOIN [app].[SlittingJobItems] AS [s1] ON [s].[Id] = [s1].[SlittingJobId]
ORDER BY [s].[Id], [t].[Id], [s0].[Id], [m].[Id], [g].[Id]
[23:43:01 INF] Executed DbCommand (15ms) [Parameters=[], CommandType='Text', CommandTimeout='30']
SELECT [s].[Id], [s].[BarcodeValue], [s].[Category], [s].[CoilNumber], [s].[CoreLossPerKg], [s].[CreatedAtUtc], [s].[CreatedBy], [s].[DeletedAtUtc], [s].[DeletedBy], [s].[GenerationLevel], [s].[GradeId], [s].[HeatNumber], [s].[IsDeleted], [s].[LabelLastPrintedBy], [s].[LabelLastPrintedOn], [s].[LabelPrintCount], [s].[LabelPrinted], [s].[LabelVersion], [s].[ManufacturerId], [s].[MotherCoilId], [s].[ParentCoilId], [s].[QrCodeValue], [s].[RootMotherCoilId], [s].[RowVersion], [s].[SlitSequence], [s].[SlittingJobId], [s].[Status], [s].[SupplierId], [s].[Thickness], [s].[UpdatedAtUtc], [s].[UpdatedBy], [s].[WarehouseLocation], [s].[Weight], [s].[Width], [t].[Id], [t].[BISLicNumber], [t].[Category], [t].[CoilNumber], [t].[CoreLossPerKg], [t].[CreatedAtUtc], [t].[CreatedBy], [t].[DeletedAtUtc], [t].[DeletedBy], [t].[GradeId], [t].[HeatNumber], [t].[InvoiceNo], [t].[IsDeleted], [t].[Length], [t].[ManufacturerId], [t].[MillTCNo], [t].[PONumber], [t].[RawCoilNumber], [t].[ReceivedDate], [t].[RowVersion], [t].[Status], [t].[SupplierId], [t].[Thickness], [t].[ThicknessMm], [t].[UpdatedAtUtc], [t].[UpdatedBy], [t].[WarehouseLocation], [t].[WattLossPerKg], [t].[Weight], [t].[Width], [s0].[Id], [s0].[Address], [s0].[Code], [s0].[ContactNo], [s0].[CreatedAtUtc], [s0].[CreatedBy], [s0].[Description], [s0].[Email], [s0].[GST], [s0].[IsActive], [s0].[Name], [s0].[RowVersion], [s0].[UpdatedAtUtc], [s0].[UpdatedBy], [m].[Id], [m].[Code], [m].[Country], [m].[CreatedAtUtc], [m].[CreatedBy], [m].[Description], [m].[IsActive], [m].[Name], [m].[RowVersion], [m].[UpdatedAtUtc], [m].[UpdatedBy], [s1].[Id], [s1].[CancelledBy], [s1].[CancelledOn], [s1].[CompletedBy], [s1].[CompletedOn], [s1].[CreatedAtUtc], [s1].[CreatedBy], [s1].[KnifeThickness], [s1].[LeftEdgeTrim], [s1].[MachineId], [s1].[MotherCoilId], [s1].[PlannerId], [s1].[PlanningDate], [s1].[ProductionType], [s1].[ReleasedBy], [s1].[ReleasedOn], [s1].[Remarks], [s1].[RightEdgeTrim], [s1].[RowVersion], [s1].[Shift], [s1].[SlittingJobNo], [s1].[StartedBy], [s1].[StartedOn], [s1].[Status], [s1].[UpdatedAtUtc], [s1].[UpdatedBy], [s1].[WorkOrderId], [s1].[WorkOrderNumber], [s1].[WorkOrderOperationId], [g].[Id], [g].[Category], [g].[Code], [g].[CoreLossPerKg], [g].[CreatedAtUtc], [g].[CreatedBy], [g].[Description], [g].[IsActive], [g].[Name], [g].[RowVersion], [g].[ThicknessMm], [g].[UpdatedAtUtc], [g].[UpdatedBy], [s2].[Id], [s2].[Address], [s2].[Code], [s2].[ContactNo], [s2].[CreatedAtUtc], [s2].[CreatedBy], [s2].[Description], [s2].[Email], [s2].[GST], [s2].[IsActive], [s2].[Name], [s2].[RowVersion], [s2].[UpdatedAtUtc], [s2].[UpdatedBy], [m0].[Id], [m0].[Code], [m0].[Country], [m0].[CreatedAtUtc], [m0].[CreatedBy], [m0].[Description], [m0].[IsActive], [m0].[Name], [m0].[RowVersion], [m0].[UpdatedAtUtc], [m0].[UpdatedBy]
FROM [app].[SlitCoils] AS [s]
INNER JOIN (
    SELECT [r].[Id], [r].[BISLicNumber], [r].[Category], [r].[CoilNumber], [r].[CoreLossPerKg], [r].[CreatedAtUtc], [r].[CreatedBy], [r].[DeletedAtUtc], [r].[DeletedBy], [r].[GradeId], [r].[HeatNumber], [r].[InvoiceNo], [r].[IsDeleted], [r].[Length], [r].[ManufacturerId], [r].[MillTCNo], [r].[PONumber], [r].[RawCoilNumber], [r].[ReceivedDate], [r].[RowVersion], [r].[Status], [r].[SupplierId], [r].[Thickness], [r].[ThicknessMm], [r].[UpdatedAtUtc], [r].[UpdatedBy], [r].[WarehouseLocation], [r].[WattLossPerKg], [r].[Weight], [r].[Width]
    FROM [app].[RawCoils] AS [r]
    WHERE [r].[IsDeleted] = CAST(0 AS bit)
) AS [t] ON [s].[MotherCoilId] = [t].[Id]
INNER JOIN [app].[Suppliers] AS [s0] ON [t].[SupplierId] = [s0].[Id]
INNER JOIN [app].[Manufacturers] AS [m] ON [t].[ManufacturerId] = [m].[Id]
INNER JOIN [app].[SlittingJobs] AS [s1] ON [s].[SlittingJobId] = [s1].[Id]
INNER JOIN [app].[Grades] AS [g] ON [s].[GradeId] = [g].[Id]
INNER JOIN [app].[Suppliers] AS [s2] ON [s].[SupplierId] = [s2].[Id]
INNER JOIN [app].[Manufacturers] AS [m0] ON [s].[ManufacturerId] = [m0].[Id]
WHERE [s].[IsDeleted] = CAST(0 AS bit)
[23:43:01 INF] Executed DbCommand (2ms) [Parameters=[], CommandType='Text', CommandTimeout='30']
SELECT [s].[Id], [s].[CoilNumber], [s].[Copies], [s].[CreatedAtUtc], [s].[CreatedBy], [s].[LabelVersion], [s].[PrintType], [s].[PrintedBy], [s].[PrintedOn], [s].[PrinterName], [s].[Remarks], [s].[SlitCoilId], [s].[UpdatedAtUtc], [s].[UpdatedBy]
FROM [app].[SlitCoilLabelPrintHistories] AS [s]
[23:43:01 WRN] Compiling a query which loads related collections for more than one collection navigation, either via 'Include' or through projection, but no 'QuerySplittingBehavior' has been configured. By default, Entity Framework will use 'QuerySplittingBehavior.SingleQuery', which can potentially result in slow query performance. See https://go.microsoft.com/fwlink/?linkid=2134277 for more information. To identify the query that's triggering this warning call 'ConfigureWarnings(w => w.Throw(RelationalEventId.MultipleCollectionIncludeWarning))'.
[23:43:01 INF] Executed DbCommand (4ms) [Parameters=[], CommandType='Text', CommandTimeout='30']
SELECT [w].[Id], [w].[CancelledBy], [w].[CancelledOn], [w].[Category], [w].[ClosedBy], [w].[ClosedOn], [w].[CompletedBy], [w].[CompletedOn], [w].[CoreLossPerKg], [w].[CreatedAtUtc], [w].[CreatedBy], [w].[CustomerName], [w].[DrawingNumber], [w].[GradeId], [w].[Priority], [w].[ProductType], [w].[ReleasedBy], [w].[ReleasedOn], [w].[Remarks], [w].[RequiredDate], [w].[RequiredQuantity], [w].[RequiredWeight], [w].[RequiredWidth], [w].[RowVersion], [w].[SalesOrderReference], [w].[StartedBy], [w].[StartedOn], [w].[Status], [w].[Thickness], [w].[UpdatedAtUtc], [w].[UpdatedBy], [w].[WorkOrderDate], [w].[WorkOrderNumber], [w].[WorkOrderType], [g].[Id], [g].[Category], [g].[Code], [g].[CoreLossPerKg], [g].[CreatedAtUtc], [g].[CreatedBy], [g].[Description], [g].[IsActive], [g].[Name], [g].[RowVersion], [g].[ThicknessMm], [g].[UpdatedAtUtc], [g].[UpdatedBy], [w0].[Id], [w0].[CompletedOn], [w0].[IsRequired], [w0].[OperationType], [w0].[RelatedDocumentId], [w0].[RelatedDocumentNumber], [w0].[Remarks], [w0].[Sequence], [w0].[StartedOn], [w0].[Status], [w0].[WorkOrderId], [w1].[Id], [w1].[AllocatedWeight], [w1].[CoilNumber], [w1].[CoilType], [w1].[ConsumedWeight], [w1].[CreatedBy], [w1].[CreatedOn], [w1].[IssuedWeight], [w1].[MotherCoilId], [w1].[ReleasedBy], [w1].[ReleasedOn], [w1].[RemainingWeightAfterAllocation], [w1].[Remarks], [w1].[ReservedBy], [w1].[ReservedOn], [w1].[SlitCoilId], [w1].[Status], [w1].[WorkOrderId]
FROM [app].[WorkOrders] AS [w]
LEFT JOIN [app].[Grades] AS [g] ON [w].[GradeId] = [g].[Id]
LEFT JOIN [app].[WorkOrderOperations] AS [w0] ON [w].[Id] = [w0].[WorkOrderId]
LEFT JOIN [app].[WorkOrderMaterialAllocations] AS [w1] ON [w].[Id] = [w1].[WorkOrderId]
ORDER BY [w].[Id], [g].[Id], [w0].[Id]
[23:43:01 WRN] Compiling a query which loads related collections for more than one collection navigation, either via 'Include' or through projection, but no 'QuerySplittingBehavior' has been configured. By default, Entity Framework will use 'QuerySplittingBehavior.SingleQuery', which can potentially result in slow query performance. See https://go.microsoft.com/fwlink/?linkid=2134277 for more information. To identify the query that's triggering this warning call 'ConfigureWarnings(w => w.Throw(RelationalEventId.MultipleCollectionIncludeWarning))'.
[23:43:01 INF] Executed DbCommand (21ms) [Parameters=[], CommandType='Text', CommandTimeout='30']
SELECT [l].[Id], [l].[AllocatedBy], [l].[AllocatedOn], [l].[BottomPlateWeight], [l].[CancelledBy], [l].[CancelledOn], [l].[Category], [l].[CenterPlateWeight], [l].[CompletedBy], [l].[CompletedOn], [l].[CompletionRemarks], [l].[CoreLossPerKg], [l].[CreatedAtUtc], [l].[CreatedBy], [l].[Customer], [l].[CustomerCoreLossPerKg], [l].[DeletedAtUtc], [l].[DeletedBy], [l].[DesignType], [l].[DrawingAttachmentName], [l].[DrawingAttachmentPath], [l].[GradeId], [l].[IsDeleted], [l].[JobOrDrawingNumber], [l].[LaminationJobNumber], [l].[LeftSidePlateWeight], [l].[NoLoadLossWatts], [l].[NumberOfSteps], [l].[PlannedDate], [l].[PlannerName], [l].[Rating], [l].[ReleasedBy], [l].[ReleasedOn], [l].[Remarks], [l].[RequiredDate], [l].[RightSidePlateWeight], [l].[RowVersion], [l].[Shift], [l].[Status], [l].[StepLapOrientation], [l].[Thickness], [l].[TopPlateWeight], [l].[TotalAllocatedWeight], [l].[TotalConsumedWeight], [l].[TotalGoodPieces], [l].[TotalJobWeight], [l].[TotalPlannedPieces], [l].[TotalPlannedWeight], [l].[TotalRejectedPieces], [l].[TotalScrapWeight], [l].[TotalWeight], [l].[UpdatedAtUtc], [l].[UpdatedBy], [l].[WorkOrderId], [l].[WorkOrderNumber], [g].[Id], [g].[Category], [g].[Code], [g].[CoreLossPerKg], [g].[CreatedAtUtc], [g].[CreatedBy], [g].[Description], [g].[IsActive], [g].[Name], [g].[RowVersion], [g].[ThicknessMm], [g].[UpdatedAtUtc], [g].[UpdatedBy], [t0].[Id], [t0].[LaminationJobId], [t0].[PlannedWeight], [t0].[Remarks], [t0].[Sequence], [t0].[StackQuantity], [t0].[StepNumber], [t0].[Width], [t0].[Id0], [t0].[LaminationJobStepId], [t0].[Length], [t0].[PlannedWeight0], [t0].[PlateType], [t0].[Quantity], [t0].[Remarks0], [t0].[Width0], [t0].[Id00], [t0].[DimensionCode], [t0].[DimensionValue], [t0].[DisplayName], [t0].[LaminationJobPlateId], [t0].[Remarks00], [t0].[Sequence0], [t0].[Unit], [l3].[Id], [l3].[AllocatedWeight], [l3].[ConsumedWeight], [l3].[CreatedBy], [l3].[CreatedOn], [l3].[IssuedWeight], [l3].[LaminationJobId], [l3].[ReleasedBy], [l3].[ReleasedOn], [l3].[RemainingWeightAfterAllocation], [l3].[Remarks], [l3].[RequiredWidth], [l3].[ReservedBy], [l3].[ReservedOn], [l3].[SlitCoilId], [l3].[SlitCoilNumber], [l3].[Status]
FROM [app].[LaminationJobs] AS [l]
INNER JOIN [app].[Grades] AS [g] ON [l].[GradeId] = [g].[Id]
LEFT JOIN (
    SELECT [l0].[Id], [l0].[LaminationJobId], [l0].[PlannedWeight], [l0].[Remarks], [l0].[Sequence], [l0].[StackQuantity], [l0].[StepNumber], [l0].[Width], [t].[Id] AS [Id0], [t].[LaminationJobStepId], [t].[Length], [t].[PlannedWeight] AS [PlannedWeight0], [t].[PlateType], [t].[Quantity], [t].[Remarks] AS [Remarks0], [t].[Width] AS [Width0], [t].[Id0] AS [Id00], [t].[DimensionCode], [t].[DimensionValue], [t].[DisplayName], [t].[LaminationJobPlateId], [t].[Remarks0] AS [Remarks00], [t].[Sequence] AS [Sequence0], [t].[Unit]
    FROM [app].[LaminationJobSteps] AS [l0]
    LEFT JOIN (
        SELECT [l1].[Id], [l1].[LaminationJobStepId], [l1].[Length], [l1].[PlannedWeight], [l1].[PlateType], [l1].[Quantity], [l1].[Remarks], [l1].[Width], [l2].[Id] AS [Id0], [l2].[DimensionCode], [l2].[DimensionValue], [l2].[DisplayName], [l2].[LaminationJobPlateId], [l2].[Remarks] AS [Remarks0], [l2].[Sequence], [l2].[Unit]
        FROM [app].[LaminationJobPlates] AS [l1]
        LEFT JOIN [app].[LaminationPlateDimensions] AS [l2] ON [l1].[Id] = [l2].[LaminationJobPlateId]
    ) AS [t] ON [l0].[Id] = [t].[LaminationJobStepId]
) AS [t0] ON [l].[Id] = [t0].[LaminationJobId]
LEFT JOIN [app].[LaminationJobMaterialAllocations] AS [l3] ON [l].[Id] = [l3].[LaminationJobId]
WHERE [l].[IsDeleted] = CAST(0 AS bit)
ORDER BY [l].[Id], [g].[Id], [t0].[Id], [t0].[Id0], [t0].[Id00]
[23:43:02 INF] HTTP GET /api/dashboard/operations responded 200 in 535.2105 ms
[23:43:05 INF] HTTP OPTIONS /api/sales-orders responded 204 in 0.0204 ms
[23:43:05 ERR] Failed executing DbCommand (1ms) [Parameters=[], CommandType='Text', CommandTimeout='30']
SELECT COUNT(*)
FROM [sales].[SalesOrders] AS [s]
[23:43:05 ERR] An exception occurred while iterating over the results of a query for context type 'CoilManager.Persistence.ApplicationDbContext'.
Microsoft.Data.SqlClient.SqlException (0x80131904): Invalid object name 'sales.SalesOrders'.
   at System.Threading.Tasks.ContinuationResultTaskFromResultTask`2.InnerInvoke()
   at System.Threading.ExecutionContext.RunInternal(ExecutionContext executionContext, ContextCallback callback, Object state)
--- End of stack trace from previous location ---
   at System.Threading.ExecutionContext.RunInternal(ExecutionContext executionContext, ContextCallback callback, Object state)
   at System.Threading.Tasks.Task.ExecuteWithThreadLocal(Task& currentTaskSlot, Thread threadPoolThread)
--- End of stack trace from previous location ---
   at Microsoft.EntityFrameworkCore.Storage.RelationalCommand.ExecuteReaderAsync(RelationalCommandParameterObject parameterObject, CancellationToken cancellationToken)
   at Microsoft.EntityFrameworkCore.Storage.RelationalCommand.ExecuteReaderAsync(RelationalCommandParameterObject parameterObject, CancellationToken cancellationToken)
   at Microsoft.EntityFrameworkCore.Query.Internal.SingleQueryingEnumerable`1.AsyncEnumerator.InitializeReaderAsync(AsyncEnumerator enumerator, CancellationToken cancellationToken)
   at Microsoft.EntityFrameworkCore.SqlServer.Storage.Internal.SqlServerExecutionStrategy.ExecuteAsync[TState,TResult](TState state, Func`4 operation, Func`4 verifySucceeded, CancellationToken cancellationToken)
   at Microsoft.EntityFrameworkCore.Query.Internal.SingleQueryingEnumerable`1.AsyncEnumerator.MoveNextAsync()
ClientConnectionId:32a45417-e162-400b-a8e4-25ee6e629d83
Error Number:208,State:1,Class:16
Microsoft.Data.SqlClient.SqlException (0x80131904): Invalid object name 'sales.SalesOrders'.
   at System.Threading.Tasks.ContinuationResultTaskFromResultTask`2.InnerInvoke()
   at System.Threading.ExecutionContext.RunInternal(ExecutionContext executionContext, ContextCallback callback, Object state)
--- End of stack trace from previous location ---
   at System.Threading.ExecutionContext.RunInternal(ExecutionContext executionContext, ContextCallback callback, Object state)
   at System.Threading.Tasks.Task.ExecuteWithThreadLocal(Task& currentTaskSlot, Thread threadPoolThread)
--- End of stack trace from previous location ---
   at Microsoft.EntityFrameworkCore.Storage.RelationalCommand.ExecuteReaderAsync(RelationalCommandParameterObject parameterObject, CancellationToken cancellationToken)
   at Microsoft.EntityFrameworkCore.Storage.RelationalCommand.ExecuteReaderAsync(RelationalCommandParameterObject parameterObject, CancellationToken cancellationToken)
   at Microsoft.EntityFrameworkCore.Query.Internal.SingleQueryingEnumerable`1.AsyncEnumerator.InitializeReaderAsync(AsyncEnumerator enumerator, CancellationToken cancellationToken)
   at Microsoft.EntityFrameworkCore.SqlServer.Storage.Internal.SqlServerExecutionStrategy.ExecuteAsync[TState,TResult](TState state, Func`4 operation, Func`4 verifySucceeded, CancellationToken cancellationToken)
   at Microsoft.EntityFrameworkCore.Query.Internal.SingleQueryingEnumerable`1.AsyncEnumerator.MoveNextAsync()
ClientConnectionId:32a45417-e162-400b-a8e4-25ee6e629d83
Error Number:208,State:1,Class:16
[23:43:05 ERR] HTTP GET /api/sales-orders responded 500 in 7.2693 ms
Microsoft.Data.SqlClient.SqlException (0x80131904): Invalid object name 'sales.SalesOrders'.
   at System.Threading.Tasks.ContinuationResultTaskFromResultTask`2.InnerInvoke()
   at System.Threading.ExecutionContext.RunInternal(ExecutionContext executionContext, ContextCallback callback, Object state)
--- End of stack trace from previous location ---
   at System.Threading.ExecutionContext.RunInternal(ExecutionContext executionContext, ContextCallback callback, Object state)
   at System.Threading.Tasks.Task.ExecuteWithThreadLocal(Task& currentTaskSlot, Thread threadPoolThread)
--- End of stack trace from previous location ---
   at Microsoft.EntityFrameworkCore.Storage.RelationalCommand.ExecuteReaderAsync(RelationalCommandParameterObject parameterObject, CancellationToken cancellationToken)
   at Microsoft.EntityFrameworkCore.Storage.RelationalCommand.ExecuteReaderAsync(RelationalCommandParameterObject parameterObject, CancellationToken cancellationToken)
   at Microsoft.EntityFrameworkCore.Query.Internal.SingleQueryingEnumerable`1.AsyncEnumerator.InitializeReaderAsync(AsyncEnumerator enumerator, CancellationToken cancellationToken)
   at Microsoft.EntityFrameworkCore.SqlServer.Storage.Internal.SqlServerExecutionStrategy.ExecuteAsync[TState,TResult](TState state, Func`4 operation, Func`4 verifySucceeded, CancellationToken cancellationToken)
   at Microsoft.EntityFrameworkCore.Query.Internal.SingleQueryingEnumerable`1.AsyncEnumerator.MoveNextAsync()
   at Microsoft.EntityFrameworkCore.Query.ShapedQueryCompilingExpressionVisitor.SingleAsync[TSource](IAsyncEnumerable`1 asyncEnumerable, CancellationToken cancellationToken)
   at Microsoft.EntityFrameworkCore.Query.ShapedQueryCompilingExpressionVisitor.SingleAsync[TSource](IAsyncEnumerable`1 asyncEnumerable, CancellationToken cancellationToken)
   at CoilManager.API.Controllers.SalesOrdersController.List(String search, Nullable`1 customerId, Nullable`1 status, Nullable`1 priority, Nullable`1 orderDateFrom, Nullable`1 orderDateTo, Nullable`1 deliveryDateFrom, Nullable`1 deliveryDateTo, Nullable`1 productType, Int32 page, Int32 pageSize, CancellationToken ct) in C:\VISHAL\Codes\CoilManager\src\CoilManager.API\Controllers\SalesOrdersController.cs:line 18
   at lambda_method30(Closure, Object)
   at Microsoft.AspNetCore.Mvc.Infrastructure.ActionMethodExecutor.AwaitableObjectResultExecutor.Execute(ActionContext actionContext, IActionResultTypeMapper mapper, ObjectMethodExecutor executor, Object controller, Object[] arguments)
   at Microsoft.AspNetCore.Mvc.Infrastructure.ControllerActionInvoker.<InvokeActionMethodAsync>g__Awaited|12_0(ControllerActionInvoker invoker, ValueTask`1 actionResultValueTask)
   at Microsoft.AspNetCore.Mvc.Infrastructure.ControllerActionInvoker.<InvokeNextActionFilterAsync>g__Awaited|10_0(ControllerActionInvoker invoker, Task lastTask, State next, Scope scope, Object state, Boolean isCompleted)
   at Microsoft.AspNetCore.Mvc.Infrastructure.ControllerActionInvoker.Rethrow(ActionExecutedContextSealed context)
   at Microsoft.AspNetCore.Mvc.Infrastructure.ControllerActionInvoker.Next(State& next, Scope& scope, Object& state, Boolean& isCompleted)
   at Microsoft.AspNetCore.Mvc.Infrastructure.ControllerActionInvoker.<InvokeInnerFilterAsync>g__Awaited|13_0(ControllerActionInvoker invoker, Task lastTask, State next, Scope scope, Object state, Boolean isCompleted)
   at Microsoft.AspNetCore.Mvc.Infrastructure.ResourceInvoker.<InvokeFilterPipelineAsync>g__Awaited|20_0(ResourceInvoker invoker, Task lastTask, State next, Scope scope, Object state, Boolean isCompleted)
   at Microsoft.AspNetCore.Mvc.Infrastructure.ResourceInvoker.<InvokeAsync>g__Awaited|17_0(ResourceInvoker invoker, Task task, IDisposable scope)
   at Microsoft.AspNetCore.Mvc.Infrastructure.ResourceInvoker.<InvokeAsync>g__Awaited|17_0(ResourceInvoker invoker, Task task, IDisposable scope)
   at Microsoft.AspNetCore.Authorization.AuthorizationMiddleware.Invoke(HttpContext context)
   at Microsoft.AspNetCore.Authentication.AuthenticationMiddleware.Invoke(HttpContext context)
   at Serilog.AspNetCore.RequestLoggingMiddleware.Invoke(HttpContext httpContext)
ClientConnectionId:32a45417-e162-400b-a8e4-25ee6e629d83
Error Number:208,State:1,Class:16
[23:43:05 ERR] Exception while processing GET /api/sales-orders.
Microsoft.Data.SqlClient.SqlException (0x80131904): Invalid object name 'sales.SalesOrders'.
   at System.Threading.Tasks.ContinuationResultTaskFromResultTask`2.InnerInvoke()
   at System.Threading.ExecutionContext.RunInternal(ExecutionContext executionContext, ContextCallback callback, Object state)
--- End of stack trace from previous location ---
   at System.Threading.ExecutionContext.RunInternal(ExecutionContext executionContext, ContextCallback callback, Object state)
   at System.Threading.Tasks.Task.ExecuteWithThreadLocal(Task& currentTaskSlot, Thread threadPoolThread)
--- End of stack trace from previous location ---
   at Microsoft.EntityFrameworkCore.Storage.RelationalCommand.ExecuteReaderAsync(RelationalCommandParameterObject parameterObject, CancellationToken cancellationToken)
   at Microsoft.EntityFrameworkCore.Storage.RelationalCommand.ExecuteReaderAsync(RelationalCommandParameterObject parameterObject, CancellationToken cancellationToken)
   at Microsoft.EntityFrameworkCore.Query.Internal.SingleQueryingEnumerable`1.AsyncEnumerator.InitializeReaderAsync(AsyncEnumerator enumerator, CancellationToken cancellationToken)
   at Microsoft.EntityFrameworkCore.SqlServer.Storage.Internal.SqlServerExecutionStrategy.ExecuteAsync[TState,TResult](TState state, Func`4 operation, Func`4 verifySucceeded, CancellationToken cancellationToken)
   at Microsoft.EntityFrameworkCore.Query.Internal.SingleQueryingEnumerable`1.AsyncEnumerator.MoveNextAsync()
   at Microsoft.EntityFrameworkCore.Query.ShapedQueryCompilingExpressionVisitor.SingleAsync[TSource](IAsyncEnumerable`1 asyncEnumerable, CancellationToken cancellationToken)
   at Microsoft.EntityFrameworkCore.Query.ShapedQueryCompilingExpressionVisitor.SingleAsync[TSource](IAsyncEnumerable`1 asyncEnumerable, CancellationToken cancellationToken)
   at CoilManager.API.Controllers.SalesOrdersController.List(String search, Nullable`1 customerId, Nullable`1 status, Nullable`1 priority, Nullable`1 orderDateFrom, Nullable`1 orderDateTo, Nullable`1 deliveryDateFrom, Nullable`1 deliveryDateTo, Nullable`1 productType, Int32 page, Int32 pageSize, CancellationToken ct) in C:\VISHAL\Codes\CoilManager\src\CoilManager.API\Controllers\SalesOrdersController.cs:line 18
   at lambda_method30(Closure, Object)
   at Microsoft.AspNetCore.Mvc.Infrastructure.ActionMethodExecutor.AwaitableObjectResultExecutor.Execute(ActionContext actionContext, IActionResultTypeMapper mapper, ObjectMethodExecutor executor, Object controller, Object[] arguments)
   at Microsoft.AspNetCore.Mvc.Infrastructure.ControllerActionInvoker.<InvokeActionMethodAsync>g__Awaited|12_0(ControllerActionInvoker invoker, ValueTask`1 actionResultValueTask)
   at Microsoft.AspNetCore.Mvc.Infrastructure.ControllerActionInvoker.<InvokeNextActionFilterAsync>g__Awaited|10_0(ControllerActionInvoker invoker, Task lastTask, State next, Scope scope, Object state, Boolean isCompleted)
   at Microsoft.AspNetCore.Mvc.Infrastructure.ControllerActionInvoker.Rethrow(ActionExecutedContextSealed context)
   at Microsoft.AspNetCore.Mvc.Infrastructure.ControllerActionInvoker.Next(State& next, Scope& scope, Object& state, Boolean& isCompleted)
   at Microsoft.AspNetCore.Mvc.Infrastructure.ControllerActionInvoker.<InvokeInnerFilterAsync>g__Awaited|13_0(ControllerActionInvoker invoker, Task lastTask, State next, Scope scope, Object state, Boolean isCompleted)
   at Microsoft.AspNetCore.Mvc.Infrastructure.ResourceInvoker.<InvokeFilterPipelineAsync>g__Awaited|20_0(ResourceInvoker invoker, Task lastTask, State next, Scope scope, Object state, Boolean isCompleted)
   at Microsoft.AspNetCore.Mvc.Infrastructure.ResourceInvoker.<InvokeAsync>g__Awaited|17_0(ResourceInvoker invoker, Task task, IDisposable scope)
   at Microsoft.AspNetCore.Mvc.Infrastructure.ResourceInvoker.<InvokeAsync>g__Awaited|17_0(ResourceInvoker invoker, Task task, IDisposable scope)
   at Microsoft.AspNetCore.Authorization.AuthorizationMiddleware.Invoke(HttpContext context)
   at Microsoft.AspNetCore.Authentication.AuthenticationMiddleware.Invoke(HttpContext context)
   at Serilog.AspNetCore.RequestLoggingMiddleware.Invoke(HttpContext httpContext)
   at Swashbuckle.AspNetCore.SwaggerUI.SwaggerUIMiddleware.Invoke(HttpContext httpContext)
   at Swashbuckle.AspNetCore.Swagger.SwaggerMiddleware.Invoke(HttpContext httpContext, ISwaggerProvider swaggerProvider)
   at CoilManager.API.Middleware.GlobalExceptionMiddleware.InvokeAsync(HttpContext context) in C:\VISHAL\Codes\CoilManager\src\CoilManager.API\Middleware\GlobalExceptionMiddleware.cs:line 27
ClientConnectionId:32a45417-e162-400b-a8e4-25ee6e629d83
Error Number:208,State:1,Class:16
[23:43:06 INF] HTTP OPTIONS /api/customers responded 204 in 0.0278 ms
[23:43:06 ERR] Failed executing DbCommand (1ms) [Parameters=[], CommandType='Text', CommandTimeout='30']
SELECT COUNT(*)
FROM [sales].[Customers] AS [c]
[23:43:06 ERR] An exception occurred while iterating over the results of a query for context type 'CoilManager.Persistence.ApplicationDbContext'.
Microsoft.Data.SqlClient.SqlException (0x80131904): Invalid object name 'sales.Customers'.
   at System.Threading.Tasks.ContinuationResultTaskFromResultTask`2.InnerInvoke()
   at System.Threading.ExecutionContext.RunInternal(ExecutionContext executionContext, ContextCallback callback, Object state)
--- End of stack trace from previous location ---
   at System.Threading.ExecutionContext.RunInternal(ExecutionContext executionContext, ContextCallback callback, Object state)
   at System.Threading.Tasks.Task.ExecuteWithThreadLocal(Task& currentTaskSlot, Thread threadPoolThread)
--- End of stack trace from previous location ---
   at Microsoft.EntityFrameworkCore.Storage.RelationalCommand.ExecuteReaderAsync(RelationalCommandParameterObject parameterObject, CancellationToken cancellationToken)
   at Microsoft.EntityFrameworkCore.Storage.RelationalCommand.ExecuteReaderAsync(RelationalCommandParameterObject parameterObject, CancellationToken cancellationToken)
   at Microsoft.EntityFrameworkCore.Query.Internal.SingleQueryingEnumerable`1.AsyncEnumerator.InitializeReaderAsync(AsyncEnumerator enumerator, CancellationToken cancellationToken)
   at Microsoft.EntityFrameworkCore.SqlServer.Storage.Internal.SqlServerExecutionStrategy.ExecuteAsync[TState,TResult](TState state, Func`4 operation, Func`4 verifySucceeded, CancellationToken cancellationToken)
   at Microsoft.EntityFrameworkCore.Query.Internal.SingleQueryingEnumerable`1.AsyncEnumerator.MoveNextAsync()
ClientConnectionId:32a45417-e162-400b-a8e4-25ee6e629d83
Error Number:208,State:1,Class:16
Microsoft.Data.SqlClient.SqlException (0x80131904): Invalid object name 'sales.Customers'.
   at System.Threading.Tasks.ContinuationResultTaskFromResultTask`2.InnerInvoke()
   at System.Threading.ExecutionContext.RunInternal(ExecutionContext executionContext, ContextCallback callback, Object state)
--- End of stack trace from previous location ---
   at System.Threading.ExecutionContext.RunInternal(ExecutionContext executionContext, ContextCallback callback, Object state)
   at System.Threading.Tasks.Task.ExecuteWithThreadLocal(Task& currentTaskSlot, Thread threadPoolThread)
--- End of stack trace from previous location ---
   at Microsoft.EntityFrameworkCore.Storage.RelationalCommand.ExecuteReaderAsync(RelationalCommandParameterObject parameterObject, CancellationToken cancellationToken)
   at Microsoft.EntityFrameworkCore.Storage.RelationalCommand.ExecuteReaderAsync(RelationalCommandParameterObject parameterObject, CancellationToken cancellationToken)
   at Microsoft.EntityFrameworkCore.Query.Internal.SingleQueryingEnumerable`1.AsyncEnumerator.InitializeReaderAsync(AsyncEnumerator enumerator, CancellationToken cancellationToken)
   at Microsoft.EntityFrameworkCore.SqlServer.Storage.Internal.SqlServerExecutionStrategy.ExecuteAsync[TState,TResult](TState state, Func`4 operation, Func`4 verifySucceeded, CancellationToken cancellationToken)
   at Microsoft.EntityFrameworkCore.Query.Internal.SingleQueryingEnumerable`1.AsyncEnumerator.MoveNextAsync()
ClientConnectionId:32a45417-e162-400b-a8e4-25ee6e629d83
Error Number:208,State:1,Class:16
[23:43:06 ERR] HTTP GET /api/customers responded 500 in 6.0228 ms
Microsoft.Data.SqlClient.SqlException (0x80131904): Invalid object name 'sales.Customers'.
   at System.Threading.Tasks.ContinuationResultTaskFromResultTask`2.InnerInvoke()
   at System.Threading.ExecutionContext.RunInternal(ExecutionContext executionContext, ContextCallback callback, Object state)
--- End of stack trace from previous location ---
   at System.Threading.ExecutionContext.RunInternal(ExecutionContext executionContext, ContextCallback callback, Object state)
   at System.Threading.Tasks.Task.ExecuteWithThreadLocal(Task& currentTaskSlot, Thread threadPoolThread)
--- End of stack trace from previous location ---
   at Microsoft.EntityFrameworkCore.Storage.RelationalCommand.ExecuteReaderAsync(RelationalCommandParameterObject parameterObject, CancellationToken cancellationToken)
   at Microsoft.EntityFrameworkCore.Storage.RelationalCommand.ExecuteReaderAsync(RelationalCommandParameterObject parameterObject, CancellationToken cancellationToken)
   at Microsoft.EntityFrameworkCore.Query.Internal.SingleQueryingEnumerable`1.AsyncEnumerator.InitializeReaderAsync(AsyncEnumerator enumerator, CancellationToken cancellationToken)
   at Microsoft.EntityFrameworkCore.SqlServer.Storage.Internal.SqlServerExecutionStrategy.ExecuteAsync[TState,TResult](TState state, Func`4 operation, Func`4 verifySucceeded, CancellationToken cancellationToken)
   at Microsoft.EntityFrameworkCore.Query.Internal.SingleQueryingEnumerable`1.AsyncEnumerator.MoveNextAsync()
   at Microsoft.EntityFrameworkCore.Query.ShapedQueryCompilingExpressionVisitor.SingleAsync[TSource](IAsyncEnumerable`1 asyncEnumerable, CancellationToken cancellationToken)
   at Microsoft.EntityFrameworkCore.Query.ShapedQueryCompilingExpressionVisitor.SingleAsync[TSource](IAsyncEnumerable`1 asyncEnumerable, CancellationToken cancellationToken)
   at CoilManager.API.Controllers.CustomersController.List(String search, Nullable`1 isActive, String city, String state, String country, Int32 page, Int32 pageSize, CancellationToken ct) in C:\VISHAL\Codes\CoilManager\src\CoilManager.API\Controllers\CustomersController.cs:line 16
   at lambda_method69(Closure, Object)
   at Microsoft.AspNetCore.Mvc.Infrastructure.ActionMethodExecutor.AwaitableObjectResultExecutor.Execute(ActionContext actionContext, IActionResultTypeMapper mapper, ObjectMethodExecutor executor, Object controller, Object[] arguments)
   at Microsoft.AspNetCore.Mvc.Infrastructure.ControllerActionInvoker.<InvokeActionMethodAsync>g__Awaited|12_0(ControllerActionInvoker invoker, ValueTask`1 actionResultValueTask)
   at Microsoft.AspNetCore.Mvc.Infrastructure.ControllerActionInvoker.<InvokeNextActionFilterAsync>g__Awaited|10_0(ControllerActionInvoker invoker, Task lastTask, State next, Scope scope, Object state, Boolean isCompleted)
   at Microsoft.AspNetCore.Mvc.Infrastructure.ControllerActionInvoker.Rethrow(ActionExecutedContextSealed context)
   at Microsoft.AspNetCore.Mvc.Infrastructure.ControllerActionInvoker.Next(State& next, Scope& scope, Object& state, Boolean& isCompleted)
   at Microsoft.AspNetCore.Mvc.Infrastructure.ControllerActionInvoker.<InvokeInnerFilterAsync>g__Awaited|13_0(ControllerActionInvoker invoker, Task lastTask, State next, Scope scope, Object state, Boolean isCompleted)
   at Microsoft.AspNetCore.Mvc.Infrastructure.ResourceInvoker.<InvokeFilterPipelineAsync>g__Awaited|20_0(ResourceInvoker invoker, Task lastTask, State next, Scope scope, Object state, Boolean isCompleted)
   at Microsoft.AspNetCore.Mvc.Infrastructure.ResourceInvoker.<InvokeAsync>g__Awaited|17_0(ResourceInvoker invoker, Task task, IDisposable scope)
   at Microsoft.AspNetCore.Mvc.Infrastructure.ResourceInvoker.<InvokeAsync>g__Awaited|17_0(ResourceInvoker invoker, Task task, IDisposable scope)
   at Microsoft.AspNetCore.Authorization.AuthorizationMiddleware.Invoke(HttpContext context)
   at Microsoft.AspNetCore.Authentication.AuthenticationMiddleware.Invoke(HttpContext context)
   at Serilog.AspNetCore.RequestLoggingMiddleware.Invoke(HttpContext httpContext)
ClientConnectionId:32a45417-e162-400b-a8e4-25ee6e629d83
Error Number:208,State:1,Class:16
[23:43:06 ERR] Exception while processing GET /api/customers.
Microsoft.Data.SqlClient.SqlException (0x80131904): Invalid object name 'sales.Customers'.
   at System.Threading.Tasks.ContinuationResultTaskFromResultTask`2.InnerInvoke()
   at System.Threading.ExecutionContext.RunInternal(ExecutionContext executionContext, ContextCallback callback, Object state)
--- End of stack trace from previous location ---
   at System.Threading.ExecutionContext.RunInternal(ExecutionContext executionContext, ContextCallback callback, Object state)
   at System.Threading.Tasks.Task.ExecuteWithThreadLocal(Task& currentTaskSlot, Thread threadPoolThread)
--- End of stack trace from previous location ---
   at Microsoft.EntityFrameworkCore.Storage.RelationalCommand.ExecuteReaderAsync(RelationalCommandParameterObject parameterObject, CancellationToken cancellationToken)
   at Microsoft.EntityFrameworkCore.Storage.RelationalCommand.ExecuteReaderAsync(RelationalCommandParameterObject parameterObject, CancellationToken cancellationToken)
   at Microsoft.EntityFrameworkCore.Query.Internal.SingleQueryingEnumerable`1.AsyncEnumerator.InitializeReaderAsync(AsyncEnumerator enumerator, CancellationToken cancellationToken)
   at Microsoft.EntityFrameworkCore.SqlServer.Storage.Internal.SqlServerExecutionStrategy.ExecuteAsync[TState,TResult](TState state, Func`4 operation, Func`4 verifySucceeded, CancellationToken cancellationToken)
   at Microsoft.EntityFrameworkCore.Query.Internal.SingleQueryingEnumerable`1.AsyncEnumerator.MoveNextAsync()
   at Microsoft.EntityFrameworkCore.Query.ShapedQueryCompilingExpressionVisitor.SingleAsync[TSource](IAsyncEnumerable`1 asyncEnumerable, CancellationToken cancellationToken)
   at Microsoft.EntityFrameworkCore.Query.ShapedQueryCompilingExpressionVisitor.SingleAsync[TSource](IAsyncEnumerable`1 asyncEnumerable, CancellationToken cancellationToken)
   at CoilManager.API.Controllers.CustomersController.List(String search, Nullable`1 isActive, String city, String state, String country, Int32 page, Int32 pageSize, CancellationToken ct) in C:\VISHAL\Codes\CoilManager\src\CoilManager.API\Controllers\CustomersController.cs:line 16
   at lambda_method69(Closure, Object)
   at Microsoft.AspNetCore.Mvc.Infrastructure.ActionMethodExecutor.AwaitableObjectResultExecutor.Execute(ActionContext actionContext, IActionResultTypeMapper mapper, ObjectMethodExecutor executor, Object controller, Object[] arguments)
   at Microsoft.AspNetCore.Mvc.Infrastructure.ControllerActionInvoker.<InvokeActionMethodAsync>g__Awaited|12_0(ControllerActionInvoker invoker, ValueTask`1 actionResultValueTask)
   at Microsoft.AspNetCore.Mvc.Infrastructure.ControllerActionInvoker.<InvokeNextActionFilterAsync>g__Awaited|10_0(ControllerActionInvoker invoker, Task lastTask, State next, Scope scope, Object state, Boolean isCompleted)
   at Microsoft.AspNetCore.Mvc.Infrastructure.ControllerActionInvoker.Rethrow(ActionExecutedContextSealed context)
   at Microsoft.AspNetCore.Mvc.Infrastructure.ControllerActionInvoker.Next(State& next, Scope& scope, Object& state, Boolean& isCompleted)
   at Microsoft.AspNetCore.Mvc.Infrastructure.ControllerActionInvoker.<InvokeInnerFilterAsync>g__Awaited|13_0(ControllerActionInvoker invoker, Task lastTask, State next, Scope scope, Object state, Boolean isCompleted)
   at Microsoft.AspNetCore.Mvc.Infrastructure.ResourceInvoker.<InvokeFilterPipelineAsync>g__Awaited|20_0(ResourceInvoker invoker, Task lastTask, State next, Scope scope, Object state, Boolean isCompleted)
   at Microsoft.AspNetCore.Mvc.Infrastructure.ResourceInvoker.<InvokeAsync>g__Awaited|17_0(ResourceInvoker invoker, Task task, IDisposable scope)
   at Microsoft.AspNetCore.Mvc.Infrastructure.ResourceInvoker.<InvokeAsync>g__Awaited|17_0(ResourceInvoker invoker, Task task, IDisposable scope)
   at Microsoft.AspNetCore.Authorization.AuthorizationMiddleware.Invoke(HttpContext context)
   at Microsoft.AspNetCore.Authentication.AuthenticationMiddleware.Invoke(HttpContext context)
   at Serilog.AspNetCore.RequestLoggingMiddleware.Invoke(HttpContext httpContext)
   at Swashbuckle.AspNetCore.SwaggerUI.SwaggerUIMiddleware.Invoke(HttpContext httpContext)
   at Swashbuckle.AspNetCore.Swagger.SwaggerMiddleware.Invoke(HttpContext httpContext, ISwaggerProvider swaggerProvider)
   at CoilManager.API.Middleware.GlobalExceptionMiddleware.InvokeAsync(HttpContext context) in C:\VISHAL\Codes\CoilManager\src\CoilManager.API\Middleware\GlobalExceptionMiddleware.cs:line 27
ClientConnectionId:32a45417-e162-400b-a8e4-25ee6e629d83
Error Number:208,State:1,Class:16
[23:43:07 ERR] Failed executing DbCommand (1ms) [Parameters=[], CommandType='Text', CommandTimeout='30']
SELECT COUNT(*)
FROM [sales].[SalesOrders] AS [s]
[23:43:07 ERR] An exception occurred while iterating over the results of a query for context type 'CoilManager.Persistence.ApplicationDbContext'.
Microsoft.Data.SqlClient.SqlException (0x80131904): Invalid object name 'sales.SalesOrders'.
   at System.Threading.Tasks.ContinuationResultTaskFromResultTask`2.InnerInvoke()
   at System.Threading.ExecutionContext.RunInternal(ExecutionContext executionContext, ContextCallback callback, Object state)
--- End of stack trace from previous location ---
   at System.Threading.ExecutionContext.RunInternal(ExecutionContext executionContext, ContextCallback callback, Object state)
   at System.Threading.Tasks.Task.ExecuteWithThreadLocal(Task& currentTaskSlot, Thread threadPoolThread)
--- End of stack trace from previous location ---
   at Microsoft.EntityFrameworkCore.Storage.RelationalCommand.ExecuteReaderAsync(RelationalCommandParameterObject parameterObject, CancellationToken cancellationToken)
   at Microsoft.EntityFrameworkCore.Storage.RelationalCommand.ExecuteReaderAsync(RelationalCommandParameterObject parameterObject, CancellationToken cancellationToken)
   at Microsoft.EntityFrameworkCore.Query.Internal.SingleQueryingEnumerable`1.AsyncEnumerator.InitializeReaderAsync(AsyncEnumerator enumerator, CancellationToken cancellationToken)
   at Microsoft.EntityFrameworkCore.SqlServer.Storage.Internal.SqlServerExecutionStrategy.ExecuteAsync[TState,TResult](TState state, Func`4 operation, Func`4 verifySucceeded, CancellationToken cancellationToken)
   at Microsoft.EntityFrameworkCore.Query.Internal.SingleQueryingEnumerable`1.AsyncEnumerator.MoveNextAsync()
ClientConnectionId:32a45417-e162-400b-a8e4-25ee6e629d83
Error Number:208,State:1,Class:16
Microsoft.Data.SqlClient.SqlException (0x80131904): Invalid object name 'sales.SalesOrders'.
   at System.Threading.Tasks.ContinuationResultTaskFromResultTask`2.InnerInvoke()
   at System.Threading.ExecutionContext.RunInternal(ExecutionContext executionContext, ContextCallback callback, Object state)
--- End of stack trace from previous location ---
   at System.Threading.ExecutionContext.RunInternal(ExecutionContext executionContext, ContextCallback callback, Object state)
   at System.Threading.Tasks.Task.ExecuteWithThreadLocal(Task& currentTaskSlot, Thread threadPoolThread)
--- End of stack trace from previous location ---
   at Microsoft.EntityFrameworkCore.Storage.RelationalCommand.ExecuteReaderAsync(RelationalCommandParameterObject parameterObject, CancellationToken cancellationToken)
   at Microsoft.EntityFrameworkCore.Storage.RelationalCommand.ExecuteReaderAsync(RelationalCommandParameterObject parameterObject, CancellationToken cancellationToken)
   at Microsoft.EntityFrameworkCore.Query.Internal.SingleQueryingEnumerable`1.AsyncEnumerator.InitializeReaderAsync(AsyncEnumerator enumerator, CancellationToken cancellationToken)
   at Microsoft.EntityFrameworkCore.SqlServer.Storage.Internal.SqlServerExecutionStrategy.ExecuteAsync[TState,TResult](TState state, Func`4 operation, Func`4 verifySucceeded, CancellationToken cancellationToken)
   at Microsoft.EntityFrameworkCore.Query.Internal.SingleQueryingEnumerable`1.AsyncEnumerator.MoveNextAsync()
ClientConnectionId:32a45417-e162-400b-a8e4-25ee6e629d83
Error Number:208,State:1,Class:16
[23:43:07 ERR] HTTP GET /api/sales-orders responded 500 in 8.3205 ms
Microsoft.Data.SqlClient.SqlException (0x80131904): Invalid object name 'sales.SalesOrders'.
   at System.Threading.Tasks.ContinuationResultTaskFromResultTask`2.InnerInvoke()
   at System.Threading.ExecutionContext.RunInternal(ExecutionContext executionContext, ContextCallback callback, Object state)
--- End of stack trace from previous location ---
   at System.Threading.ExecutionContext.RunInternal(ExecutionContext executionContext, ContextCallback callback, Object state)
   at System.Threading.Tasks.Task.ExecuteWithThreadLocal(Task& currentTaskSlot, Thread threadPoolThread)
--- End of stack trace from previous location ---
   at Microsoft.EntityFrameworkCore.Storage.RelationalCommand.ExecuteReaderAsync(RelationalCommandParameterObject parameterObject, CancellationToken cancellationToken)
   at Microsoft.EntityFrameworkCore.Storage.RelationalCommand.ExecuteReaderAsync(RelationalCommandParameterObject parameterObject, CancellationToken cancellationToken)
   at Microsoft.EntityFrameworkCore.Query.Internal.SingleQueryingEnumerable`1.AsyncEnumerator.InitializeReaderAsync(AsyncEnumerator enumerator, CancellationToken cancellationToken)
   at Microsoft.EntityFrameworkCore.SqlServer.Storage.Internal.SqlServerExecutionStrategy.ExecuteAsync[TState,TResult](TState state, Func`4 operation, Func`4 verifySucceeded, CancellationToken cancellationToken)
   at Microsoft.EntityFrameworkCore.Query.Internal.SingleQueryingEnumerable`1.AsyncEnumerator.MoveNextAsync()
   at Microsoft.EntityFrameworkCore.Query.ShapedQueryCompilingExpressionVisitor.SingleAsync[TSource](IAsyncEnumerable`1 asyncEnumerable, CancellationToken cancellationToken)
   at Microsoft.EntityFrameworkCore.Query.ShapedQueryCompilingExpressionVisitor.SingleAsync[TSource](IAsyncEnumerable`1 asyncEnumerable, CancellationToken cancellationToken)
   at CoilManager.API.Controllers.SalesOrdersController.List(String search, Nullable`1 customerId, Nullable`1 status, Nullable`1 priority, Nullable`1 orderDateFrom, Nullable`1 orderDateTo, Nullable`1 deliveryDateFrom, Nullable`1 deliveryDateTo, Nullable`1 productType, Int32 page, Int32 pageSize, CancellationToken ct) in C:\VISHAL\Codes\CoilManager\src\CoilManager.API\Controllers\SalesOrdersController.cs:line 18
   at lambda_method30(Closure, Object)
   at Microsoft.AspNetCore.Mvc.Infrastructure.ActionMethodExecutor.AwaitableObjectResultExecutor.Execute(ActionContext actionContext, IActionResultTypeMapper mapper, ObjectMethodExecutor executor, Object controller, Object[] arguments)
   at Microsoft.AspNetCore.Mvc.Infrastructure.ControllerActionInvoker.<InvokeActionMethodAsync>g__Awaited|12_0(ControllerActionInvoker invoker, ValueTask`1 actionResultValueTask)
   at Microsoft.AspNetCore.Mvc.Infrastructure.ControllerActionInvoker.<InvokeNextActionFilterAsync>g__Awaited|10_0(ControllerActionInvoker invoker, Task lastTask, State next, Scope scope, Object state, Boolean isCompleted)
   at Microsoft.AspNetCore.Mvc.Infrastructure.ControllerActionInvoker.Rethrow(ActionExecutedContextSealed context)
   at Microsoft.AspNetCore.Mvc.Infrastructure.ControllerActionInvoker.Next(State& next, Scope& scope, Object& state, Boolean& isCompleted)
   at Microsoft.AspNetCore.Mvc.Infrastructure.ControllerActionInvoker.<InvokeInnerFilterAsync>g__Awaited|13_0(ControllerActionInvoker invoker, Task lastTask, State next, Scope scope, Object state, Boolean isCompleted)
   at Microsoft.AspNetCore.Mvc.Infrastructure.ResourceInvoker.<InvokeFilterPipelineAsync>g__Awaited|20_0(ResourceInvoker invoker, Task lastTask, State next, Scope scope, Object state, Boolean isCompleted)
   at Microsoft.AspNetCore.Mvc.Infrastructure.ResourceInvoker.<InvokeAsync>g__Awaited|17_0(ResourceInvoker invoker, Task task, IDisposable scope)
   at Microsoft.AspNetCore.Mvc.Infrastructure.ResourceInvoker.<InvokeAsync>g__Awaited|17_0(ResourceInvoker invoker, Task task, IDisposable scope)
   at Microsoft.AspNetCore.Authorization.AuthorizationMiddleware.Invoke(HttpContext context)
   at Microsoft.AspNetCore.Authentication.AuthenticationMiddleware.Invoke(HttpContext context)
   at Serilog.AspNetCore.RequestLoggingMiddleware.Invoke(HttpContext httpContext)
ClientConnectionId:32a45417-e162-400b-a8e4-25ee6e629d83
Error Number:208,State:1,Class:16
[23:43:07 ERR] Exception while processing GET /api/sales-orders.
Microsoft.Data.SqlClient.SqlException (0x80131904): Invalid object name 'sales.SalesOrders'.
   at System.Threading.Tasks.ContinuationResultTaskFromResultTask`2.InnerInvoke()
   at System.Threading.ExecutionContext.RunInternal(ExecutionContext executionContext, ContextCallback callback, Object state)
--- End of stack trace from previous location ---
   at System.Threading.ExecutionContext.RunInternal(ExecutionContext executionContext, ContextCallback callback, Object state)
   at System.Threading.Tasks.Task.ExecuteWithThreadLocal(Task& currentTaskSlot, Thread threadPoolThread)
--- End of stack trace from previous location ---
   at Microsoft.EntityFrameworkCore.Storage.RelationalCommand.ExecuteReaderAsync(RelationalCommandParameterObject parameterObject, CancellationToken cancellationToken)
   at Microsoft.EntityFrameworkCore.Storage.RelationalCommand.ExecuteReaderAsync(RelationalCommandParameterObject parameterObject, CancellationToken cancellationToken)
   at Microsoft.EntityFrameworkCore.Query.Internal.SingleQueryingEnumerable`1.AsyncEnumerator.InitializeReaderAsync(AsyncEnumerator enumerator, CancellationToken cancellationToken)
   at Microsoft.EntityFrameworkCore.SqlServer.Storage.Internal.SqlServerExecutionStrategy.ExecuteAsync[TState,TResult](TState state, Func`4 operation, Func`4 verifySucceeded, CancellationToken cancellationToken)
   at Microsoft.EntityFrameworkCore.Query.Internal.SingleQueryingEnumerable`1.AsyncEnumerator.MoveNextAsync()
   at Microsoft.EntityFrameworkCore.Query.ShapedQueryCompilingExpressionVisitor.SingleAsync[TSource](IAsyncEnumerable`1 asyncEnumerable, CancellationToken cancellationToken)
   at Microsoft.EntityFrameworkCore.Query.ShapedQueryCompilingExpressionVisitor.SingleAsync[TSource](IAsyncEnumerable`1 asyncEnumerable, CancellationToken cancellationToken)
   at CoilManager.API.Controllers.SalesOrdersController.List(String search, Nullable`1 customerId, Nullable`1 status, Nullable`1 priority, Nullable`1 orderDateFrom, Nullable`1 orderDateTo, Nullable`1 deliveryDateFrom, Nullable`1 deliveryDateTo, Nullable`1 productType, Int32 page, Int32 pageSize, CancellationToken ct) in C:\VISHAL\Codes\CoilManager\src\CoilManager.API\Controllers\SalesOrdersController.cs:line 18
   at lambda_method30(Closure, Object)
   at Microsoft.AspNetCore.Mvc.Infrastructure.ActionMethodExecutor.AwaitableObjectResultExecutor.Execute(ActionContext actionContext, IActionResultTypeMapper mapper, ObjectMethodExecutor executor, Object controller, Object[] arguments)
   at Microsoft.AspNetCore.Mvc.Infrastructure.ControllerActionInvoker.<InvokeActionMethodAsync>g__Awaited|12_0(ControllerActionInvoker invoker, ValueTask`1 actionResultValueTask)
   at Microsoft.AspNetCore.Mvc.Infrastructure.ControllerActionInvoker.<InvokeNextActionFilterAsync>g__Awaited|10_0(ControllerActionInvoker invoker, Task lastTask, State next, Scope scope, Object state, Boolean isCompleted)
   at Microsoft.AspNetCore.Mvc.Infrastructure.ControllerActionInvoker.Rethrow(ActionExecutedContextSealed context)
   at Microsoft.AspNetCore.Mvc.Infrastructure.ControllerActionInvoker.Next(State& next, Scope& scope, Object& state, Boolean& isCompleted)
   at Microsoft.AspNetCore.Mvc.Infrastructure.ControllerActionInvoker.<InvokeInnerFilterAsync>g__Awaited|13_0(ControllerActionInvoker invoker, Task lastTask, State next, Scope scope, Object state, Boolean isCompleted)
   at Microsoft.AspNetCore.Mvc.Infrastructure.ResourceInvoker.<InvokeFilterPipelineAsync>g__Awaited|20_0(ResourceInvoker invoker, Task lastTask, State next, Scope scope, Object state, Boolean isCompleted)
   at Microsoft.AspNetCore.Mvc.Infrastructure.ResourceInvoker.<InvokeAsync>g__Awaited|17_0(ResourceInvoker invoker, Task task, IDisposable scope)
   at Microsoft.AspNetCore.Mvc.Infrastructure.ResourceInvoker.<InvokeAsync>g__Awaited|17_0(ResourceInvoker invoker, Task task, IDisposable scope)
   at Microsoft.AspNetCore.Authorization.AuthorizationMiddleware.Invoke(HttpContext context)
   at Microsoft.AspNetCore.Authentication.AuthenticationMiddleware.Invoke(HttpContext context)
   at Serilog.AspNetCore.RequestLoggingMiddleware.Invoke(HttpContext httpContext)
   at Swashbuckle.AspNetCore.SwaggerUI.SwaggerUIMiddleware.Invoke(HttpContext httpContext)
   at Swashbuckle.AspNetCore.Swagger.SwaggerMiddleware.Invoke(HttpContext httpContext, ISwaggerProvider swaggerProvider)
   at CoilManager.API.Middleware.GlobalExceptionMiddleware.InvokeAsync(HttpContext context) in C:\VISHAL\Codes\CoilManager\src\CoilManager.API\Middleware\GlobalExceptionMiddleware.cs:line 27
ClientConnectionId:32a45417-e162-400b-a8e4-25ee6e629d83
Error Number:208,State:1,Class:16
[23:43:08 INF] HTTP OPTIONS /api/dashboard/operations responded 204 in 0.0189 ms
[23:43:08 INF] HTTP OPTIONS /api/rawcoils responded 204 in 0.0235 ms
[23:43:08 INF] Executed DbCommand (1ms) [Parameters=[], CommandType='Text', CommandTimeout='30']
SELECT [r].[Id], [r].[BISLicNumber], [r].[Category], [r].[CoilNumber], [r].[CoreLossPerKg], [r].[CreatedAtUtc], [r].[CreatedBy], [r].[DeletedAtUtc], [r].[DeletedBy], [r].[GradeId], [r].[HeatNumber], [r].[InvoiceNo], [r].[IsDeleted], [r].[Length], [r].[ManufacturerId], [r].[MillTCNo], [r].[PONumber], [r].[RawCoilNumber], [r].[ReceivedDate], [r].[RowVersion], [r].[Status], [r].[SupplierId], [r].[Thickness], [r].[ThicknessMm], [r].[UpdatedAtUtc], [r].[UpdatedBy], [r].[WarehouseLocation], [r].[WattLossPerKg], [r].[Weight], [r].[Width], [s].[Id], [s].[Address], [s].[Code], [s].[ContactNo], [s].[CreatedAtUtc], [s].[CreatedBy], [s].[Description], [s].[Email], [s].[GST], [s].[IsActive], [s].[Name], [s].[RowVersion], [s].[UpdatedAtUtc], [s].[UpdatedBy], [m].[Id], [m].[Code], [m].[Country], [m].[CreatedAtUtc], [m].[CreatedBy], [m].[Description], [m].[IsActive], [m].[Name], [m].[RowVersion], [m].[UpdatedAtUtc], [m].[UpdatedBy], [g].[Id], [g].[Category], [g].[Code], [g].[CoreLossPerKg], [g].[CreatedAtUtc], [g].[CreatedBy], [g].[Description], [g].[IsActive], [g].[Name], [g].[RowVersion], [g].[ThicknessMm], [g].[UpdatedAtUtc], [g].[UpdatedBy]
FROM [app].[RawCoils] AS [r]
INNER JOIN [app].[Suppliers] AS [s] ON [r].[SupplierId] = [s].[Id]
INNER JOIN [app].[Manufacturers] AS [m] ON [r].[ManufacturerId] = [m].[Id]
INNER JOIN [app].[Grades] AS [g] ON [r].[GradeId] = [g].[Id]
WHERE [r].[IsDeleted] = CAST(0 AS bit)
[23:43:08 INF] Executed DbCommand (1ms) [Parameters=[], CommandType='Text', CommandTimeout='30']
SELECT [s].[Id], [s].[CancelledBy], [s].[CancelledOn], [s].[CompletedBy], [s].[CompletedOn], [s].[CreatedAtUtc], [s].[CreatedBy], [s].[KnifeThickness], [s].[LeftEdgeTrim], [s].[MachineId], [s].[MotherCoilId], [s].[PlannerId], [s].[PlanningDate], [s].[ProductionType], [s].[ReleasedBy], [s].[ReleasedOn], [s].[Remarks], [s].[RightEdgeTrim], [s].[RowVersion], [s].[Shift], [s].[SlittingJobNo], [s].[StartedBy], [s].[StartedOn], [s].[Status], [s].[UpdatedAtUtc], [s].[UpdatedBy], [s].[WorkOrderId], [s].[WorkOrderNumber], [s].[WorkOrderOperationId], [t].[Id], [t].[BISLicNumber], [t].[Category], [t].[CoilNumber], [t].[CoreLossPerKg], [t].[CreatedAtUtc], [t].[CreatedBy], [t].[DeletedAtUtc], [t].[DeletedBy], [t].[GradeId], [t].[HeatNumber], [t].[InvoiceNo], [t].[IsDeleted], [t].[Length], [t].[ManufacturerId], [t].[MillTCNo], [t].[PONumber], [t].[RawCoilNumber], [t].[ReceivedDate], [t].[RowVersion], [t].[Status], [t].[SupplierId], [t].[Thickness], [t].[ThicknessMm], [t].[UpdatedAtUtc], [t].[UpdatedBy], [t].[WarehouseLocation], [t].[WattLossPerKg], [t].[Weight], [t].[Width], [s0].[Id], [s0].[Address], [s0].[Code], [s0].[ContactNo], [s0].[CreatedAtUtc], [s0].[CreatedBy], [s0].[Description], [s0].[Email], [s0].[GST], [s0].[IsActive], [s0].[Name], [s0].[RowVersion], [s0].[UpdatedAtUtc], [s0].[UpdatedBy], [m].[Id], [m].[Code], [m].[Country], [m].[CreatedAtUtc], [m].[CreatedBy], [m].[Description], [m].[IsActive], [m].[Name], [m].[RowVersion], [m].[UpdatedAtUtc], [m].[UpdatedBy], [g].[Id], [g].[Category], [g].[Code], [g].[CoreLossPerKg], [g].[CreatedAtUtc], [g].[CreatedBy], [g].[Description], [g].[IsActive], [g].[Name], [g].[RowVersion], [g].[ThicknessMm], [g].[UpdatedAtUtc], [g].[UpdatedBy], [s1].[Id], [s1].[ActualWeight], [s1].[ActualWidth], [s1].[EstimatedWeight], [s1].[Remarks], [s1].[SequenceNo], [s1].[SlitCoilId], [s1].[SlittingJobId], [s1].[Status], [s1].[Width]
FROM [app].[SlittingJobs] AS [s]
INNER JOIN (
    SELECT [r].[Id], [r].[BISLicNumber], [r].[Category], [r].[CoilNumber], [r].[CoreLossPerKg], [r].[CreatedAtUtc], [r].[CreatedBy], [r].[DeletedAtUtc], [r].[DeletedBy], [r].[GradeId], [r].[HeatNumber], [r].[InvoiceNo], [r].[IsDeleted], [r].[Length], [r].[ManufacturerId], [r].[MillTCNo], [r].[PONumber], [r].[RawCoilNumber], [r].[ReceivedDate], [r].[RowVersion], [r].[Status], [r].[SupplierId], [r].[Thickness], [r].[ThicknessMm], [r].[UpdatedAtUtc], [r].[UpdatedBy], [r].[WarehouseLocation], [r].[WattLossPerKg], [r].[Weight], [r].[Width]
    FROM [app].[RawCoils] AS [r]
    WHERE [r].[IsDeleted] = CAST(0 AS bit)
) AS [t] ON [s].[MotherCoilId] = [t].[Id]
INNER JOIN [app].[Suppliers] AS [s0] ON [t].[SupplierId] = [s0].[Id]
INNER JOIN [app].[Manufacturers] AS [m] ON [t].[ManufacturerId] = [m].[Id]
INNER JOIN [app].[Grades] AS [g] ON [t].[GradeId] = [g].[Id]
LEFT JOIN [app].[SlittingJobItems] AS [s1] ON [s].[Id] = [s1].[SlittingJobId]
ORDER BY [s].[Id], [t].[Id], [s0].[Id], [m].[Id], [g].[Id]
[23:43:08 INF] Executed DbCommand (1ms) [Parameters=[], CommandType='Text', CommandTimeout='30']
SELECT [s].[Id], [s].[BarcodeValue], [s].[Category], [s].[CoilNumber], [s].[CoreLossPerKg], [s].[CreatedAtUtc], [s].[CreatedBy], [s].[DeletedAtUtc], [s].[DeletedBy], [s].[GenerationLevel], [s].[GradeId], [s].[HeatNumber], [s].[IsDeleted], [s].[LabelLastPrintedBy], [s].[LabelLastPrintedOn], [s].[LabelPrintCount], [s].[LabelPrinted], [s].[LabelVersion], [s].[ManufacturerId], [s].[MotherCoilId], [s].[ParentCoilId], [s].[QrCodeValue], [s].[RootMotherCoilId], [s].[RowVersion], [s].[SlitSequence], [s].[SlittingJobId], [s].[Status], [s].[SupplierId], [s].[Thickness], [s].[UpdatedAtUtc], [s].[UpdatedBy], [s].[WarehouseLocation], [s].[Weight], [s].[Width], [t].[Id], [t].[BISLicNumber], [t].[Category], [t].[CoilNumber], [t].[CoreLossPerKg], [t].[CreatedAtUtc], [t].[CreatedBy], [t].[DeletedAtUtc], [t].[DeletedBy], [t].[GradeId], [t].[HeatNumber], [t].[InvoiceNo], [t].[IsDeleted], [t].[Length], [t].[ManufacturerId], [t].[MillTCNo], [t].[PONumber], [t].[RawCoilNumber], [t].[ReceivedDate], [t].[RowVersion], [t].[Status], [t].[SupplierId], [t].[Thickness], [t].[ThicknessMm], [t].[UpdatedAtUtc], [t].[UpdatedBy], [t].[WarehouseLocation], [t].[WattLossPerKg], [t].[Weight], [t].[Width], [s0].[Id], [s0].[Address], [s0].[Code], [s0].[ContactNo], [s0].[CreatedAtUtc], [s0].[CreatedBy], [s0].[Description], [s0].[Email], [s0].[GST], [s0].[IsActive], [s0].[Name], [s0].[RowVersion], [s0].[UpdatedAtUtc], [s0].[UpdatedBy], [m].[Id], [m].[Code], [m].[Country], [m].[CreatedAtUtc], [m].[CreatedBy], [m].[Description], [m].[IsActive], [m].[Name], [m].[RowVersion], [m].[UpdatedAtUtc], [m].[UpdatedBy], [s1].[Id], [s1].[CancelledBy], [s1].[CancelledOn], [s1].[CompletedBy], [s1].[CompletedOn], [s1].[CreatedAtUtc], [s1].[CreatedBy], [s1].[KnifeThickness], [s1].[LeftEdgeTrim], [s1].[MachineId], [s1].[MotherCoilId], [s1].[PlannerId], [s1].[PlanningDate], [s1].[ProductionType], [s1].[ReleasedBy], [s1].[ReleasedOn], [s1].[Remarks], [s1].[RightEdgeTrim], [s1].[RowVersion], [s1].[Shift], [s1].[SlittingJobNo], [s1].[StartedBy], [s1].[StartedOn], [s1].[Status], [s1].[UpdatedAtUtc], [s1].[UpdatedBy], [s1].[WorkOrderId], [s1].[WorkOrderNumber], [s1].[WorkOrderOperationId], [g].[Id], [g].[Category], [g].[Code], [g].[CoreLossPerKg], [g].[CreatedAtUtc], [g].[CreatedBy], [g].[Description], [g].[IsActive], [g].[Name], [g].[RowVersion], [g].[ThicknessMm], [g].[UpdatedAtUtc], [g].[UpdatedBy], [s2].[Id], [s2].[Address], [s2].[Code], [s2].[ContactNo], [s2].[CreatedAtUtc], [s2].[CreatedBy], [s2].[Description], [s2].[Email], [s2].[GST], [s2].[IsActive], [s2].[Name], [s2].[RowVersion], [s2].[UpdatedAtUtc], [s2].[UpdatedBy], [m0].[Id], [m0].[Code], [m0].[Country], [m0].[CreatedAtUtc], [m0].[CreatedBy], [m0].[Description], [m0].[IsActive], [m0].[Name], [m0].[RowVersion], [m0].[UpdatedAtUtc], [m0].[UpdatedBy]
FROM [app].[SlitCoils] AS [s]
INNER JOIN (
    SELECT [r].[Id], [r].[BISLicNumber], [r].[Category], [r].[CoilNumber], [r].[CoreLossPerKg], [r].[CreatedAtUtc], [r].[CreatedBy], [r].[DeletedAtUtc], [r].[DeletedBy], [r].[GradeId], [r].[HeatNumber], [r].[InvoiceNo], [r].[IsDeleted], [r].[Length], [r].[ManufacturerId], [r].[MillTCNo], [r].[PONumber], [r].[RawCoilNumber], [r].[ReceivedDate], [r].[RowVersion], [r].[Status], [r].[SupplierId], [r].[Thickness], [r].[ThicknessMm], [r].[UpdatedAtUtc], [r].[UpdatedBy], [r].[WarehouseLocation], [r].[WattLossPerKg], [r].[Weight], [r].[Width]
    FROM [app].[RawCoils] AS [r]
    WHERE [r].[IsDeleted] = CAST(0 AS bit)
) AS [t] ON [s].[MotherCoilId] = [t].[Id]
INNER JOIN [app].[Suppliers] AS [s0] ON [t].[SupplierId] = [s0].[Id]
INNER JOIN [app].[Manufacturers] AS [m] ON [t].[ManufacturerId] = [m].[Id]
INNER JOIN [app].[SlittingJobs] AS [s1] ON [s].[SlittingJobId] = [s1].[Id]
INNER JOIN [app].[Grades] AS [g] ON [s].[GradeId] = [g].[Id]
INNER JOIN [app].[Suppliers] AS [s2] ON [s].[SupplierId] = [s2].[Id]
INNER JOIN [app].[Manufacturers] AS [m0] ON [s].[ManufacturerId] = [m0].[Id]
WHERE [s].[IsDeleted] = CAST(0 AS bit)
[23:43:08 INF] Executed DbCommand (0ms) [Parameters=[], CommandType='Text', CommandTimeout='30']
SELECT [s].[Id], [s].[CoilNumber], [s].[Copies], [s].[CreatedAtUtc], [s].[CreatedBy], [s].[LabelVersion], [s].[PrintType], [s].[PrintedBy], [s].[PrintedOn], [s].[PrinterName], [s].[Remarks], [s].[SlitCoilId], [s].[UpdatedAtUtc], [s].[UpdatedBy]
FROM [app].[SlitCoilLabelPrintHistories] AS [s]
[23:43:08 INF] Executed DbCommand (0ms) [Parameters=[], CommandType='Text', CommandTimeout='30']
SELECT [w].[Id], [w].[CancelledBy], [w].[CancelledOn], [w].[Category], [w].[ClosedBy], [w].[ClosedOn], [w].[CompletedBy], [w].[CompletedOn], [w].[CoreLossPerKg], [w].[CreatedAtUtc], [w].[CreatedBy], [w].[CustomerName], [w].[DrawingNumber], [w].[GradeId], [w].[Priority], [w].[ProductType], [w].[ReleasedBy], [w].[ReleasedOn], [w].[Remarks], [w].[RequiredDate], [w].[RequiredQuantity], [w].[RequiredWeight], [w].[RequiredWidth], [w].[RowVersion], [w].[SalesOrderReference], [w].[StartedBy], [w].[StartedOn], [w].[Status], [w].[Thickness], [w].[UpdatedAtUtc], [w].[UpdatedBy], [w].[WorkOrderDate], [w].[WorkOrderNumber], [w].[WorkOrderType], [g].[Id], [g].[Category], [g].[Code], [g].[CoreLossPerKg], [g].[CreatedAtUtc], [g].[CreatedBy], [g].[Description], [g].[IsActive], [g].[Name], [g].[RowVersion], [g].[ThicknessMm], [g].[UpdatedAtUtc], [g].[UpdatedBy], [w0].[Id], [w0].[CompletedOn], [w0].[IsRequired], [w0].[OperationType], [w0].[RelatedDocumentId], [w0].[RelatedDocumentNumber], [w0].[Remarks], [w0].[Sequence], [w0].[StartedOn], [w0].[Status], [w0].[WorkOrderId], [w1].[Id], [w1].[AllocatedWeight], [w1].[CoilNumber], [w1].[CoilType], [w1].[ConsumedWeight], [w1].[CreatedBy], [w1].[CreatedOn], [w1].[IssuedWeight], [w1].[MotherCoilId], [w1].[ReleasedBy], [w1].[ReleasedOn], [w1].[RemainingWeightAfterAllocation], [w1].[Remarks], [w1].[ReservedBy], [w1].[ReservedOn], [w1].[SlitCoilId], [w1].[Status], [w1].[WorkOrderId]
FROM [app].[WorkOrders] AS [w]
LEFT JOIN [app].[Grades] AS [g] ON [w].[GradeId] = [g].[Id]
LEFT JOIN [app].[WorkOrderOperations] AS [w0] ON [w].[Id] = [w0].[WorkOrderId]
LEFT JOIN [app].[WorkOrderMaterialAllocations] AS [w1] ON [w].[Id] = [w1].[WorkOrderId]
ORDER BY [w].[Id], [g].[Id], [w0].[Id]
[23:43:08 INF] Executed DbCommand (1ms) [Parameters=[], CommandType='Text', CommandTimeout='30']
SELECT [l].[Id], [l].[AllocatedBy], [l].[AllocatedOn], [l].[BottomPlateWeight], [l].[CancelledBy], [l].[CancelledOn], [l].[Category], [l].[CenterPlateWeight], [l].[CompletedBy], [l].[CompletedOn], [l].[CompletionRemarks], [l].[CoreLossPerKg], [l].[CreatedAtUtc], [l].[CreatedBy], [l].[Customer], [l].[CustomerCoreLossPerKg], [l].[DeletedAtUtc], [l].[DeletedBy], [l].[DesignType], [l].[DrawingAttachmentName], [l].[DrawingAttachmentPath], [l].[GradeId], [l].[IsDeleted], [l].[JobOrDrawingNumber], [l].[LaminationJobNumber], [l].[LeftSidePlateWeight], [l].[NoLoadLossWatts], [l].[NumberOfSteps], [l].[PlannedDate], [l].[PlannerName], [l].[Rating], [l].[ReleasedBy], [l].[ReleasedOn], [l].[Remarks], [l].[RequiredDate], [l].[RightSidePlateWeight], [l].[RowVersion], [l].[Shift], [l].[Status], [l].[StepLapOrientation], [l].[Thickness], [l].[TopPlateWeight], [l].[TotalAllocatedWeight], [l].[TotalConsumedWeight], [l].[TotalGoodPieces], [l].[TotalJobWeight], [l].[TotalPlannedPieces], [l].[TotalPlannedWeight], [l].[TotalRejectedPieces], [l].[TotalScrapWeight], [l].[TotalWeight], [l].[UpdatedAtUtc], [l].[UpdatedBy], [l].[WorkOrderId], [l].[WorkOrderNumber], [g].[Id], [g].[Category], [g].[Code], [g].[CoreLossPerKg], [g].[CreatedAtUtc], [g].[CreatedBy], [g].[Description], [g].[IsActive], [g].[Name], [g].[RowVersion], [g].[ThicknessMm], [g].[UpdatedAtUtc], [g].[UpdatedBy], [t0].[Id], [t0].[LaminationJobId], [t0].[PlannedWeight], [t0].[Remarks], [t0].[Sequence], [t0].[StackQuantity], [t0].[StepNumber], [t0].[Width], [t0].[Id0], [t0].[LaminationJobStepId], [t0].[Length], [t0].[PlannedWeight0], [t0].[PlateType], [t0].[Quantity], [t0].[Remarks0], [t0].[Width0], [t0].[Id00], [t0].[DimensionCode], [t0].[DimensionValue], [t0].[DisplayName], [t0].[LaminationJobPlateId], [t0].[Remarks00], [t0].[Sequence0], [t0].[Unit], [l3].[Id], [l3].[AllocatedWeight], [l3].[ConsumedWeight], [l3].[CreatedBy], [l3].[CreatedOn], [l3].[IssuedWeight], [l3].[LaminationJobId], [l3].[ReleasedBy], [l3].[ReleasedOn], [l3].[RemainingWeightAfterAllocation], [l3].[Remarks], [l3].[RequiredWidth], [l3].[ReservedBy], [l3].[ReservedOn], [l3].[SlitCoilId], [l3].[SlitCoilNumber], [l3].[Status]
FROM [app].[LaminationJobs] AS [l]
INNER JOIN [app].[Grades] AS [g] ON [l].[GradeId] = [g].[Id]
LEFT JOIN (
    SELECT [l0].[Id], [l0].[LaminationJobId], [l0].[PlannedWeight], [l0].[Remarks], [l0].[Sequence], [l0].[StackQuantity], [l0].[StepNumber], [l0].[Width], [t].[Id] AS [Id0], [t].[LaminationJobStepId], [t].[Length], [t].[PlannedWeight] AS [PlannedWeight0], [t].[PlateType], [t].[Quantity], [t].[Remarks] AS [Remarks0], [t].[Width] AS [Width0], [t].[Id0] AS [Id00], [t].[DimensionCode], [t].[DimensionValue], [t].[DisplayName], [t].[LaminationJobPlateId], [t].[Remarks0] AS [Remarks00], [t].[Sequence] AS [Sequence0], [t].[Unit]
    FROM [app].[LaminationJobSteps] AS [l0]
    LEFT JOIN (
        SELECT [l1].[Id], [l1].[LaminationJobStepId], [l1].[Length], [l1].[PlannedWeight], [l1].[PlateType], [l1].[Quantity], [l1].[Remarks], [l1].[Width], [l2].[Id] AS [Id0], [l2].[DimensionCode], [l2].[DimensionValue], [l2].[DisplayName], [l2].[LaminationJobPlateId], [l2].[Remarks] AS [Remarks0], [l2].[Sequence], [l2].[Unit]
        FROM [app].[LaminationJobPlates] AS [l1]
        LEFT JOIN [app].[LaminationPlateDimensions] AS [l2] ON [l1].[Id] = [l2].[LaminationJobPlateId]
    ) AS [t] ON [l0].[Id] = [t].[LaminationJobStepId]
) AS [t0] ON [l].[Id] = [t0].[LaminationJobId]
LEFT JOIN [app].[LaminationJobMaterialAllocations] AS [l3] ON [l].[Id] = [l3].[LaminationJobId]
WHERE [l].[IsDeleted] = CAST(0 AS bit)
ORDER BY [l].[Id], [g].[Id], [t0].[Id], [t0].[Id0], [t0].[Id00]
[23:43:08 INF] HTTP GET /api/dashboard/operations responded 200 in 39.2765 ms
[23:43:08 WRN] You do not have a valid license key for the Lucky Penny software AutoMapper. This is allowed for development and testing scenarios. If you are running in production you are required to have a licensed version. Please visit https://luckypennysoftware.com to obtain a valid license.
[23:43:08 INF] Executed DbCommand (1ms) [Parameters=[], CommandType='Text', CommandTimeout='30']
SELECT COUNT(*)
FROM [app].[RawCoils] AS [r]
WHERE [r].[IsDeleted] = CAST(0 AS bit)
[23:43:08 INF] Executed DbCommand (5ms) [Parameters=[@__p_0='?' (DbType = Int32), @__p_1='?' (DbType = Int32)], CommandType='Text', CommandTimeout='30']
SELECT [t].[Id], [t].[RawCoilNumber], [t].[CoilNumber], [t].[HeatNumber], [t].[PONumber], [t].[InvoiceNo], [t].[MillTCNo], [t].[BISLicNumber], [t].[SupplierId], [s].[Name], [t].[ManufacturerId], [m].[Name], [t].[GradeId], [g].[Code], [t].[Thickness], [t].[Category], [t].[Width], [t].[Weight], [t].[Length], [t].[CoreLossPerKg], [t].[WarehouseLocation], [t].[Status], [t].[ReceivedDate], [t].[CreatedAtUtc], [t].[CreatedBy], [t].[UpdatedAtUtc], [t].[UpdatedBy], [t].[IsDeleted], [t].[DeletedAtUtc], [t].[RowVersion]
FROM (
    SELECT [r].[Id], [r].[BISLicNumber], [r].[Category], [r].[CoilNumber], [r].[CoreLossPerKg], [r].[CreatedAtUtc], [r].[CreatedBy], [r].[DeletedAtUtc], [r].[GradeId], [r].[HeatNumber], [r].[InvoiceNo], [r].[IsDeleted], [r].[Length], [r].[ManufacturerId], [r].[MillTCNo], [r].[PONumber], [r].[RawCoilNumber], [r].[ReceivedDate], [r].[RowVersion], [r].[Status], [r].[SupplierId], [r].[Thickness], [r].[UpdatedAtUtc], [r].[UpdatedBy], [r].[WarehouseLocation], [r].[Weight], [r].[Width]
    FROM [app].[RawCoils] AS [r]
    WHERE [r].[IsDeleted] = CAST(0 AS bit)
    ORDER BY [r].[CreatedAtUtc]
    OFFSET @__p_0 ROWS FETCH NEXT @__p_1 ROWS ONLY
) AS [t]
INNER JOIN [app].[Suppliers] AS [s] ON [t].[SupplierId] = [s].[Id]
INNER JOIN [app].[Manufacturers] AS [m] ON [t].[ManufacturerId] = [m].[Id]
INNER JOIN [app].[Grades] AS [g] ON [t].[GradeId] = [g].[Id]
ORDER BY [t].[CreatedAtUtc]
[23:43:08 INF] HTTP GET /api/rawcoils responded 200 in 171.6048 ms
[23:43:09 ERR] Failed executing DbCommand (1ms) [Parameters=[], CommandType='Text', CommandTimeout='30']
SELECT COUNT(*)
FROM [sales].[SalesOrders] AS [s]
[23:43:09 ERR] An exception occurred while iterating over the results of a query for context type 'CoilManager.Persistence.ApplicationDbContext'.
Microsoft.Data.SqlClient.SqlException (0x80131904): Invalid object name 'sales.SalesOrders'.
   at System.Threading.Tasks.ContinuationResultTaskFromResultTask`2.InnerInvoke()
   at System.Threading.ExecutionContext.RunInternal(ExecutionContext executionContext, ContextCallback callback, Object state)
--- End of stack trace from previous location ---
   at System.Threading.ExecutionContext.RunInternal(ExecutionContext executionContext, ContextCallback callback, Object state)
   at System.Threading.Tasks.Task.ExecuteWithThreadLocal(Task& currentTaskSlot, Thread threadPoolThread)
--- End of stack trace from previous location ---
   at Microsoft.EntityFrameworkCore.Storage.RelationalCommand.ExecuteReaderAsync(RelationalCommandParameterObject parameterObject, CancellationToken cancellationToken)
   at Microsoft.EntityFrameworkCore.Storage.RelationalCommand.ExecuteReaderAsync(RelationalCommandParameterObject parameterObject, CancellationToken cancellationToken)
   at Microsoft.EntityFrameworkCore.Query.Internal.SingleQueryingEnumerable`1.AsyncEnumerator.InitializeReaderAsync(AsyncEnumerator enumerator, CancellationToken cancellationToken)
   at Microsoft.EntityFrameworkCore.SqlServer.Storage.Internal.SqlServerExecutionStrategy.ExecuteAsync[TState,TResult](TState state, Func`4 operation, Func`4 verifySucceeded, CancellationToken cancellationToken)
   at Microsoft.EntityFrameworkCore.Query.Internal.SingleQueryingEnumerable`1.AsyncEnumerator.MoveNextAsync()
ClientConnectionId:32a45417-e162-400b-a8e4-25ee6e629d83
Error Number:208,State:1,Class:16
Microsoft.Data.SqlClient.SqlException (0x80131904): Invalid object name 'sales.SalesOrders'.
   at System.Threading.Tasks.ContinuationResultTaskFromResultTask`2.InnerInvoke()
   at System.Threading.ExecutionContext.RunInternal(ExecutionContext executionContext, ContextCallback callback, Object state)
--- End of stack trace from previous location ---
   at System.Threading.ExecutionContext.RunInternal(ExecutionContext executionContext, ContextCallback callback, Object state)
   at System.Threading.Tasks.Task.ExecuteWithThreadLocal(Task& currentTaskSlot, Thread threadPoolThread)
--- End of stack trace from previous location ---
   at Microsoft.EntityFrameworkCore.Storage.RelationalCommand.ExecuteReaderAsync(RelationalCommandParameterObject parameterObject, CancellationToken cancellationToken)
   at Microsoft.EntityFrameworkCore.Storage.RelationalCommand.ExecuteReaderAsync(RelationalCommandParameterObject parameterObject, CancellationToken cancellationToken)
   at Microsoft.EntityFrameworkCore.Query.Internal.SingleQueryingEnumerable`1.AsyncEnumerator.InitializeReaderAsync(AsyncEnumerator enumerator, CancellationToken cancellationToken)
   at Microsoft.EntityFrameworkCore.SqlServer.Storage.Internal.SqlServerExecutionStrategy.ExecuteAsync[TState,TResult](TState state, Func`4 operation, Func`4 verifySucceeded, CancellationToken cancellationToken)
   at Microsoft.EntityFrameworkCore.Query.Internal.SingleQueryingEnumerable`1.AsyncEnumerator.MoveNextAsync()
ClientConnectionId:32a45417-e162-400b-a8e4-25ee6e629d83
Error Number:208,State:1,Class:16
[23:43:09 ERR] HTTP GET /api/sales-orders responded 500 in 9.4967 ms
Microsoft.Data.SqlClient.SqlException (0x80131904): Invalid object name 'sales.SalesOrders'.
   at System.Threading.Tasks.ContinuationResultTaskFromResultTask`2.InnerInvoke()
   at System.Threading.ExecutionContext.RunInternal(ExecutionContext executionContext, ContextCallback callback, Object state)
--- End of stack trace from previous location ---
   at System.Threading.ExecutionContext.RunInternal(ExecutionContext executionContext, ContextCallback callback, Object state)
   at System.Threading.Tasks.Task.ExecuteWithThreadLocal(Task& currentTaskSlot, Thread threadPoolThread)
--- End of stack trace from previous location ---
   at Microsoft.EntityFrameworkCore.Storage.RelationalCommand.ExecuteReaderAsync(RelationalCommandParameterObject parameterObject, CancellationToken cancellationToken)
   at Microsoft.EntityFrameworkCore.Storage.RelationalCommand.ExecuteReaderAsync(RelationalCommandParameterObject parameterObject, CancellationToken cancellationToken)
   at Microsoft.EntityFrameworkCore.Query.Internal.SingleQueryingEnumerable`1.AsyncEnumerator.InitializeReaderAsync(AsyncEnumerator enumerator, CancellationToken cancellationToken)
   at Microsoft.EntityFrameworkCore.SqlServer.Storage.Internal.SqlServerExecutionStrategy.ExecuteAsync[TState,TResult](TState state, Func`4 operation, Func`4 verifySucceeded, CancellationToken cancellationToken)
   at Microsoft.EntityFrameworkCore.Query.Internal.SingleQueryingEnumerable`1.AsyncEnumerator.MoveNextAsync()
   at Microsoft.EntityFrameworkCore.Query.ShapedQueryCompilingExpressionVisitor.SingleAsync[TSource](IAsyncEnumerable`1 asyncEnumerable, CancellationToken cancellationToken)
   at Microsoft.EntityFrameworkCore.Query.ShapedQueryCompilingExpressionVisitor.SingleAsync[TSource](IAsyncEnumerable`1 asyncEnumerable, CancellationToken cancellationToken)
   at CoilManager.API.Controllers.SalesOrdersController.List(String search, Nullable`1 customerId, Nullable`1 status, Nullable`1 priority, Nullable`1 orderDateFrom, Nullable`1 orderDateTo, Nullable`1 deliveryDateFrom, Nullable`1 deliveryDateTo, Nullable`1 productType, Int32 page, Int32 pageSize, CancellationToken ct) in C:\VISHAL\Codes\CoilManager\src\CoilManager.API\Controllers\SalesOrdersController.cs:line 18
   at lambda_method30(Closure, Object)
   at Microsoft.AspNetCore.Mvc.Infrastructure.ActionMethodExecutor.AwaitableObjectResultExecutor.Execute(ActionContext actionContext, IActionResultTypeMapper mapper, ObjectMethodExecutor executor, Object controller, Object[] arguments)
   at Microsoft.AspNetCore.Mvc.Infrastructure.ControllerActionInvoker.<InvokeActionMethodAsync>g__Awaited|12_0(ControllerActionInvoker invoker, ValueTask`1 actionResultValueTask)
   at Microsoft.AspNetCore.Mvc.Infrastructure.ControllerActionInvoker.<InvokeNextActionFilterAsync>g__Awaited|10_0(ControllerActionInvoker invoker, Task lastTask, State next, Scope scope, Object state, Boolean isCompleted)
   at Microsoft.AspNetCore.Mvc.Infrastructure.ControllerActionInvoker.Rethrow(ActionExecutedContextSealed context)
   at Microsoft.AspNetCore.Mvc.Infrastructure.ControllerActionInvoker.Next(State& next, Scope& scope, Object& state, Boolean& isCompleted)
   at Microsoft.AspNetCore.Mvc.Infrastructure.ControllerActionInvoker.<InvokeInnerFilterAsync>g__Awaited|13_0(ControllerActionInvoker invoker, Task lastTask, State next, Scope scope, Object state, Boolean isCompleted)
   at Microsoft.AspNetCore.Mvc.Infrastructure.ResourceInvoker.<InvokeFilterPipelineAsync>g__Awaited|20_0(ResourceInvoker invoker, Task lastTask, State next, Scope scope, Object state, Boolean isCompleted)
   at Microsoft.AspNetCore.Mvc.Infrastructure.ResourceInvoker.<InvokeAsync>g__Awaited|17_0(ResourceInvoker invoker, Task task, IDisposable scope)
   at Microsoft.AspNetCore.Mvc.Infrastructure.ResourceInvoker.<InvokeAsync>g__Awaited|17_0(ResourceInvoker invoker, Task task, IDisposable scope)
   at Microsoft.AspNetCore.Authorization.AuthorizationMiddleware.Invoke(HttpContext context)
   at Microsoft.AspNetCore.Authentication.AuthenticationMiddleware.Invoke(HttpContext context)
   at Serilog.AspNetCore.RequestLoggingMiddleware.Invoke(HttpContext httpContext)
ClientConnectionId:32a45417-e162-400b-a8e4-25ee6e629d83
Error Number:208,State:1,Class:16
[23:43:09 ERR] Exception while processing GET /api/sales-orders.
Microsoft.Data.SqlClient.SqlException (0x80131904): Invalid object name 'sales.SalesOrders'.
   at System.Threading.Tasks.ContinuationResultTaskFromResultTask`2.InnerInvoke()
   at System.Threading.ExecutionContext.RunInternal(ExecutionContext executionContext, ContextCallback callback, Object state)
--- End of stack trace from previous location ---
   at System.Threading.ExecutionContext.RunInternal(ExecutionContext executionContext, ContextCallback callback, Object state)
   at System.Threading.Tasks.Task.ExecuteWithThreadLocal(Task& currentTaskSlot, Thread threadPoolThread)
--- End of stack trace from previous location ---
   at Microsoft.EntityFrameworkCore.Storage.RelationalCommand.ExecuteReaderAsync(RelationalCommandParameterObject parameterObject, CancellationToken cancellationToken)
   at Microsoft.EntityFrameworkCore.Storage.RelationalCommand.ExecuteReaderAsync(RelationalCommandParameterObject parameterObject, CancellationToken cancellationToken)
   at Microsoft.EntityFrameworkCore.Query.Internal.SingleQueryingEnumerable`1.AsyncEnumerator.InitializeReaderAsync(AsyncEnumerator enumerator, CancellationToken cancellationToken)
   at Microsoft.EntityFrameworkCore.SqlServer.Storage.Internal.SqlServerExecutionStrategy.ExecuteAsync[TState,TResult](TState state, Func`4 operation, Func`4 verifySucceeded, CancellationToken cancellationToken)
   at Microsoft.EntityFrameworkCore.Query.Internal.SingleQueryingEnumerable`1.AsyncEnumerator.MoveNextAsync()
   at Microsoft.EntityFrameworkCore.Query.ShapedQueryCompilingExpressionVisitor.SingleAsync[TSource](IAsyncEnumerable`1 asyncEnumerable, CancellationToken cancellationToken)
   at Microsoft.EntityFrameworkCore.Query.ShapedQueryCompilingExpressionVisitor.SingleAsync[TSource](IAsyncEnumerable`1 asyncEnumerable, CancellationToken cancellationToken)
   at CoilManager.API.Controllers.SalesOrdersController.List(String search, Nullable`1 customerId, Nullable`1 status, Nullable`1 priority, Nullable`1 orderDateFrom, Nullable`1 orderDateTo, Nullable`1 deliveryDateFrom, Nullable`1 deliveryDateTo, Nullable`1 productType, Int32 page, Int32 pageSize, CancellationToken ct) in C:\VISHAL\Codes\CoilManager\src\CoilManager.API\Controllers\SalesOrdersController.cs:line 18
   at lambda_method30(Closure, Object)
   at Microsoft.AspNetCore.Mvc.Infrastructure.ActionMethodExecutor.AwaitableObjectResultExecutor.Execute(ActionContext actionContext, IActionResultTypeMapper mapper, ObjectMethodExecutor executor, Object controller, Object[] arguments)
   at Microsoft.AspNetCore.Mvc.Infrastructure.ControllerActionInvoker.<InvokeActionMethodAsync>g__Awaited|12_0(ControllerActionInvoker invoker, ValueTask`1 actionResultValueTask)
   at Microsoft.AspNetCore.Mvc.Infrastructure.ControllerActionInvoker.<InvokeNextActionFilterAsync>g__Awaited|10_0(ControllerActionInvoker invoker, Task lastTask, State next, Scope scope, Object state, Boolean isCompleted)
   at Microsoft.AspNetCore.Mvc.Infrastructure.ControllerActionInvoker.Rethrow(ActionExecutedContextSealed context)
   at Microsoft.AspNetCore.Mvc.Infrastructure.ControllerActionInvoker.Next(State& next, Scope& scope, Object& state, Boolean& isCompleted)
   at Microsoft.AspNetCore.Mvc.Infrastructure.ControllerActionInvoker.<InvokeInnerFilterAsync>g__Awaited|13_0(ControllerActionInvoker invoker, Task lastTask, State next, Scope scope, Object state, Boolean isCompleted)
   at Microsoft.AspNetCore.Mvc.Infrastructure.ResourceInvoker.<InvokeFilterPipelineAsync>g__Awaited|20_0(ResourceInvoker invoker, Task lastTask, State next, Scope scope, Object state, Boolean isCompleted)
   at Microsoft.AspNetCore.Mvc.Infrastructure.ResourceInvoker.<InvokeAsync>g__Awaited|17_0(ResourceInvoker invoker, Task task, IDisposable scope)
   at Microsoft.AspNetCore.Mvc.Infrastructure.ResourceInvoker.<InvokeAsync>g__Awaited|17_0(ResourceInvoker invoker, Task task, IDisposable scope)
   at Microsoft.AspNetCore.Authorization.AuthorizationMiddleware.Invoke(HttpContext context)
   at Microsoft.AspNetCore.Authentication.AuthenticationMiddleware.Invoke(HttpContext context)
   at Serilog.AspNetCore.RequestLoggingMiddleware.Invoke(HttpContext httpContext)
   at Swashbuckle.AspNetCore.SwaggerUI.SwaggerUIMiddleware.Invoke(HttpContext httpContext)
   at Swashbuckle.AspNetCore.Swagger.SwaggerMiddleware.Invoke(HttpContext httpContext, ISwaggerProvider swaggerProvider)
   at CoilManager.API.Middleware.GlobalExceptionMiddleware.InvokeAsync(HttpContext context) in C:\VISHAL\Codes\CoilManager\src\CoilManager.API\Middleware\GlobalExceptionMiddleware.cs:line 27
ClientConnectionId:32a45417-e162-400b-a8e4-25ee6e629d83
Error Number:208,State:1,Class:16
[23:43:10 ERR] Failed executing DbCommand (1ms) [Parameters=[], CommandType='Text', CommandTimeout='30']
SELECT COUNT(*)
FROM [sales].[Customers] AS [c]
[23:43:10 ERR] An exception occurred while iterating over the results of a query for context type 'CoilManager.Persistence.ApplicationDbContext'.
Microsoft.Data.SqlClient.SqlException (0x80131904): Invalid object name 'sales.Customers'.
   at System.Threading.Tasks.ContinuationResultTaskFromResultTask`2.InnerInvoke()
   at System.Threading.ExecutionContext.RunInternal(ExecutionContext executionContext, ContextCallback callback, Object state)
--- End of stack trace from previous location ---
   at System.Threading.ExecutionContext.RunInternal(ExecutionContext executionContext, ContextCallback callback, Object state)
   at System.Threading.Tasks.Task.ExecuteWithThreadLocal(Task& currentTaskSlot, Thread threadPoolThread)
--- End of stack trace from previous location ---
   at Microsoft.EntityFrameworkCore.Storage.RelationalCommand.ExecuteReaderAsync(RelationalCommandParameterObject parameterObject, CancellationToken cancellationToken)
   at Microsoft.EntityFrameworkCore.Storage.RelationalCommand.ExecuteReaderAsync(RelationalCommandParameterObject parameterObject, CancellationToken cancellationToken)
   at Microsoft.EntityFrameworkCore.Query.Internal.SingleQueryingEnumerable`1.AsyncEnumerator.InitializeReaderAsync(AsyncEnumerator enumerator, CancellationToken cancellationToken)
   at Microsoft.EntityFrameworkCore.SqlServer.Storage.Internal.SqlServerExecutionStrategy.ExecuteAsync[TState,TResult](TState state, Func`4 operation, Func`4 verifySucceeded, CancellationToken cancellationToken)
   at Microsoft.EntityFrameworkCore.Query.Internal.SingleQueryingEnumerable`1.AsyncEnumerator.MoveNextAsync()
ClientConnectionId:32a45417-e162-400b-a8e4-25ee6e629d83
Error Number:208,State:1,Class:16
Microsoft.Data.SqlClient.SqlException (0x80131904): Invalid object name 'sales.Customers'.
   at System.Threading.Tasks.ContinuationResultTaskFromResultTask`2.InnerInvoke()
   at System.Threading.ExecutionContext.RunInternal(ExecutionContext executionContext, ContextCallback callback, Object state)
--- End of stack trace from previous location ---
   at System.Threading.ExecutionContext.RunInternal(ExecutionContext executionContext, ContextCallback callback, Object state)
   at System.Threading.Tasks.Task.ExecuteWithThreadLocal(Task& currentTaskSlot, Thread threadPoolThread)
--- End of stack trace from previous location ---
   at Microsoft.EntityFrameworkCore.Storage.RelationalCommand.ExecuteReaderAsync(RelationalCommandParameterObject parameterObject, CancellationToken cancellationToken)
   at Microsoft.EntityFrameworkCore.Storage.RelationalCommand.ExecuteReaderAsync(RelationalCommandParameterObject parameterObject, CancellationToken cancellationToken)
   at Microsoft.EntityFrameworkCore.Query.Internal.SingleQueryingEnumerable`1.AsyncEnumerator.InitializeReaderAsync(AsyncEnumerator enumerator, CancellationToken cancellationToken)
   at Microsoft.EntityFrameworkCore.SqlServer.Storage.Internal.SqlServerExecutionStrategy.ExecuteAsync[TState,TResult](TState state, Func`4 operation, Func`4 verifySucceeded, CancellationToken cancellationToken)
   at Microsoft.EntityFrameworkCore.Query.Internal.SingleQueryingEnumerable`1.AsyncEnumerator.MoveNextAsync()
ClientConnectionId:32a45417-e162-400b-a8e4-25ee6e629d83
Error Number:208,State:1,Class:16
[23:43:10 ERR] HTTP GET /api/customers responded 500 in 5.0599 ms
Microsoft.Data.SqlClient.SqlException (0x80131904): Invalid object name 'sales.Customers'.
   at System.Threading.Tasks.ContinuationResultTaskFromResultTask`2.InnerInvoke()
   at System.Threading.ExecutionContext.RunInternal(ExecutionContext executionContext, ContextCallback callback, Object state)
--- End of stack trace from previous location ---
   at System.Threading.ExecutionContext.RunInternal(ExecutionContext executionContext, ContextCallback callback, Object state)
   at System.Threading.Tasks.Task.ExecuteWithThreadLocal(Task& currentTaskSlot, Thread threadPoolThread)
--- End of stack trace from previous location ---
   at Microsoft.EntityFrameworkCore.Storage.RelationalCommand.ExecuteReaderAsync(RelationalCommandParameterObject parameterObject, CancellationToken cancellationToken)
   at Microsoft.EntityFrameworkCore.Storage.RelationalCommand.ExecuteReaderAsync(RelationalCommandParameterObject parameterObject, CancellationToken cancellationToken)
   at Microsoft.EntityFrameworkCore.Query.Internal.SingleQueryingEnumerable`1.AsyncEnumerator.InitializeReaderAsync(AsyncEnumerator enumerator, CancellationToken cancellationToken)
   at Microsoft.EntityFrameworkCore.SqlServer.Storage.Internal.SqlServerExecutionStrategy.ExecuteAsync[TState,TResult](TState state, Func`4 operation, Func`4 verifySucceeded, CancellationToken cancellationToken)
   at Microsoft.EntityFrameworkCore.Query.Internal.SingleQueryingEnumerable`1.AsyncEnumerator.MoveNextAsync()
   at Microsoft.EntityFrameworkCore.Query.ShapedQueryCompilingExpressionVisitor.SingleAsync[TSource](IAsyncEnumerable`1 asyncEnumerable, CancellationToken cancellationToken)
   at Microsoft.EntityFrameworkCore.Query.ShapedQueryCompilingExpressionVisitor.SingleAsync[TSource](IAsyncEnumerable`1 asyncEnumerable, CancellationToken cancellationToken)
   at CoilManager.API.Controllers.CustomersController.List(String search, Nullable`1 isActive, String city, String state, String country, Int32 page, Int32 pageSize, CancellationToken ct) in C:\VISHAL\Codes\CoilManager\src\CoilManager.API\Controllers\CustomersController.cs:line 16
   at lambda_method69(Closure, Object)
   at Microsoft.AspNetCore.Mvc.Infrastructure.ActionMethodExecutor.AwaitableObjectResultExecutor.Execute(ActionContext actionContext, IActionResultTypeMapper mapper, ObjectMethodExecutor executor, Object controller, Object[] arguments)
   at Microsoft.AspNetCore.Mvc.Infrastructure.ControllerActionInvoker.<InvokeActionMethodAsync>g__Awaited|12_0(ControllerActionInvoker invoker, ValueTask`1 actionResultValueTask)
   at Microsoft.AspNetCore.Mvc.Infrastructure.ControllerActionInvoker.<InvokeNextActionFilterAsync>g__Awaited|10_0(ControllerActionInvoker invoker, Task lastTask, State next, Scope scope, Object state, Boolean isCompleted)
   at Microsoft.AspNetCore.Mvc.Infrastructure.ControllerActionInvoker.Rethrow(ActionExecutedContextSealed context)
   at Microsoft.AspNetCore.Mvc.Infrastructure.ControllerActionInvoker.Next(State& next, Scope& scope, Object& state, Boolean& isCompleted)
   at Microsoft.AspNetCore.Mvc.Infrastructure.ControllerActionInvoker.<InvokeInnerFilterAsync>g__Awaited|13_0(ControllerActionInvoker invoker, Task lastTask, State next, Scope scope, Object state, Boolean isCompleted)
   at Microsoft.AspNetCore.Mvc.Infrastructure.ResourceInvoker.<InvokeFilterPipelineAsync>g__Awaited|20_0(ResourceInvoker invoker, Task lastTask, State next, Scope scope, Object state, Boolean isCompleted)
   at Microsoft.AspNetCore.Mvc.Infrastructure.ResourceInvoker.<InvokeAsync>g__Awaited|17_0(ResourceInvoker invoker, Task task, IDisposable scope)
   at Microsoft.AspNetCore.Mvc.Infrastructure.ResourceInvoker.<InvokeAsync>g__Awaited|17_0(ResourceInvoker invoker, Task task, IDisposable scope)
   at Microsoft.AspNetCore.Authorization.AuthorizationMiddleware.Invoke(HttpContext context)
   at Microsoft.AspNetCore.Authentication.AuthenticationMiddleware.Invoke(HttpContext context)
   at Serilog.AspNetCore.RequestLoggingMiddleware.Invoke(HttpContext httpContext)
ClientConnectionId:32a45417-e162-400b-a8e4-25ee6e629d83
Error Number:208,State:1,Class:16
[23:43:10 ERR] Exception while processing GET /api/customers.
Microsoft.Data.SqlClient.SqlException (0x80131904): Invalid object name 'sales.Customers'.
   at System.Threading.Tasks.ContinuationResultTaskFromResultTask`2.InnerInvoke()
   at System.Threading.ExecutionContext.RunInternal(ExecutionContext executionContext, ContextCallback callback, Object state)
--- End of stack trace from previous location ---
   at System.Threading.ExecutionContext.RunInternal(ExecutionContext executionContext, ContextCallback callback, Object state)
   at System.Threading.Tasks.Task.ExecuteWithThreadLocal(Task& currentTaskSlot, Thread threadPoolThread)
--- End of stack trace from previous location ---
   at Microsoft.EntityFrameworkCore.Storage.RelationalCommand.ExecuteReaderAsync(RelationalCommandParameterObject parameterObject, CancellationToken cancellationToken)
   at Microsoft.EntityFrameworkCore.Storage.RelationalCommand.ExecuteReaderAsync(RelationalCommandParameterObject parameterObject, CancellationToken cancellationToken)
   at Microsoft.EntityFrameworkCore.Query.Internal.SingleQueryingEnumerable`1.AsyncEnumerator.InitializeReaderAsync(AsyncEnumerator enumerator, CancellationToken cancellationToken)
   at Microsoft.EntityFrameworkCore.SqlServer.Storage.Internal.SqlServerExecutionStrategy.ExecuteAsync[TState,TResult](TState state, Func`4 operation, Func`4 verifySucceeded, CancellationToken cancellationToken)
   at Microsoft.EntityFrameworkCore.Query.Internal.SingleQueryingEnumerable`1.AsyncEnumerator.MoveNextAsync()
   at Microsoft.EntityFrameworkCore.Query.ShapedQueryCompilingExpressionVisitor.SingleAsync[TSource](IAsyncEnumerable`1 asyncEnumerable, CancellationToken cancellationToken)
   at Microsoft.EntityFrameworkCore.Query.ShapedQueryCompilingExpressionVisitor.SingleAsync[TSource](IAsyncEnumerable`1 asyncEnumerable, CancellationToken cancellationToken)
   at CoilManager.API.Controllers.CustomersController.List(String search, Nullable`1 isActive, String city, String state, String country, Int32 page, Int32 pageSize, CancellationToken ct) in C:\VISHAL\Codes\CoilManager\src\CoilManager.API\Controllers\CustomersController.cs:line 16
   at lambda_method69(Closure, Object)
   at Microsoft.AspNetCore.Mvc.Infrastructure.ActionMethodExecutor.AwaitableObjectResultExecutor.Execute(ActionContext actionContext, IActionResultTypeMapper mapper, ObjectMethodExecutor executor, Object controller, Object[] arguments)
   at Microsoft.AspNetCore.Mvc.Infrastructure.ControllerActionInvoker.<InvokeActionMethodAsync>g__Awaited|12_0(ControllerActionInvoker invoker, ValueTask`1 actionResultValueTask)
   at Microsoft.AspNetCore.Mvc.Infrastructure.ControllerActionInvoker.<InvokeNextActionFilterAsync>g__Awaited|10_0(ControllerActionInvoker invoker, Task lastTask, State next, Scope scope, Object state, Boolean isCompleted)
   at Microsoft.AspNetCore.Mvc.Infrastructure.ControllerActionInvoker.Rethrow(ActionExecutedContextSealed context)
   at Microsoft.AspNetCore.Mvc.Infrastructure.ControllerActionInvoker.Next(State& next, Scope& scope, Object& state, Boolean& isCompleted)
   at Microsoft.AspNetCore.Mvc.Infrastructure.ControllerActionInvoker.<InvokeInnerFilterAsync>g__Awaited|13_0(ControllerActionInvoker invoker, Task lastTask, State next, Scope scope, Object state, Boolean isCompleted)
   at Microsoft.AspNetCore.Mvc.Infrastructure.ResourceInvoker.<InvokeFilterPipelineAsync>g__Awaited|20_0(ResourceInvoker invoker, Task lastTask, State next, Scope scope, Object state, Boolean isCompleted)
   at Microsoft.AspNetCore.Mvc.Infrastructure.ResourceInvoker.<InvokeAsync>g__Awaited|17_0(ResourceInvoker invoker, Task task, IDisposable scope)
   at Microsoft.AspNetCore.Mvc.Infrastructure.ResourceInvoker.<InvokeAsync>g__Awaited|17_0(ResourceInvoker invoker, Task task, IDisposable scope)
   at Microsoft.AspNetCore.Authorization.AuthorizationMiddleware.Invoke(HttpContext context)
   at Microsoft.AspNetCore.Authentication.AuthenticationMiddleware.Invoke(HttpContext context)
   at Serilog.AspNetCore.RequestLoggingMiddleware.Invoke(HttpContext httpContext)
   at Swashbuckle.AspNetCore.SwaggerUI.SwaggerUIMiddleware.Invoke(HttpContext httpContext)
   at Swashbuckle.AspNetCore.Swagger.SwaggerMiddleware.Invoke(HttpContext httpContext, ISwaggerProvider swaggerProvider)
   at CoilManager.API.Middleware.GlobalExceptionMiddleware.InvokeAsync(HttpContext context) in C:\VISHAL\Codes\CoilManager\src\CoilManager.API\Middleware\GlobalExceptionMiddleware.cs:line 27
ClientConnectionId:32a45417-e162-400b-a8e4-25ee6e629d83
Error Number:208,State:1,Class:16
[23:43:36 INF] HTTP OPTIONS /api/sales-orders responded 204 in 0.0416 ms
[23:43:36 ERR] Failed executing DbCommand (2ms) [Parameters=[], CommandType='Text', CommandTimeout='30']
SELECT COUNT(*)
FROM [sales].[SalesOrders] AS [s]
[23:43:36 ERR] An exception occurred while iterating over the results of a query for context type 'CoilManager.Persistence.ApplicationDbContext'.
Microsoft.Data.SqlClient.SqlException (0x80131904): Invalid object name 'sales.SalesOrders'.
   at System.Threading.Tasks.ContinuationResultTaskFromResultTask`2.InnerInvoke()
   at System.Threading.ExecutionContext.RunInternal(ExecutionContext executionContext, ContextCallback callback, Object state)
--- End of stack trace from previous location ---
   at System.Threading.ExecutionContext.RunInternal(ExecutionContext executionContext, ContextCallback callback, Object state)
   at System.Threading.Tasks.Task.ExecuteWithThreadLocal(Task& currentTaskSlot, Thread threadPoolThread)
--- End of stack trace from previous location ---
   at Microsoft.EntityFrameworkCore.Storage.RelationalCommand.ExecuteReaderAsync(RelationalCommandParameterObject parameterObject, CancellationToken cancellationToken)
   at Microsoft.EntityFrameworkCore.Storage.RelationalCommand.ExecuteReaderAsync(RelationalCommandParameterObject parameterObject, CancellationToken cancellationToken)
   at Microsoft.EntityFrameworkCore.Query.Internal.SingleQueryingEnumerable`1.AsyncEnumerator.InitializeReaderAsync(AsyncEnumerator enumerator, CancellationToken cancellationToken)
   at Microsoft.EntityFrameworkCore.SqlServer.Storage.Internal.SqlServerExecutionStrategy.ExecuteAsync[TState,TResult](TState state, Func`4 operation, Func`4 verifySucceeded, CancellationToken cancellationToken)
   at Microsoft.EntityFrameworkCore.Query.Internal.SingleQueryingEnumerable`1.AsyncEnumerator.MoveNextAsync()
ClientConnectionId:32a45417-e162-400b-a8e4-25ee6e629d83
Error Number:208,State:1,Class:16
Microsoft.Data.SqlClient.SqlException (0x80131904): Invalid object name 'sales.SalesOrders'.
   at System.Threading.Tasks.ContinuationResultTaskFromResultTask`2.InnerInvoke()
   at System.Threading.ExecutionContext.RunInternal(ExecutionContext executionContext, ContextCallback callback, Object state)
--- End of stack trace from previous location ---
   at System.Threading.ExecutionContext.RunInternal(ExecutionContext executionContext, ContextCallback callback, Object state)
   at System.Threading.Tasks.Task.ExecuteWithThreadLocal(Task& currentTaskSlot, Thread threadPoolThread)
--- End of stack trace from previous location ---
   at Microsoft.EntityFrameworkCore.Storage.RelationalCommand.ExecuteReaderAsync(RelationalCommandParameterObject parameterObject, CancellationToken cancellationToken)
   at Microsoft.EntityFrameworkCore.Storage.RelationalCommand.ExecuteReaderAsync(RelationalCommandParameterObject parameterObject, CancellationToken cancellationToken)
   at Microsoft.EntityFrameworkCore.Query.Internal.SingleQueryingEnumerable`1.AsyncEnumerator.InitializeReaderAsync(AsyncEnumerator enumerator, CancellationToken cancellationToken)
   at Microsoft.EntityFrameworkCore.SqlServer.Storage.Internal.SqlServerExecutionStrategy.ExecuteAsync[TState,TResult](TState state, Func`4 operation, Func`4 verifySucceeded, CancellationToken cancellationToken)
   at Microsoft.EntityFrameworkCore.Query.Internal.SingleQueryingEnumerable`1.AsyncEnumerator.MoveNextAsync()
ClientConnectionId:32a45417-e162-400b-a8e4-25ee6e629d83
Error Number:208,State:1,Class:16
[23:43:36 ERR] HTTP GET /api/sales-orders responded 500 in 7.0762 ms
Microsoft.Data.SqlClient.SqlException (0x80131904): Invalid object name 'sales.SalesOrders'.
   at System.Threading.Tasks.ContinuationResultTaskFromResultTask`2.InnerInvoke()
   at System.Threading.ExecutionContext.RunInternal(ExecutionContext executionContext, ContextCallback callback, Object state)
--- End of stack trace from previous location ---
   at System.Threading.ExecutionContext.RunInternal(ExecutionContext executionContext, ContextCallback callback, Object state)
   at System.Threading.Tasks.Task.ExecuteWithThreadLocal(Task& currentTaskSlot, Thread threadPoolThread)
--- End of stack trace from previous location ---
   at Microsoft.EntityFrameworkCore.Storage.RelationalCommand.ExecuteReaderAsync(RelationalCommandParameterObject parameterObject, CancellationToken cancellationToken)
   at Microsoft.EntityFrameworkCore.Storage.RelationalCommand.ExecuteReaderAsync(RelationalCommandParameterObject parameterObject, CancellationToken cancellationToken)
   at Microsoft.EntityFrameworkCore.Query.Internal.SingleQueryingEnumerable`1.AsyncEnumerator.InitializeReaderAsync(AsyncEnumerator enumerator, CancellationToken cancellationToken)
   at Microsoft.EntityFrameworkCore.SqlServer.Storage.Internal.SqlServerExecutionStrategy.ExecuteAsync[TState,TResult](TState state, Func`4 operation, Func`4 verifySucceeded, CancellationToken cancellationToken)
   at Microsoft.EntityFrameworkCore.Query.Internal.SingleQueryingEnumerable`1.AsyncEnumerator.MoveNextAsync()
   at Microsoft.EntityFrameworkCore.Query.ShapedQueryCompilingExpressionVisitor.SingleAsync[TSource](IAsyncEnumerable`1 asyncEnumerable, CancellationToken cancellationToken)
   at Microsoft.EntityFrameworkCore.Query.ShapedQueryCompilingExpressionVisitor.SingleAsync[TSource](IAsyncEnumerable`1 asyncEnumerable, CancellationToken cancellationToken)
   at CoilManager.API.Controllers.SalesOrdersController.List(String search, Nullable`1 customerId, Nullable`1 status, Nullable`1 priority, Nullable`1 orderDateFrom, Nullable`1 orderDateTo, Nullable`1 deliveryDateFrom, Nullable`1 deliveryDateTo, Nullable`1 productType, Int32 page, Int32 pageSize, CancellationToken ct) in C:\VISHAL\Codes\CoilManager\src\CoilManager.API\Controllers\SalesOrdersController.cs:line 18
   at lambda_method30(Closure, Object)
   at Microsoft.AspNetCore.Mvc.Infrastructure.ActionMethodExecutor.AwaitableObjectResultExecutor.Execute(ActionContext actionContext, IActionResultTypeMapper mapper, ObjectMethodExecutor executor, Object controller, Object[] arguments)
   at Microsoft.AspNetCore.Mvc.Infrastructure.ControllerActionInvoker.<InvokeActionMethodAsync>g__Awaited|12_0(ControllerActionInvoker invoker, ValueTask`1 actionResultValueTask)
   at Microsoft.AspNetCore.Mvc.Infrastructure.ControllerActionInvoker.<InvokeNextActionFilterAsync>g__Awaited|10_0(ControllerActionInvoker invoker, Task lastTask, State next, Scope scope, Object state, Boolean isCompleted)
   at Microsoft.AspNetCore.Mvc.Infrastructure.ControllerActionInvoker.Rethrow(ActionExecutedContextSealed context)
   at Microsoft.AspNetCore.Mvc.Infrastructure.ControllerActionInvoker.Next(State& next, Scope& scope, Object& state, Boolean& isCompleted)
   at Microsoft.AspNetCore.Mvc.Infrastructure.ControllerActionInvoker.<InvokeInnerFilterAsync>g__Awaited|13_0(ControllerActionInvoker invoker, Task lastTask, State next, Scope scope, Object state, Boolean isCompleted)
   at Microsoft.AspNetCore.Mvc.Infrastructure.ResourceInvoker.<InvokeFilterPipelineAsync>g__Awaited|20_0(ResourceInvoker invoker, Task lastTask, State next, Scope scope, Object state, Boolean isCompleted)
   at Microsoft.AspNetCore.Mvc.Infrastructure.ResourceInvoker.<InvokeAsync>g__Awaited|17_0(ResourceInvoker invoker, Task task, IDisposable scope)
   at Microsoft.AspNetCore.Mvc.Infrastructure.ResourceInvoker.<InvokeAsync>g__Awaited|17_0(ResourceInvoker invoker, Task task, IDisposable scope)
   at Microsoft.AspNetCore.Authorization.AuthorizationMiddleware.Invoke(HttpContext context)
   at Microsoft.AspNetCore.Authentication.AuthenticationMiddleware.Invoke(HttpContext context)
   at Serilog.AspNetCore.RequestLoggingMiddleware.Invoke(HttpContext httpContext)
ClientConnectionId:32a45417-e162-400b-a8e4-25ee6e629d83
Error Number:208,State:1,Class:16
[23:43:36 ERR] Exception while processing GET /api/sales-orders.
Microsoft.Data.SqlClient.SqlException (0x80131904): Invalid object name 'sales.SalesOrders'.
   at System.Threading.Tasks.ContinuationResultTaskFromResultTask`2.InnerInvoke()
   at System.Threading.ExecutionContext.RunInternal(ExecutionContext executionContext, ContextCallback callback, Object state)
--- End of stack trace from previous location ---
   at System.Threading.ExecutionContext.RunInternal(ExecutionContext executionContext, ContextCallback callback, Object state)
   at System.Threading.Tasks.Task.ExecuteWithThreadLocal(Task& currentTaskSlot, Thread threadPoolThread)
--- End of stack trace from previous location ---
   at Microsoft.EntityFrameworkCore.Storage.RelationalCommand.ExecuteReaderAsync(RelationalCommandParameterObject parameterObject, CancellationToken cancellationToken)
   at Microsoft.EntityFrameworkCore.Storage.RelationalCommand.ExecuteReaderAsync(RelationalCommandParameterObject parameterObject, CancellationToken cancellationToken)
   at Microsoft.EntityFrameworkCore.Query.Internal.SingleQueryingEnumerable`1.AsyncEnumerator.InitializeReaderAsync(AsyncEnumerator enumerator, CancellationToken cancellationToken)
   at Microsoft.EntityFrameworkCore.SqlServer.Storage.Internal.SqlServerExecutionStrategy.ExecuteAsync[TState,TResult](TState state, Func`4 operation, Func`4 verifySucceeded, CancellationToken cancellationToken)
   at Microsoft.EntityFrameworkCore.Query.Internal.SingleQueryingEnumerable`1.AsyncEnumerator.MoveNextAsync()
   at Microsoft.EntityFrameworkCore.Query.ShapedQueryCompilingExpressionVisitor.SingleAsync[TSource](IAsyncEnumerable`1 asyncEnumerable, CancellationToken cancellationToken)
   at Microsoft.EntityFrameworkCore.Query.ShapedQueryCompilingExpressionVisitor.SingleAsync[TSource](IAsyncEnumerable`1 asyncEnumerable, CancellationToken cancellationToken)
   at CoilManager.API.Controllers.SalesOrdersController.List(String search, Nullable`1 customerId, Nullable`1 status, Nullable`1 priority, Nullable`1 orderDateFrom, Nullable`1 orderDateTo, Nullable`1 deliveryDateFrom, Nullable`1 deliveryDateTo, Nullable`1 productType, Int32 page, Int32 pageSize, CancellationToken ct) in C:\VISHAL\Codes\CoilManager\src\CoilManager.API\Controllers\SalesOrdersController.cs:line 18
   at lambda_method30(Closure, Object)
   at Microsoft.AspNetCore.Mvc.Infrastructure.ActionMethodExecutor.AwaitableObjectResultExecutor.Execute(ActionContext actionContext, IActionResultTypeMapper mapper, ObjectMethodExecutor executor, Object controller, Object[] arguments)
   at Microsoft.AspNetCore.Mvc.Infrastructure.ControllerActionInvoker.<InvokeActionMethodAsync>g__Awaited|12_0(ControllerActionInvoker invoker, ValueTask`1 actionResultValueTask)
   at Microsoft.AspNetCore.Mvc.Infrastructure.ControllerActionInvoker.<InvokeNextActionFilterAsync>g__Awaited|10_0(ControllerActionInvoker invoker, Task lastTask, State next, Scope scope, Object state, Boolean isCompleted)
   at Microsoft.AspNetCore.Mvc.Infrastructure.ControllerActionInvoker.Rethrow(ActionExecutedContextSealed context)
   at Microsoft.AspNetCore.Mvc.Infrastructure.ControllerActionInvoker.Next(State& next, Scope& scope, Object& state, Boolean& isCompleted)
   at Microsoft.AspNetCore.Mvc.Infrastructure.ControllerActionInvoker.<InvokeInnerFilterAsync>g__Awaited|13_0(ControllerActionInvoker invoker, Task lastTask, State next, Scope scope, Object state, Boolean isCompleted)
   at Microsoft.AspNetCore.Mvc.Infrastructure.ResourceInvoker.<InvokeFilterPipelineAsync>g__Awaited|20_0(ResourceInvoker invoker, Task lastTask, State next, Scope scope, Object state, Boolean isCompleted)
   at Microsoft.AspNetCore.Mvc.Infrastructure.ResourceInvoker.<InvokeAsync>g__Awaited|17_0(ResourceInvoker invoker, Task task, IDisposable scope)
   at Microsoft.AspNetCore.Mvc.Infrastructure.ResourceInvoker.<InvokeAsync>g__Awaited|17_0(ResourceInvoker invoker, Task task, IDisposable scope)
   at Microsoft.AspNetCore.Authorization.AuthorizationMiddleware.Invoke(HttpContext context)
   at Microsoft.AspNetCore.Authentication.AuthenticationMiddleware.Invoke(HttpContext context)
   at Serilog.AspNetCore.RequestLoggingMiddleware.Invoke(HttpContext httpContext)
   at Swashbuckle.AspNetCore.SwaggerUI.SwaggerUIMiddleware.Invoke(HttpContext httpContext)
   at Swashbuckle.AspNetCore.Swagger.SwaggerMiddleware.Invoke(HttpContext httpContext, ISwaggerProvider swaggerProvider)
   at CoilManager.API.Middleware.GlobalExceptionMiddleware.InvokeAsync(HttpContext context) in C:\VISHAL\Codes\CoilManager\src\CoilManager.API\Middleware\GlobalExceptionMiddleware.cs:line 27
ClientConnectionId:32a45417-e162-400b-a8e4-25ee6e629d83
Error Number:208,State:1,Class:16
[23:43:43 INF] HTTP GET /api/customers responded 401 in 0.1517 ms
[23:43:43 INF] HTTP GET /api/sales-orders responded 401 in 0.1174 ms
[23:46:53 INF] HTTP OPTIONS /api/sales-orders responded 204 in 0.0442 ms
[23:46:53 INF] Executed DbCommand (1ms) [Parameters=[], CommandType='Text', CommandTimeout='30']
SELECT COUNT(*)
FROM [sales].[SalesOrders] AS [s]
[23:46:53 INF] Executed DbCommand (3ms) [Parameters=[@__p_0='?' (DbType = Int32), @__p_1='?' (DbType = Int32)], CommandType='Text', CommandTimeout='30']
SELECT [t].[Id], [t].[BillingAddress], [t].[CancellationReason], [t].[CancelledBy], [t].[CancelledOn], [t].[ConfirmedBy], [t].[ConfirmedOn], [t].[ContactEmail], [t].[ContactPerson], [t].[ContactPhone], [t].[CreatedAtUtc], [t].[CreatedBy], [t].[Currency], [t].[CustomerCode], [t].[CustomerId], [t].[CustomerName], [t].[CustomerPODate], [t].[CustomerPONumber], [t].[CustomerRemarks], [t].[InternalRemarks], [t].[OrderDate], [t].[PaymentTerms], [t].[Priority], [t].[RequiredDeliveryDate], [t].[RowVersion], [t].[SalesOrderNumber], [t].[ShippingAddress], [t].[Status], [t].[TaxAmount], [t].[UpdatedAtUtc], [t].[UpdatedBy], [s0].[Id], [s0].[Category], [s0].[CoreLossPerKg], [s0].[CreatedOn], [s0].[CustomerItemReference], [s0].[Description], [s0].[DispatchedQuantity], [s0].[DrawingNumber], [s0].[DrawingRevision], [s0].[FulfilledQuantity], [s0].[GradeCode], [s0].[GradeId], [s0].[Length], [s0].[LineAmount], [s0].[LineNumber], [s0].[ModifiedOn], [s0].[OEMJobNumber], [s0].[OrderedQuantity], [s0].[ProductType], [s0].[QuantityUnit], [s0].[ReadyQuantity], [s0].[Remarks], [s0].[RequiredDeliveryDate], [s0].[SalesOrderId], [s0].[Thickness], [s0].[TransformerRating], [s0].[UnitPrice], [s0].[Width], [s0].[WorkOrderStatus]
FROM (
    SELECT [s].[Id], [s].[BillingAddress], [s].[CancellationReason], [s].[CancelledBy], [s].[CancelledOn], [s].[ConfirmedBy], [s].[ConfirmedOn], [s].[ContactEmail], [s].[ContactPerson], [s].[ContactPhone], [s].[CreatedAtUtc], [s].[CreatedBy], [s].[Currency], [s].[CustomerCode], [s].[CustomerId], [s].[CustomerName], [s].[CustomerPODate], [s].[CustomerPONumber], [s].[CustomerRemarks], [s].[InternalRemarks], [s].[OrderDate], [s].[PaymentTerms], [s].[Priority], [s].[RequiredDeliveryDate], [s].[RowVersion], [s].[SalesOrderNumber], [s].[ShippingAddress], [s].[Status], [s].[TaxAmount], [s].[UpdatedAtUtc], [s].[UpdatedBy]
    FROM [sales].[SalesOrders] AS [s]
    ORDER BY [s].[OrderDate] DESC, [s].[SalesOrderNumber] DESC
    OFFSET @__p_0 ROWS FETCH NEXT @__p_1 ROWS ONLY
) AS [t]
LEFT JOIN [sales].[SalesOrderLines] AS [s0] ON [t].[Id] = [s0].[SalesOrderId]
ORDER BY [t].[OrderDate] DESC, [t].[SalesOrderNumber] DESC, [t].[Id]
[23:46:53 INF] HTTP GET /api/sales-orders responded 200 in 8.0569 ms
[23:47:48 INF] HTTP OPTIONS /api/customers responded 204 in 0.0294 ms
[23:47:48 INF] HTTP OPTIONS /api/lookups/grades responded 204 in 0.0230 ms
[23:47:48 INF] HTTP OPTIONS /api/sales-orders/next-number responded 204 in 0.0210 ms
[23:47:48 INF] Executed DbCommand (2ms) [Parameters=[@__isActive_0='?' (DbType = Boolean)], CommandType='Text', CommandTimeout='30']
SELECT COUNT(*)
FROM [sales].[Customers] AS [c]
WHERE [c].[IsActive] = @__isActive_0
[23:47:48 INF] Executed DbCommand (4ms) [Parameters=[@__prefix_0_startswith='?' (Size = 30)], CommandType='Text', CommandTimeout='30']
SELECT TOP(1) [s].[SalesOrderNumber]
FROM [sales].[SalesOrders] AS [s]
WHERE [s].[SalesOrderNumber] LIKE @__prefix_0_startswith ESCAPE N'\'
ORDER BY [s].[SalesOrderNumber] DESC
[23:47:48 INF] HTTP GET /api/sales-orders/next-number responded 200 in 7.1539 ms
[23:47:48 INF] Executed DbCommand (4ms) [Parameters=[@__isActive_0='?' (DbType = Boolean), @__p_1='?' (DbType = Int32), @__p_2='?' (DbType = Int32)], CommandType='Text', CommandTimeout='30']
SELECT [c].[Id], [c].[BillingAddress], [c].[City], [c].[ContactPerson], [c].[Country], [c].[CreatedAtUtc], [c].[CreatedBy], [c].[CreditDays], [c].[CustomerCode], [c].[CustomerName], [c].[Email], [c].[GSTNumber], [c].[IsActive], [c].[PAN], [c].[PaymentTerms], [c].[Phone], [c].[PostalCode], [c].[Remarks], [c].[RowVersion], [c].[ShippingAddress], [c].[ShortName], [c].[State], [c].[UpdatedAtUtc], [c].[UpdatedBy]
FROM [sales].[Customers] AS [c]
WHERE [c].[IsActive] = @__isActive_0
ORDER BY [c].[CustomerCode]
OFFSET @__p_1 ROWS FETCH NEXT @__p_2 ROWS ONLY
[23:47:48 INF] Executed DbCommand (4ms) [Parameters=[], CommandType='Text', CommandTimeout='30']
SELECT [g].[Id], [g].[Code], [g].[Name], [g].[ThicknessMm], [g].[Category], [g].[CoreLossPerKg]
FROM [app].[Grades] AS [g]
WHERE [g].[IsActive] = CAST(1 AS bit)
ORDER BY [g].[Code]
[23:47:48 INF] HTTP GET /api/customers responded 200 in 14.8231 ms
[23:47:48 INF] HTTP GET /api/lookups/grades responded 200 in 13.7712 ms
[23:49:25 INF] HTTP OPTIONS /api/customers responded 204 in 0.0410 ms
[23:49:25 INF] Executed DbCommand (2ms) [Parameters=[], CommandType='Text', CommandTimeout='30']
SELECT COUNT(*)
FROM [sales].[Customers] AS [c]
[23:49:25 INF] Executed DbCommand (2ms) [Parameters=[@__p_0='?' (DbType = Int32), @__p_1='?' (DbType = Int32)], CommandType='Text', CommandTimeout='30']
SELECT [c].[Id], [c].[BillingAddress], [c].[City], [c].[ContactPerson], [c].[Country], [c].[CreatedAtUtc], [c].[CreatedBy], [c].[CreditDays], [c].[CustomerCode], [c].[CustomerName], [c].[Email], [c].[GSTNumber], [c].[IsActive], [c].[PAN], [c].[PaymentTerms], [c].[Phone], [c].[PostalCode], [c].[Remarks], [c].[RowVersion], [c].[ShippingAddress], [c].[ShortName], [c].[State], [c].[UpdatedAtUtc], [c].[UpdatedBy]
FROM [sales].[Customers] AS [c]
ORDER BY [c].[CustomerCode]
OFFSET @__p_0 ROWS FETCH NEXT @__p_1 ROWS ONLY
[23:49:25 INF] HTTP GET /api/customers responded 200 in 14.4731 ms
[23:49:27 INF] HTTP OPTIONS /api/customers/next-code responded 204 in 0.0348 ms
[23:49:27 INF] Executed DbCommand (3ms) [Parameters=[], CommandType='Text', CommandTimeout='30']
SELECT TOP(1) [c].[CustomerCode]
FROM [sales].[Customers] AS [c]
ORDER BY [c].[CustomerCode] DESC
[23:49:27 INF] HTTP GET /api/customers/next-code responded 200 in 14.7534 ms
[23:50:39 INF] HTTP OPTIONS /api/customers responded 204 in 0.0811 ms
[23:50:39 INF] Executed DbCommand (1ms) [Parameters=[], CommandType='Text', CommandTimeout='30']
SELECT TOP(1) [c].[CustomerCode]
FROM [sales].[Customers] AS [c]
ORDER BY [c].[CustomerCode] DESC
[23:50:39 INF] Executed DbCommand (6ms) [Parameters=[@p0='?' (DbType = Guid), @p1='?' (Size = 1000), @p2='?' (Size = 100), @p3='?' (Size = 160), @p4='?' (Size = 100), @p5='?' (DbType = DateTimeOffset), @p6='?' (Size = 4000), @p7='?' (DbType = Int32), @p8='?' (Size = 20), @p9='?' (Size = 200), @p10='?' (Size = 254), @p11='?' (Size = 30), @p12='?' (DbType = Boolean), @p13='?' (Size = 20), @p14='?' (Size = 250), @p15='?' (Size = 40), @p16='?' (Size = 20), @p17='?' (Size = 2000), @p18='?' (Size = 1000), @p19='?' (Size = 80), @p20='?' (Size = 100), @p21='?' (DbType = DateTimeOffset), @p22='?' (Size = 4000)], CommandType='Text', CommandTimeout='30']
SET IMPLICIT_TRANSACTIONS OFF;
SET NOCOUNT ON;
INSERT INTO [sales].[Customers] ([Id], [BillingAddress], [City], [ContactPerson], [Country], [CreatedAtUtc], [CreatedBy], [CreditDays], [CustomerCode], [CustomerName], [Email], [GSTNumber], [IsActive], [PAN], [PaymentTerms], [Phone], [PostalCode], [Remarks], [ShippingAddress], [ShortName], [State], [UpdatedAtUtc], [UpdatedBy])
OUTPUT INSERTED.[RowVersion]
VALUES (@p0, @p1, @p2, @p3, @p4, @p5, @p6, @p7, @p8, @p9, @p10, @p11, @p12, @p13, @p14, @p15, @p16, @p17, @p18, @p19, @p20, @p21, @p22);
[23:50:39 INF] HTTP POST /api/customers responded 201 in 75.4194 ms
[23:50:39 INF] HTTP OPTIONS /api/customers responded 204 in 0.0255 ms
[23:50:39 INF] Executed DbCommand (1ms) [Parameters=[], CommandType='Text', CommandTimeout='30']
SELECT COUNT(*)
FROM [sales].[Customers] AS [c]
[23:50:39 INF] Executed DbCommand (5ms) [Parameters=[@__p_0='?' (DbType = Int32), @__p_1='?' (DbType = Int32)], CommandType='Text', CommandTimeout='30']
SELECT [c].[Id], [c].[BillingAddress], [c].[City], [c].[ContactPerson], [c].[Country], [c].[CreatedAtUtc], [c].[CreatedBy], [c].[CreditDays], [c].[CustomerCode], [c].[CustomerName], [c].[Email], [c].[GSTNumber], [c].[IsActive], [c].[PAN], [c].[PaymentTerms], [c].[Phone], [c].[PostalCode], [c].[Remarks], [c].[RowVersion], [c].[ShippingAddress], [c].[ShortName], [c].[State], [c].[UpdatedAtUtc], [c].[UpdatedBy]
FROM [sales].[Customers] AS [c]
ORDER BY [c].[CustomerCode]
OFFSET @__p_0 ROWS FETCH NEXT @__p_1 ROWS ONLY
[23:50:39 INF] HTTP GET /api/customers responded 200 in 9.5966 ms
[23:50:42 INF] HTTP OPTIONS /api/sales-orders responded 204 in 0.0359 ms
[23:50:42 INF] Executed DbCommand (1ms) [Parameters=[], CommandType='Text', CommandTimeout='30']
SELECT COUNT(*)
FROM [sales].[SalesOrders] AS [s]
[23:50:42 INF] Executed DbCommand (1ms) [Parameters=[@__p_0='?' (DbType = Int32), @__p_1='?' (DbType = Int32)], CommandType='Text', CommandTimeout='30']
SELECT [t].[Id], [t].[BillingAddress], [t].[CancellationReason], [t].[CancelledBy], [t].[CancelledOn], [t].[ConfirmedBy], [t].[ConfirmedOn], [t].[ContactEmail], [t].[ContactPerson], [t].[ContactPhone], [t].[CreatedAtUtc], [t].[CreatedBy], [t].[Currency], [t].[CustomerCode], [t].[CustomerId], [t].[CustomerName], [t].[CustomerPODate], [t].[CustomerPONumber], [t].[CustomerRemarks], [t].[InternalRemarks], [t].[OrderDate], [t].[PaymentTerms], [t].[Priority], [t].[RequiredDeliveryDate], [t].[RowVersion], [t].[SalesOrderNumber], [t].[ShippingAddress], [t].[Status], [t].[TaxAmount], [t].[UpdatedAtUtc], [t].[UpdatedBy], [s0].[Id], [s0].[Category], [s0].[CoreLossPerKg], [s0].[CreatedOn], [s0].[CustomerItemReference], [s0].[Description], [s0].[DispatchedQuantity], [s0].[DrawingNumber], [s0].[DrawingRevision], [s0].[FulfilledQuantity], [s0].[GradeCode], [s0].[GradeId], [s0].[Length], [s0].[LineAmount], [s0].[LineNumber], [s0].[ModifiedOn], [s0].[OEMJobNumber], [s0].[OrderedQuantity], [s0].[ProductType], [s0].[QuantityUnit], [s0].[ReadyQuantity], [s0].[Remarks], [s0].[RequiredDeliveryDate], [s0].[SalesOrderId], [s0].[Thickness], [s0].[TransformerRating], [s0].[UnitPrice], [s0].[Width], [s0].[WorkOrderStatus]
FROM (
    SELECT [s].[Id], [s].[BillingAddress], [s].[CancellationReason], [s].[CancelledBy], [s].[CancelledOn], [s].[ConfirmedBy], [s].[ConfirmedOn], [s].[ContactEmail], [s].[ContactPerson], [s].[ContactPhone], [s].[CreatedAtUtc], [s].[CreatedBy], [s].[Currency], [s].[CustomerCode], [s].[CustomerId], [s].[CustomerName], [s].[CustomerPODate], [s].[CustomerPONumber], [s].[CustomerRemarks], [s].[InternalRemarks], [s].[OrderDate], [s].[PaymentTerms], [s].[Priority], [s].[RequiredDeliveryDate], [s].[RowVersion], [s].[SalesOrderNumber], [s].[ShippingAddress], [s].[Status], [s].[TaxAmount], [s].[UpdatedAtUtc], [s].[UpdatedBy]
    FROM [sales].[SalesOrders] AS [s]
    ORDER BY [s].[OrderDate] DESC, [s].[SalesOrderNumber] DESC
    OFFSET @__p_0 ROWS FETCH NEXT @__p_1 ROWS ONLY
) AS [t]
LEFT JOIN [sales].[SalesOrderLines] AS [s0] ON [t].[Id] = [s0].[SalesOrderId]
ORDER BY [t].[OrderDate] DESC, [t].[SalesOrderNumber] DESC, [t].[Id]
[23:50:42 INF] HTTP GET /api/sales-orders responded 200 in 7.2265 ms
[23:50:43 INF] HTTP OPTIONS /api/customers responded 204 in 0.0343 ms
[23:50:43 INF] HTTP OPTIONS /api/lookups/grades responded 204 in 0.0227 ms
[23:50:43 INF] HTTP OPTIONS /api/sales-orders/next-number responded 204 in 0.0276 ms
[23:50:43 INF] Executed DbCommand (1ms) [Parameters=[@__isActive_0='?' (DbType = Boolean)], CommandType='Text', CommandTimeout='30']
SELECT COUNT(*)
FROM [sales].[Customers] AS [c]
WHERE [c].[IsActive] = @__isActive_0
[23:50:43 INF] Executed DbCommand (1ms) [Parameters=[@__prefix_0_startswith='?' (Size = 30)], CommandType='Text', CommandTimeout='30']
SELECT TOP(1) [s].[SalesOrderNumber]
FROM [sales].[SalesOrders] AS [s]
WHERE [s].[SalesOrderNumber] LIKE @__prefix_0_startswith ESCAPE N'\'
ORDER BY [s].[SalesOrderNumber] DESC
[23:50:43 INF] HTTP GET /api/sales-orders/next-number responded 200 in 3.0640 ms
[23:50:43 INF] Executed DbCommand (0ms) [Parameters=[], CommandType='Text', CommandTimeout='30']
SELECT [g].[Id], [g].[Code], [g].[Name], [g].[ThicknessMm], [g].[Category], [g].[CoreLossPerKg]
FROM [app].[Grades] AS [g]
WHERE [g].[IsActive] = CAST(1 AS bit)
ORDER BY [g].[Code]
[23:50:43 INF] Executed DbCommand (8ms) [Parameters=[@__isActive_0='?' (DbType = Boolean), @__p_1='?' (DbType = Int32), @__p_2='?' (DbType = Int32)], CommandType='Text', CommandTimeout='30']
SELECT [c].[Id], [c].[BillingAddress], [c].[City], [c].[ContactPerson], [c].[Country], [c].[CreatedAtUtc], [c].[CreatedBy], [c].[CreditDays], [c].[CustomerCode], [c].[CustomerName], [c].[Email], [c].[GSTNumber], [c].[IsActive], [c].[PAN], [c].[PaymentTerms], [c].[Phone], [c].[PostalCode], [c].[Remarks], [c].[RowVersion], [c].[ShippingAddress], [c].[ShortName], [c].[State], [c].[UpdatedAtUtc], [c].[UpdatedBy]
FROM [sales].[Customers] AS [c]
WHERE [c].[IsActive] = @__isActive_0
ORDER BY [c].[CustomerCode]
OFFSET @__p_1 ROWS FETCH NEXT @__p_2 ROWS ONLY
[23:50:43 INF] HTTP GET /api/lookups/grades responded 200 in 9.6407 ms
[23:50:43 INF] HTTP GET /api/customers responded 200 in 14.5795 ms
[23:52:39 INF] HTTP OPTIONS /api/sales-orders responded 204 in 0.0442 ms
[23:52:39 INF] Executed DbCommand (3ms) [Parameters=[@__r_CustomerId_0='?' (DbType = Guid)], CommandType='Text', CommandTimeout='30']
SELECT TOP(1) [c].[Id], [c].[BillingAddress], [c].[City], [c].[ContactPerson], [c].[Country], [c].[CreatedAtUtc], [c].[CreatedBy], [c].[CreditDays], [c].[CustomerCode], [c].[CustomerName], [c].[Email], [c].[GSTNumber], [c].[IsActive], [c].[PAN], [c].[PaymentTerms], [c].[Phone], [c].[PostalCode], [c].[Remarks], [c].[RowVersion], [c].[ShippingAddress], [c].[ShortName], [c].[State], [c].[UpdatedAtUtc], [c].[UpdatedBy]
FROM [sales].[Customers] AS [c]
WHERE [c].[Id] = @__r_CustomerId_0
[23:52:39 INF] Executed DbCommand (2ms) [Parameters=[@__r_GradeId_0='?' (DbType = Guid)], CommandType='Text', CommandTimeout='30']
SELECT TOP(1) [g].[Id], [g].[Category], [g].[Code], [g].[CoreLossPerKg], [g].[CreatedAtUtc], [g].[CreatedBy], [g].[Description], [g].[IsActive], [g].[Name], [g].[RowVersion], [g].[ThicknessMm], [g].[UpdatedAtUtc], [g].[UpdatedBy]
FROM [app].[Grades] AS [g]
WHERE [g].[Id] = @__r_GradeId_0 AND [g].[IsActive] = CAST(1 AS bit)
[23:52:39 INF] Executed DbCommand (1ms) [Parameters=[@__r_GradeId_0='?' (DbType = Guid)], CommandType='Text', CommandTimeout='30']
SELECT TOP(1) [g].[Id], [g].[Category], [g].[Code], [g].[CoreLossPerKg], [g].[CreatedAtUtc], [g].[CreatedBy], [g].[Description], [g].[IsActive], [g].[Name], [g].[RowVersion], [g].[ThicknessMm], [g].[UpdatedAtUtc], [g].[UpdatedBy]
FROM [app].[Grades] AS [g]
WHERE [g].[Id] = @__r_GradeId_0 AND [g].[IsActive] = CAST(1 AS bit)
[23:52:39 INF] Executed DbCommand (1ms) [Parameters=[@__r_GradeId_0='?' (DbType = Guid)], CommandType='Text', CommandTimeout='30']
SELECT TOP(1) [g].[Id], [g].[Category], [g].[Code], [g].[CoreLossPerKg], [g].[CreatedAtUtc], [g].[CreatedBy], [g].[Description], [g].[IsActive], [g].[Name], [g].[RowVersion], [g].[ThicknessMm], [g].[UpdatedAtUtc], [g].[UpdatedBy]
FROM [app].[Grades] AS [g]
WHERE [g].[Id] = @__r_GradeId_0 AND [g].[IsActive] = CAST(1 AS bit)
[23:52:39 INF] Executed DbCommand (1ms) [Parameters=[@__prefix_0_startswith='?' (Size = 30)], CommandType='Text', CommandTimeout='30']
SELECT TOP(1) [s].[SalesOrderNumber]
FROM [sales].[SalesOrders] AS [s]
WHERE [s].[SalesOrderNumber] LIKE @__prefix_0_startswith ESCAPE N'\'
ORDER BY [s].[SalesOrderNumber] DESC
[23:52:39 INF] Executed DbCommand (14ms) [Parameters=[@p0='?' (DbType = Guid), @p1='?' (Size = 1000), @p2='?' (Size = 4000), @p3='?' (Size = 4000), @p4='?' (DbType = DateTimeOffset), @p5='?' (Size = 4000), @p6='?' (DbType = DateTimeOffset), @p7='?' (Size = 4000), @p8='?' (Size = 4000), @p9='?' (Size = 4000), @p10='?' (DbType = DateTimeOffset), @p11='?' (Size = 4000), @p12='?' (Size = 3), @p13='?' (Size = 20), @p14='?' (DbType = Guid), @p15='?' (Size = 200), @p16='?' (DbType = Date), @p17='?' (Size = 100), @p18='?' (Size = 4000), @p19='?' (Size = 4000), @p20='?' (DbType = Date), @p21='?' (Size = 250), @p22='?' (Size = 20), @p23='?' (DbType = Date), @p24='?' (Size = 30), @p25='?' (Size = 1000), @p26='?' (Size = 30), @p27='?' (Precision = 18) (Scale = 2) (DbType = Decimal), @p28='?' (DbType = DateTimeOffset), @p29='?' (Size = 4000), @p30='?' (DbType = Guid), @p31='?' (Size = 4000), @p32='?' (Precision = 18) (Scale = 4) (DbType = Decimal), @p33='?' (DbType = DateTimeOffset), @p34='?' (Size = 4000), @p35='?' (Size = 500), @p36='?' (Precision = 18) (Scale = 3) (DbType = Decimal), @p37='?' (Size = 4000), @p38='?' (Size = 4000), @p39='?' (Precision = 18) (Scale = 3) (DbType = Decimal), @p40='?' (Size = 4000), @p41='?' (DbType = Guid), @p42='?' (Precision = 18) (Scale = 3) (DbType = Decimal), @p43='?' (Precision = 18) (Scale = 2) (DbType = Decimal), @p44='?' (DbType = Int32), @p45='?' (DbType = DateTimeOffset), @p46='?' (Size = 4000), @p47='?' (Precision = 18) (Scale = 3) (DbType = Decimal), @p48='?' (Size = 30), @p49='?' (Size = 20), @p50='?' (Precision = 18) (Scale = 3) (DbType = Decimal), @p51='?' (Size = 4000), @p52='?' (DbType = Date), @p53='?' (DbType = Guid), @p54='?' (Precision = 18) (Scale = 3) (DbType = Decimal), @p55='?' (Size = 4000), @p56='?' (Precision = 18) (Scale = 2) (DbType = Decimal), @p57='?' (Precision = 18) (Scale = 3) (DbType = Decimal), @p58='?' (Size = 4000), @p59='?' (DbType = Guid), @p60='?' (Size = 4000), @p61='?' (Precision = 18) (Scale = 4) (DbType = Decimal), @p62='?' (DbType = DateTimeOffset), @p63='?' (Size = 4000), @p64='?' (Size = 500), @p65='?' (Precision = 18) (Scale = 3) (DbType = Decimal), @p66='?' (Size = 4000), @p67='?' (Size = 4000), @p68='?' (Precision = 18) (Scale = 3) (DbType = Decimal), @p69='?' (Size = 4000), @p70='?' (DbType = Guid), @p71='?' (Precision = 18) (Scale = 3) (DbType = Decimal), @p72='?' (Precision = 18) (Scale = 2) (DbType = Decimal), @p73='?' (DbType = Int32), @p74='?' (DbType = DateTimeOffset), @p75='?' (Size = 4000), @p76='?' (Precision = 18) (Scale = 3) (DbType = Decimal), @p77='?' (Size = 30), @p78='?' (Size = 20), @p79='?' (Precision = 18) (Scale = 3) (DbType = Decimal), @p80='?' (Size = 4000), @p81='?' (DbType = Date), @p82='?' (DbType = Guid), @p83='?' (Precision = 18) (Scale = 3) (DbType = Decimal), @p84='?' (Size = 4000), @p85='?' (Precision = 18) (Scale = 2) (DbType = Decimal), @p86='?' (Precision = 18) (Scale = 3) (DbType = Decimal), @p87='?' (Size = 4000), @p88='?' (DbType = Guid), @p89='?' (Size = 4000), @p90='?' (Precision = 18) (Scale = 4) (DbType = Decimal), @p91='?' (DbType = DateTimeOffset), @p92='?' (Size = 4000), @p93='?' (Size = 500), @p94='?' (Precision = 18) (Scale = 3) (DbType = Decimal), @p95='?' (Size = 4000), @p96='?' (Size = 4000), @p97='?' (Precision = 18) (Scale = 3) (DbType = Decimal), @p98='?' (Size = 4000), @p99='?' (DbType = Guid), @p100='?' (Precision = 18) (Scale = 3) (DbType = Decimal), @p101='?' (Precision = 18) (Scale = 2) (DbType = Decimal), @p102='?' (DbType = Int32), @p103='?' (DbType = DateTimeOffset), @p104='?' (Size = 4000), @p105='?' (Precision = 18) (Scale = 3) (DbType = Decimal), @p106='?' (Size = 30), @p107='?' (Size = 20), @p108='?' (Precision = 18) (Scale = 3) (DbType = Decimal), @p109='?' (Size = 4000), @p110='?' (DbType = Date), @p111='?' (DbType = Guid), @p112='?' (Precision = 18) (Scale = 3) (DbType = Decimal), @p113='?' (Size = 4000), @p114='?' (Precision = 18) (Scale = 2) (DbType = Decimal), @p115='?' (Precision = 18) (Scale = 3) (DbType = Decimal), @p116='?' (Size = 4000)], CommandType='Text', CommandTimeout='30']
SET NOCOUNT ON;
INSERT INTO [sales].[SalesOrders] ([Id], [BillingAddress], [CancellationReason], [CancelledBy], [CancelledOn], [ConfirmedBy], [ConfirmedOn], [ContactEmail], [ContactPerson], [ContactPhone], [CreatedAtUtc], [CreatedBy], [Currency], [CustomerCode], [CustomerId], [CustomerName], [CustomerPODate], [CustomerPONumber], [CustomerRemarks], [InternalRemarks], [OrderDate], [PaymentTerms], [Priority], [RequiredDeliveryDate], [SalesOrderNumber], [ShippingAddress], [Status], [TaxAmount], [UpdatedAtUtc], [UpdatedBy])
OUTPUT INSERTED.[RowVersion]
VALUES (@p0, @p1, @p2, @p3, @p4, @p5, @p6, @p7, @p8, @p9, @p10, @p11, @p12, @p13, @p14, @p15, @p16, @p17, @p18, @p19, @p20, @p21, @p22, @p23, @p24, @p25, @p26, @p27, @p28, @p29);
INSERT INTO [sales].[SalesOrderLines] ([Id], [Category], [CoreLossPerKg], [CreatedOn], [CustomerItemReference], [Description], [DispatchedQuantity], [DrawingNumber], [DrawingRevision], [FulfilledQuantity], [GradeCode], [GradeId], [Length], [LineAmount], [LineNumber], [ModifiedOn], [OEMJobNumber], [OrderedQuantity], [ProductType], [QuantityUnit], [ReadyQuantity], [Remarks], [RequiredDeliveryDate], [SalesOrderId], [Thickness], [TransformerRating], [UnitPrice], [Width], [WorkOrderStatus])
VALUES (@p30, @p31, @p32, @p33, @p34, @p35, @p36, @p37, @p38, @p39, @p40, @p41, @p42, @p43, @p44, @p45, @p46, @p47, @p48, @p49, @p50, @p51, @p52, @p53, @p54, @p55, @p56, @p57, @p58),
(@p59, @p60, @p61, @p62, @p63, @p64, @p65, @p66, @p67, @p68, @p69, @p70, @p71, @p72, @p73, @p74, @p75, @p76, @p77, @p78, @p79, @p80, @p81, @p82, @p83, @p84, @p85, @p86, @p87),
(@p88, @p89, @p90, @p91, @p92, @p93, @p94, @p95, @p96, @p97, @p98, @p99, @p100, @p101, @p102, @p103, @p104, @p105, @p106, @p107, @p108, @p109, @p110, @p111, @p112, @p113, @p114, @p115, @p116);
[23:52:39 INF] HTTP POST /api/sales-orders responded 201 in 59.6362 ms
[23:52:39 INF] HTTP OPTIONS /api/sales-orders/e4a800dd-8262-41e4-84ec-b586c7d7f65d/lines/7a49d562-8c67-4740-b657-0f6146c16c1c/drawing responded 204 in 0.0212 ms
[23:52:39 INF] HTTP POST /api/sales-orders/e4a800dd-8262-41e4-84ec-b586c7d7f65d/lines/7a49d562-8c67-4740-b657-0f6146c16c1c/drawing responded 404 in 0.3151 ms
